dsh: reasoning:
Let me start by exploring the environment to understand the scaffold and existing work.

Let me check the worktree directory, look at the scaffold options, and understand the Lean project structure.
dsh: reasoning:
The worktree is empty. Let me scaffold from D7-divergence-ibp. Let me first inspect what's there, then copy.

Note the worktree path in the task says `/data/home/guoshaoyang/...` but the actual current directory is `/data3/guoshaoyang/...`. Let's use the actual pwd.

Let me look at the scaffold structure, especially `release/` and existing D7 tasks to match conventions. Let me also check the D7-divergence-ibp results file for the format.
dsh: reasoning:
The scaffold `D7-divergence-ibp` is present. Let me copy it as instructed: `cp -al ../D7-divergence-ibp/. .` (hard-link copy). Note that `.lake` is a symlink to `release/.lake`. Hard-link copying with `-al` copies symlinks as symlinks (with `-a`, symlinks preserved). Good.

Wait — but the task says "add files only under `Poincare/D7/ConjugateHeat/`". So the authored files go under `release/Poincare/D7/ConjugateHeat/`? The scaffold has `release/Poincare/D7/...`. Hmm, but the compile gate runs `lake env lean <file>` with the worktree root as cwd. The lakefile at root re-exposes the prebuilt package tree. Let's check what `lake env lean release/Poincare/D7/Divergence/Basic.lean` does, and whether there's a root-level `Poincare` dir. The worktree root has `release/` containing the Lake package. The root lakefile.toml has `packagesDir = ".lake/packages"` and requires mathlib. So `lake env lean` from root will use root toolchain and mathlib from `.lake/packages` (which is a symlink? `.lake -> release/.lake` in D7-divergence-ibp). Wait, D7-divergence-ibp has `.lake -> release/.lake` symlink at root. So `packagesDir = ".lake/packages"` resolves to `release/.lake/packages`.

Let me check the existing D7-divergence-ibp results file and how other D7 tasks organized their files. The instruction "add files only under `Poincare/D7/ConjugateHeat/`" likely means relative to `release/`. Let me check what other worktrees did, e.g., D7-bochner-formula is empty (created same time). Let's look at D7-hamilton-short-time or D7-ricci-scalar-curvature for conventions.

Let me first scaffold, then inspect. Actually, `cp -al` creates hard links. Editing hard-linked files would modify the source scaffold too. But since we only add new files under a new directory, that's fine. However, the scaffold may have modifications from the D7-divergence-ibp task (e.g., D7/Divergence files). We copy the whole thing as instructed.

Let me run the scaffold copy now.
dsh: reasoning:
The hard-link copy fails across devices (the worktree is on a different filesystem than the scaffold). The instructions say to use `cp -al` if present. It's not working due to cross-device link. I need an alternative: `cp -r` (regular copy) but that will copy the huge `.lake` build tree and packages. Hmm. Actually the scaffold uses a symlink `.lake -> release/.lake`. Let me check whether the worktree partially copied files. Let me see what's there now.

Better approach: create symlinks for the heavy directories (`.lake`, `release/.lake/packages`, `release/.lake/build`) pointing to the scaffold's, and copy the small source files normally. But wait, the sandbox is workspace-write and symlinks to outside the workspace... reading is fine.

Actually, first check what's in the worktree now after the partial copy. `cp -al` may have copied many small files successfully? No — cross-device link means ALL hard links failed, so probably nothing was copied except directories created. Let me check.

Actually, `cp -a` with `-l`: when link fails, cp reports error and continues; it doesn't fall back to copying. So directories were created but files failed. Let me inspect.

Then approach: `cp -r --no-clobber`? Better: use `cp -a --reflink=auto`? Different device means reflink likely unsupported.

Alternative: copy the small stuff with `cp -r` excluding `.lake` and `release/.lake`, then symlink `.lake` to the source's `.lake` (absolute symlink) or recreate `.lake -> release/.lake` and symlink `release/.lake` to source's `release/.lake`. But careful: `.lake` at root is a relative symlink to `release/.lake`. If we symlink `release/.lake` to the source's `.lake` directory, then root `.lake` resolves through it. That's fine for reading packages and build artifacts.

But when compiling new files under `release/Poincare/D7/ConjugateHeat/`, `lake env lean` from root will write build artifacts into `.lake/build` which resolves to the source scaffold's `.lake/build` — that would write outside the workspace (and cross-device concerns don't apply to writes; but it would pollute the sibling worktree). Also, hard-linking the packages saves a lot of time/disk.

Wait: does `lake env lean <file>` write to `.lake/build`? `lake env lean` just sets LEAN_PATH and runs the `lean` binary; it doesn't build artifacts unless we run `lake build`. The task says compile every authored file with `lake env lean` (exit 0). That writes `.olean`? No — `lean` alone doesn't produce `.olean` unless `-o` is given? Actually `lean file.lean` by default does not write olean files; `lake build` does. Let me verify: `lean` compiles and checks; it emits `.olean` only with `-o` or when using `lake build`. Actually, I recall `lean Foo.lean` does produce `Foo.olean` in the same directory? No. Lean 4's `lean` command does not emit oleans by default (it did in Lean 3?). Hmm, in Lean 4, `lean Foo.lean` will produce `Foo.olean` in the current directory? Let me check by running on an existing file and seeing if any new files appear. Actually I believe `lean` writes `.olean` next to the source only when `-o` specified... Let me just test.

Actually, I recall that `lean Foo.lean` does create `Foo.olean` (and `.ilean`?) in the same directory as the source. Hmm, no. In Lean 4, running `lean test.lean` produces no output files unless `-o`. But `lake env lean` might set `-o`? No.

Let me check the existing logs to see how they compile. Look at `longrun/d7-logs-repair/release_Poincare_D7_Divergence_Basic.lean.log`. But first, let me figure out the copy.

Plan for scaffold:
1. Remove the partially created directories.
2. Use `cp -a` but exclude `.lake` directories: `tar` pipeline maybe. Simplest: `cp -a` with `--reflink=never` for everything except `.lake`:
   - `rsync -a --exclude '.lake' ../D7-divergence-ibp/ .` — is rsync available? Let me check.
   - Or: `find ../D7-divergence-ibp -path '*/.lake' -prune -o -print | cpio`... complicated.
   - Simpler: `cp -a` the whole tree except `.lake`: `cp -a ../D7-divergence-ibp/.lake ...` no.

Let me do:
```
mkdir -p release
cp -a ../D7-divergence-ibp/input ../D7-divergence-ibp/logs ... .  # small dirs
```
But there are many. Alternatively use `tar` with exclude:
```
tar -C ../D7-divergence-ibp --exclude='.lake' -cf - . | tar -C . -xf -
```
That copies all files except paths matching `.lake` (both `./.lake` and `./release/.lake`). Wait `--exclude='.lake'` matches any path component `.lake`, so `./release/.lake` is excluded too. 

Then create symlinks: `ln -s` for `.lake` → absolute path to scaffold's `.lake`? But `lake env` needs `.lake/packages` (mathlib). The root `.lake` symlink in scaffold points to `release/.lake`. If I copy `release` without `.lake`, then create `release/.lake` as a symlink to `../D7-divergence-ibp/release/.lake` (absolute or relative from release dir: `../../D7-divergence-ibp/release/.lake`). Then root `.lake` symlink (copied from scaffold as a symlink) points to `release/.lake` which resolves to scaffold's real `.lake`. Good.

But writing: if `lake env lean` writes to `.lake/build`, it would write to the scaffold's dir. Cross-device isn't an issue for writes (the scaffold dir is on another device but writing is writing; permissions: scaffold is owned by the same user `guoshaoyang` and group-writable, so writes succeed). But that would pollute the sibling. Better: copy the `.lake` build tree? It's huge maybe. Let's check size.

Actually, a cleaner approach: create a local `.lake` directory with symlinked subdirectories:
- `release/.lake/packages` -> scaffold's `release/.lake/packages` (read-only usage)
- `release/.lake/build` -> copy? or symlink?
- `release/.lake/manifest` etc.

Actually let me check the size of `release/.lake` and its structure.

Also note: the root `lakefile.toml` is a package named `D7RiemannCurvatureTensorRoot` requiring mathlib. The root package's own source dir? By default, `lake` looks for `.lean` files under the package root (or `srcDir`). The root has no `Poincare` dir; the release dir has the Lake package `release/lakefile.toml` which likely defines the lib with `srcDir = "."` or globs `Poincare`. The root lakefile requires mathlib only, so `lake env lean release/Poincare/...` just uses mathlib from `.lake/packages` plus the file's own imports. The imports like `Poincare.Basic` must resolve via LEAN_PATH — `lake env` adds the root package's build lib dir (`.lake/build/lib/lean`) to LEAN_PATH. Since root package has no libs built, how does `Poincare.Basic` resolve? The scaffold's `.lake/build/lib/lean` contains oleans for the release package? Hmm, the root `.lake` -> `release/.lake`, and `release/.lake/build/lib/lean` contains `Poincare/...olean` files from building the release package. So `lake env lean` from the root finds those oleans via `.lake/build/lib/lean`. That's the trick.

So we need `.lake/build/lib/lean` to contain the compiled oleans of the whole Poincare tree (or at least what we import). We could copy it (size?) or symlink it. Symlinking means our new file's oleans would be written to the scaffold if lean writes oleans. Let me test whether `lake env lean` writes oleans.

Actually, I remember now: Lean 4's `lean` CLI does produce `.olean` and `.ilean`? Let me test on a temp file in the workspace and observe. Actually, the `-o` option: "The output file name. Defaults to <input>.olean"? Hmm, I'm not sure. Let me just test.

Let me first clean up and check sizes. Let me look at what got created.
dsh: reasoning:
Interesting: the `cp -al` actually created directories and possibly some files? Let's see `find . -type f | wc -l`. The top-level dirs exist with same timestamps. The errors show hard links failed, but maybe small files were... no, all hard links across devices fail. But directories got created. And `.lake` is absent (hard link failed for the symlink too, since `-l` tries to hardlink symlinks? Actually `-a` implies `-d` so symlinks are copied as symlinks; but `-l` tries to hardlink... For symlinks, cp -l creates a hard link to the symlink itself, which fails cross-device).

Let me check if files exist under release/Poincare.
dsh: reasoning:
Nothing was copied. So the worktree is empty dirs only. The packages is a symlink to a shared location. Good.

Now, strategy: copy everything except `.lake` using tar, then symlink `release/.lake` to the scaffold's `.lake`? Or better: create a local `.lake` with symlinks to `packages` and copy/symlink `build`.

The concern: does `lake env lean <file>` write oleans? Let me test in the scaffold? Better not pollute. Let me test in a temp dir within workspace... Actually let me first set up the scaffold, then test compiling an existing file and see if new files appear in `release/.lake/build`.

Plan:
1. Copy scaffold excluding `.lake`:
```
tar -C ../D7-divergence-ibp --exclude='./.lake' --exclude='./release/.lake' -cf - . | tar -C . -xf -
```
This copies all regular files (including hardlinked source files as regular copies, cross-device fine).
2. Create `release/.lake` locally:
   - `mkdir -p release/.lake`
   - symlink `release/.lake/packages` -> `/data3/.../poincare-lab/.lake/packages` (or to scaffold's packages symlink; just copy the symlink: `ln -s $(readlink ../D7-divergence-ibp/release/.lake/packages) release/.lake/packages`).
   - symlink `release/.lake/build` -> scaffold's build? That writes into scaffold if lean writes. Alternatively copy build (385M, fine on 5.1T available). Copying 385M is cheap and avoids pollution. But 385M of small files... it's fine.
   - Also check what else is in `.lake`: `ls -la ../D7-divergence-ibp/release/.lake`.

Actually, wait. Maybe better to simply copy the entire `release/.lake/build` directory into the new worktree. But `lake env lean` might not need it at all if we import files by relative path? The imports in our new files will be like `import Poincare.Basic` or `import Poincare.D7.Divergence.Basic` etc. To resolve those, LEAN_PATH must include a directory containing `Poincare/Basic.olean`. `.lake/build/lib/lean` has that.

But maybe I can avoid importing prebuilt modules and just make my authored files self-contained (only importing Mathlib). Then I don't need the release oleans at all. But it's nice to reuse `Poincare.D7.Divergence` definitions. Task says "over a stated metric-flow interface" — I can define my own interface in ConjugateHeat, and optionally bridge to existing Divergence/RicciScalar. Importing existing modules is good for cohesion.

Let me check whether lean writes oleans. Test: create `/tmp` test? The sandbox allows some temp areas. Let me test in the workspace after copying a minimal file. Actually simpler: run `lake env lean` on a small existing scaffold file from within the scaffold dir and check mtimes. But that would pollute the scaffold (which is not in my workspace, but I can read; writing outside workspace may be denied by sandbox anyway). Let's test in the new worktree after copying.

Also check `.lake` contents.
dsh: reasoning:
Now let me set up the scaffold. I'll copy everything except `.lake` directories with tar, then set up local `.lake`:

- `release/.lake/packages` -> shared packages symlink (copy the symlink target).
- `release/.lake/build` -> I'll copy it (385M) to allow writing oleans locally without polluting scaffold. Actually let me check if lean writes oleans first. I can copy build now anyway; 385M is fine.

Actually, do I even need the `.lake/build` oleans? For importing `Poincare.Basic` etc. yes. Let me copy them.

Wait — there's a subtlety: `.olean.hash` files and `.trace` files. `lake env lean` sets LEAN_PATH to `.lake/build/lib/lean`; imports resolve there. If olean hashes don't match source, lean may complain? Only `lake build` checks hashes. Plain `lean` just loads oleans. Fine.

Also the root `lakefile.toml` has `packagesDir = ".lake/packages"` and requires mathlib. `lake env` will look for `.lake/packages/mathlib`? The manifest pins mathlib. Since packages symlink points to shared packages, fine. But does `lake env` require `lake-manifest.json` consistency? It might try to update/resolve packages if manifest is missing/inconsistent. The scaffold's root `lake-manifest.json` exists. The `.lake/packages` symlink has mathlib etc. `lake env` typically checks manifest and may say "packages are out of date" but still work? There's a risk it tries to fetch (no network?). Other tasks worked with this setup, so presumably fine.

Let me do the copy. Then test `lake env lean release/Poincare/Basic.lean` from root. Actually, existing logs show they ran from root: `release_Poincare_D7_Divergence_Basic.lean.log`. Let me look at one log to see the exact command and output.
dsh: reasoning:
The worktree is empty except dirs; the logs weren't copied (they're in the scaffold). Let me read from the scaffold directly.
dsh: reasoning:
The log file listing showed names but they may be empty/missing (the `ls` output was from a different dir? Actually earlier `ls -R ../D7-divergence-ibp/longrun` showed d7-logs-repair with those names. Let me re-check. The `ls` output listed `release_Poincare_D7_Divergence_Basic.lean.log`? Actually the listing I saw was for `d7-logs-repair` and included many names; but maybe those were from `d7-logs-repair` of another worktree. Let me just look at the actual results file and gate script from the scaffold to understand required deliverables.

Let me look at the existing results directory: `longrun/results/` in D7-divergence-ibp.
dsh: reasoning:
The prior task logs are there. Let me read the results md/json for D7-divergence-ibp to understand the deliverable format, and the gate script `gate_replication.py`.
dsh: reasoning:
Excellent. This gives me a clear template and also the fact that `cp -a` was the fallback (they did a full 372MB copy). The `cp -al` failed there too (same cross-device). I'll follow the same fallback: `cp -a ../D7-divergence-ibp/. .` — full copy including .lake (372 MB). That's acceptable and simplest, avoids symlink pitfalls. The earlier attempt created empty directories; `cp -a` will copy into them (with `cp -a src/. dst/`, existing dirs merge). Let me do that. It'll take a bit but fine.

Actually wait: `cp -a ../D7-divergence-ibp/. .` where `.` already has directories like `release` etc. cp will merge, fine. `.lake` symlink will be copied as a symlink (with -a). `release/.lake` will be copied as a real directory (372MB). That's the safest.

Let me run it in the background since it may take a while.

Then plan the Lean development.

Task requirements:
1. Define `ConjugateHeatData`: backward heat operator with scalar-curvature term, over a stated metric-flow interface.
2. Prove kernel-checked: formal adjointness of heat and conjugate-heat operators at the algebraic level under an explicit IBP certificate; a discrete conjugate-heat slab monotonicity toy.
3. State-only Prop for conjugate heat kernel existence with missing dependencies.
4. No sorry/axiom/unsafe/native_decide/proof_wanted.
5. Compile every authored file (`lake env lean`, exit 0), record `#print axioms`, write `longrun/results/D7-conjugate-heat-interface.md` + `.json`.

Files to author under `release/Poincare/D7/ConjugateHeat/` (plus umbrella `release/Poincare/D7/ConjugateHeat.lean`? The task says "add files only under `Poincare/D7/ConjugateHeat/`". Hmm. Strictly, that means only inside the directory. But the previous task also added the umbrella `Poincare/D7/Divergence.lean` outside the directory and reported it. To be safe: the instruction says "add files only under `Poincare/D7/ConjugateHeat/`". I'll add all files inside that directory, including maybe an umbrella `ConjugateHeat/All.lean` instead of `ConjugateHeat.lean` outside. Actually a top-level umbrella is conventional but violates "only under". I'll keep everything under `Poincare/D7/ConjugateHeat/`. That includes e.g. `ConjugateHeat/All.lean` as an umbrella if needed. Fine.

Let me design the mathematical content.

### Mathematical background

Conjugate heat equation in Ricci flow. Perelman's conjugate heat operator: for a metric evolving by Ricci flow ∂_t g = -2 Ric, the conjugate heat equation for u (or for the backward heat equation) is

∂_t u = -Δ u + R u  (Perelman's conjugate heat equation, backward in time)

Actually Perelman's conjugate heat equation: □* u = (-∂_t - Δ + R) u = 0, i.e. ∂_t u = -Δ u + R u where R is scalar curvature evolving under Ricci flow. The "heat operator" L = ∂_t - Δ, and its formal adjoint L* = -∂_t - Δ + R with respect to the measure e^{-f} dV or with respect to the spacetime integral ∫ u v dV dt under Ricci flow.

The formal adjointness: for a metric flow g(t) with ∂_t g = -2 Ric (or more generally ∂_t g = 2 h), and volume density dV_t, we have

d/dt ∫ u v dV_t = ∫ (∂_t u) v + u (∂_t v) + u v (tr_g h) dV

where tr_g h = (1/2) g^{ij} ∂_t g_{ij}. Under Ricci flow h = -Ric and tr = -R.

Heat operator H u = ∂_t u - Δ u. Conjugate heat operator H* v = -∂_t v - Δ v + R v (for Ricci flow). Then

∫_M (H u) v dV = ∫_M u (H* v) dV + boundary terms + ... let's verify with the sign conventions.

Compute d/dt ∫ u v = ∫ (∂_t u) v + u ∂_t v + u v ∂_t(log dV). Under Ricci flow, ∂_t dV = -R dV, so ∂_t log dV = -R.

So ∫ (∂_t u) v = d/dt ∫ u v - ∫ u ∂_t v + ∫ u v R.

Thus ∫ (∂_t u - Δ u) v = d/dt ∫ u v - ∫ u (∂_t v) + ∫ u v R - ∫ (Δ u) v.

And ∫ (Δ u) v = ∫ u (Δ v) + boundary terms (Green's identity). So

∫ (H u) v = d/dt ∫ u v - ∫ u (∂_t v + Δ v - R v) - boundary terms = d/dt ∫ u v - ∫ u (H* v) - boundary terms.

So the formal adjointness relation is:

∫_M (H u) v dV_t + ∫_M u (H* v) dV_t = d/dt ∫_M u v dV_t - boundary terms.

At the algebraic level, I want to define this in a way that is kernel-checkable without actual manifold integration. The clean approach: define an abstract "spacetime pairing" as a bilinear form B on functions, and define operators as endomorphisms of a function space, with a "metric-flow interface" providing the volume-weight functional and the IBP certificate. Then the formal adjointness becomes an algebraic identity in a vector space/dual space.

Concretely: Let V be a real vector space (module ℝ), B : V →ₗ[ℝ] V →ₗ[ℝ] a bilinear form (the L² pairing). Let H : V →ₗ V be the heat operator (forward), H* : V →ₗ V the conjugate heat operator. The IBP certificate states:

B (H u) v = B u (H* v) + boundary u v (with boundary term), or in the "divergence form" version, maybe:
B (H u) v + B u (H* v) = D (T u v) + ∂B u v...

Hmm. Let me think about how to make this genuinely meaningful and kernel-checkable, and not vacuous.

Better: A "metric-flow interface" over a finite type of "spacetime cells" or over an abstract index set. The task says "over a stated metric-flow interface". I'll define:

```lean
structure MetricFlowInterface (ι : Type*) [Fintype ι] where
  -- volume weights of the metric at the time slice
  vol : ι → ℝ
  vol_pos : ∀ i, 0 < vol i
  -- scalar curvature
  scalar : ι → ℝ
  -- metric variation trace (∂_t g, g) / 2
  traceVariation : ι → ℝ
  -- Ricci flow relation: traceVariation = -scalar
  ricci_flow : ∀ i, traceVariation i = - scalar i
  -- time derivative of the volume weight, from the first variation of volume
  volDeriv : ι → ℝ
  vol_deriv_eq : ∀ i, volDeriv i = -scalar i * vol i
```

Hmm, careful: ∂_t dV = tr(h) dV where h = ½ ∂_t g. Under Ricci flow ∂_t g = -2 Ric, tr_g(∂_t g)/2 = -R. So volDeriv = -R vol. Good.

Then the weighted pairing on functions u v : ι → ℝ is `⟨u, v⟩ = ∑ i, u i * v i * vol i`.

Define the heat operator and conjugate heat operator algebraically over an abstract "Laplacian" graph structure. Actually, to get formal adjointness at the algebraic level, I need the Laplacian to be self-adjoint w.r.t. the (fixed) pairing with weights. On a finite graph with edge weights, the graph Laplacian is self-adjoint with respect to the weighted L² inner product, and the discrete Green identity holds exactly. That's the perfect setup:

- A finite graph (edges E, vertices V), with symmetric edge weights w : E → ℝ (or for an oriented edge set, weights symmetric), conductance weights.
- Volume weights m : V → ℝ, positive.
- Weighted inner product ⟨u,v⟩ = ∑_v m v * u v * v v.
- Graph Laplacian: Δ u (v) = (1/m v) ∑_{e ∋ v} w_e (u v - u (other endpoint))? Then self-adjointness w.r.t. m-weighted inner product is standard.
- Or define Δ u (v) = ∑_{e: src e = v} w e (u (tgt e) - u (src e)) + ∑_{e: tgt e = v} w e (u (src e) - u (tgt e)) (weighted non-normalized Laplacian), and the Dirichlet form ⟨Δu, v⟩ = -∑_e w e (u tgt - u src)(v tgt - v src). Then self-adjointness is algebraic and easy.

Then the heat operator with scalar curvature: H u = ∂_t u - Δ u, H* v = -∂_t v - Δ v + R v (for Ricci flow). And the "time derivative" of the pairing involves volDeriv = -R vol, so:

d/dt ⟨u,v⟩ = ⟨∂_t u, v⟩ + ⟨u, ∂_t v⟩ + ∑ (u v) volDeriv = ⟨∂_t u, v⟩ + ⟨u, ∂_t v⟩ - ⟨R u, v⟩ (since volDeriv = -R vol, ∑ u v (-R vol) = -⟨R u, v⟩).

Then compute:
⟨H u, v⟩ + ⟨u, H* v⟩ = ⟨∂_t u - Δ u, v⟩ + ⟨u, -∂_t v - Δ v + R v⟩
= ⟨∂_t u, v⟩ - ⟨Δu, v⟩ - ⟨u, ∂_t v⟩ - ⟨u, Δ v⟩ + ⟨u, R v⟩
= [⟨∂_t u, v⟩ + ⟨u, ∂_t v⟩] - ⟨R u, v⟩ - ⟨Δu, v⟩ - ⟨u, Δv⟩ + ⟨R u, v⟩ ... wait ⟨u, R v⟩ = ⟨R u, v⟩ if R is a real function and the inner product symmetric.
= (d/dt⟨u,v⟩) - [⟨Δu, v⟩ + ⟨u, Δ v⟩].

And the IBP certificate says ⟨Δu, v⟩ = ⟨u, Δv⟩ + boundary. So:
⟨H u, v⟩ + ⟨u, H* v⟩ = d/dt⟨u,v⟩ - 2⟨u, Δ v⟩ - boundary? Hmm, that doesn't look like the standard statement.

Hmm, I conflated. Let's redo with the pairing including the time derivative of the measure but where "d/dt ⟨u,v⟩" is an extra datum. Actually the standard formal adjointness relation is:

⟨H u, v⟩ = d/dt⟨u,v⟩ - ⟨u, H* v⟩ - boundary(u,v)

Let me verify: d/dt⟨u,v⟩ = ⟨∂_t u, v⟩ + ⟨u, ∂_t v⟩ + ⟨u v, ∂_t vol⟩ = ⟨∂_t u, v⟩ + ⟨u, ∂_t v⟩ - ⟨u, R v⟩.

So ⟨∂_t u, v⟩ = d/dt⟨u,v⟩ - ⟨u, ∂_t v⟩ + ⟨u, R v⟩.

Then ⟨H u, v⟩ = ⟨∂_t u - Δu, v⟩ = d/dt⟨u,v⟩ - ⟨u, ∂_t v⟩ + ⟨u, R v⟩ - ⟨Δu, v⟩
= d/dt⟨u,v⟩ - ⟨u, ∂_t v + Δ v - R v⟩ - (⟨Δu, v⟩ - ⟨u, Δv⟩)
= d/dt⟨u,v⟩ - ⟨u, H* v⟩ - boundary(u,v),

where boundary(u,v) = ⟨Δu, v⟩ - ⟨u, Δv⟩ (which vanishes for the self-adjoint Laplacian; with the Green identity the boundary term is explicit).

So the IBP certificate: `pairing (lap u) v = pairing u (lap v) + boundaryTerm u v`, where boundaryTerm is a symmetric? Actually the Green identity gives boundaryTerm(u,v) = ∑_{edges crossing boundary} w (u_src - u_tgt) v - ... Let me get the discrete Green identity on a graph with a region S:

Dirichlet form: E(u,v) = ∑_e w_e (u (tgt e) - u (src e)) (v (tgt e) - v (src e)).
Then ⟨Δu, v⟩ = -E(u,v) where Δu(v) = ∑_{e out of v} w (u v - u tgt) + ... Let me define the (unnormalized) Laplacian:

L u (v) = ∑_{e : src e = v} w e * (u (src e) - u (tgt e)) + ∑_{e : tgt e = v} w e * (u (tgt e) - u (src e)).

Then ∑_v u? Let's compute ⟨Lu, v⟩ = ∑_v m v (Lu v) v v? Wait with weights m. If L includes 1/m then the pairing ∑ m (Lu) v gives the Dirichlet form. Let me instead define L without 1/m: (Δ u)(v) = ∑_{e ∋ v} w_e (u v - u other). Then the "weighted pairing" is ∑_v (Δu v) v v (no m) and we have ∑_v (Δu)(v) v(v) = -∑_e w_e (u_t - u_s)(v_t - v_s). That's the classic identity. With m weights, define Δ_m u = (1/m) Δ u, then ∑_v m v (Δ_m u v) v v = -E(u,v). So define the Laplacian with the mass normalization, and pairing with m weights.

Then self-adjointness of Δ_m: ⟨Δ_m u, v⟩_m = -E(u,v) = ⟨u, Δ_m v⟩_m. Great, no boundary term on a closed finite graph. But the task explicitly wants "formal adjointness ... under an explicit IBP certificate". So we should include boundary terms. We can restrict to a region S ⊂ V and get the Green identity with boundary terms:

∑_{v ∈ S} m v (Δ_m u v) v v = -E_S(u,v) + boundary terms, where E_S is the Dirichlet form over edges inside S and the boundary terms involve edges crossing ∂S.

Let me derive. Let S be a region (Finset V). Define:
- internal edges: both endpoints in S.
- boundary edges: exactly one endpoint in S.
For a function u and test v, Green's first identity:
∑_{v∈S} m v (Δ_m u v) v v = -∑_{internal e} w_e (u_t - u_s)(v_t - v_s) + ∑_{boundary e, src ∈ S, tgt ∉ S} w_e (u_s - u_t) v_s - ∑_{boundary e, tgt ∈ S, src ∉ S} w_e (u_t - u_s) v_t.

Hmm, need to be careful about which endpoint the test function is evaluated at: For an edge with src ∈ S, tgt ∉ S: contribution to ∑_{v∈S} m v (Δ_m u v) v v: the edge contributes to Δ at src (v = src): w_e (u_s - u_t); so term = w_e (u_s - u_t) v_s. For an edge with tgt ∈ S, src ∉ S: contributes at tgt: w_e (u_t - u_s) v_t. Good.

So define boundary term
B_S(u,v) = ∑_{e: src∈S, tgt∉S} w_e (u_s - u_t) v_s + ∑_{e: tgt∈S, src∉S} w_e (u_t - u_s) v_t.

Then Green's first identity: ⟨Δ_m u, v⟩_S = -E_S(u,v) + B_S(u,v).

Green's second identity (self-adjointness with boundary): ⟨Δ_m u, v⟩_S - ⟨u, Δ_m v⟩_S = B_S(u,v) - B_S(v,u). Define the antisymmetric boundary form β_S(u,v) = B_S(u,v) - B_S(v,u). Then ⟨Δ_m u, v⟩_S - ⟨u, Δ_m v⟩_S = β_S(u,v). And β_S is antisymmetric: β_S(v,u) = -β_S(u,v). This is an explicit IBP certificate.

But hold on: "formal adjointness of heat and conjugate-heat operators at the algebraic level under an explicit IBP certificate". So the certificate should package the relation between H and H*. Let me define an `IBPCertificate` structure (perhaps reuse the one from `Poincare.D7.Divergence.Basic`? The scaffold has `IBPCertificate` with fields interiorTerm, fluxTerm, outBoundary, inBoundary, ibp : interiorTerm + fluxTerm = outBoundary - inBoundary). That's a nice reuse. But our new certificate is a bit different in shape. I can define `ConjugateHeatIBPCertificate` with fields: pairingHeat, pairingConjugate, timeDerivative, boundaryTerm and proof `pairingHeat + pairingConjugate = timeDerivative - boundaryTerm`? Let's match the derived identity:

⟨H u, v⟩_S + ⟨u, H* v⟩_S = d/dt⟨u,v⟩_S - β_S(u,v).

Wait earlier I derived: ⟨H u, v⟩ = d/dt⟨u,v⟩ - ⟨u, H* v⟩ - boundary, so indeed ⟨Hu,v⟩ + ⟨u,H*v⟩ = d/dt⟨u,v⟩ - boundary. Great, that's the clean symmetric "formal adjointness" statement: the sum of the two pairings equals the time derivative of the pairing minus the boundary form. When u,v are compactly supported in the interior (or on a closed manifold, or when v vanishes on the boundary), the boundary form vanishes, giving

⟨H u, v⟩ + ⟨u, H* v⟩ = d/dt⟨u,v⟩.

This is exactly the formal adjointness relation (H* is the adjoint of H up to the total time derivative and boundary). At the algebraic level with an explicit IBP certificate, this is provable by pure algebra:

Given:
- A bilinear pairing `P : F → F → ℝ`.
- `timeDeriv : F → F → ℝ` (the derivative of the pairing).
- `lap : F →ₗ F` (Laplacian) and `lap_adj` certificate: `P (lap u) v - P u (lap v) = β u v` with β antisymmetric (or just given as a field).
- heat `H u = ∂t u - lap u`, conj `H* v = -∂t v - lap v + R • v`.
- Scalar curvature multiplication `Rmul : F →ₗ F` with `P u (Rmul v) = P (Rmul u) v` (self-adjointness, symmetry).
- The metric-flow relation `P (∂t u) v + P u (∂t v) - P (Rmul u) v = timeDeriv u v`. Hmm, this should be derived, not assumed. But at an abstract algebraic level, we need some axioms connecting the "time derivative" and the operator. The metric-flow interface should supply the Leibniz rule for the pairing's time derivative: `timeDeriv u v = P (dt u) v + P u (dt v) + P u (Rmul? ...)`.

Let me set up an abstract function space `F` as a module over ℝ, with a `Module ℝ F`, and linear maps. The "metric-flow interface" will be a structure with:

```lean
structure MetricFlowInterface (F : Type*) [AddCommGroup F] [Module ℝ F] where
  /-- the L² pairing at the current time slice -/
  pairing : F →ₗ[ℝ] F →ₗ[ℝ]
  /-- time derivative of the pairing along the flow -/
  timeDeriv : F →ₗ[ℝ] F →ₗ[ℝ]  -- actually a bilinear form
  /-- the Laplace–Beltrami operator -/
  laplacian : F →ₗ[ℝ] F
  /-- scalar curvature multiplication -/
  scalarMul : F →ₗ[ℝ] F
  /-- time derivative operator ∂_t -/
  timeDerivOp : F →ₗ[ℝ] F
  ...
  /-- first variation of the volume weight: ∂_t ⟨u,v⟩ = ⟨∂_t u, v⟩ + ⟨u, ∂_t v⟩ - ⟨R u, v⟩ -/
  timeDeriv_eq : ∀ u v, timeDeriv u v = pairing (timeDerivOp u) v + pairing u (timeDerivOp v) - pairing (scalarMul u) v
  /-- Laplacian symmetry -/
  laplacian_symm : ∀ u v, pairing (laplacian u) v - pairing u (laplacian v) = boundaryForm u v
  ...
```

But making these fields of a structure means they're assumptions (axioms in the structure), not proved. That's fine and standard: the structure is the "stated metric-flow interface"; the theorems then say: given a datum satisfying the interface, the formal adjointness identity holds. But we also want a concrete non-vacuous instance proving the interface is satisfiable, e.g., the finite weighted graph with weights and a discrete time parameter. Then we instantiate with concrete numbers, giving kernel-checked numeric identities.

Hmm, but wait: is there a way to avoid assuming the key identity? The key identity `timeDeriv_eq` is the definition of how the pairing changes under the metric flow (∂_t g = -2 Ric gives ∂_t dV = -R dV). At an abstract algebraic level it must be an interface field, since `timeDeriv` is abstract. But in the concrete graph model we can *prove* it from the volume weights. That's the right structure: abstract interface with fields; concrete model proves the fields. This mirrors how `DivergenceData` was done (src/tgt given, theorems derived).

Actually, I can make it even better: define the finite weighted graph model concretely with time-dependent vertex masses m(t) and prove:
- The weighted pairing.
- The Laplacian with mass normalization is self-adjoint: `pairing (lap u) v - pairing u (lap v) = boundaryForm u v` — provable.
- The volume variation identity: if `m' v = -R v * m v` (pointwise), then `timeDeriv u v := ∑ v, (u v * v v * m' v)` satisfies `timeDeriv u v = pairing (dt u) v + pairing u (dt v) - pairing (R • u) v`. Actually, `timeDeriv` here is the derivative of the pairing due to mass change only, i.e. ∑ u v m'; the identity `∑ u v m' = -∑ R u v m = -pairing (R•u) v` follows from m' = -R m. The `dt u`, `dt v` terms are separate.

Let me define the model concretely:

Types: `V` finite vertex type, `E` finite edge type with endpoints `src tgt : E → V` (or a symmetric edge relation). Mass `m : V → ℝ`, positive. Edge weights `w : E → ℝ` (can be any real; symmetric treatment via the incidence). Scalar curvature `R : V → ℝ`. Time derivative of mass `m' : V → ℝ` with `m' v = - R v * m v`.

Functions `u v : V → ℝ`.

Pairing over a region S: `pairing m S u v = ∑ x ∈ S, m x * u x * v x`.

Laplacian (mass-normalized):
`lap m w u x = (∑_{e: src e = x} w e * (u x - u (tgt e)) + ∑_{e: tgt e = x} w e * (u x - u (src e))) / m x`? Division by m x requires m x ≠ 0. Alternative: define `massLap m w u x = (1/m x) * (...)`, with m positive. Or avoid division by defining the operator `Δ u` via `m x * Δ u x = ...`. But then it's not a linear operator on functions unless we handle division. Since `m x ≠ 0` (positivity), division is fine. Use `(m x)⁻¹ * (...)`.

Dirichlet form over S: `dirichlet S u v = ∑_{e: src e ∈ S ∧ tgt e ∈ S} w e * (u (tgt e) - u (src e)) * (v (tgt e) - v (src e))`.

Boundary form:
`boundaryPair m w S u v = ∑_{e: src e ∈ S ∧ tgt e ∉ S} w e * (u (src e) - u (tgt e)) * v (src e) + ∑_{e: tgt e ∈ S ∧ src e ∉ S} w e * (u (tgt e) - u (src e)) * v (tgt e)`.

Green's first identity: `pairing (lap u) v S = - dirichlet S u v + boundaryPair S u v`. Provable by splitting sums.

Green's second: `pairing (lap u) v S - pairing u (lap v) S = boundaryPair u v - boundaryPair v u`. Provable by subtracting.

Then define the heat and conjugate heat operators on a "spacetime function" with time derivative data. At the algebraic level, define:

`HeatData` / `ConjugateHeatData`:

```lean
structure ConjugateHeatData (V : Type*) [Fintype V] [DecidableEq V] where
  mass : V → ℝ
  mass_pos : ∀ x, 0 < mass x
  massDeriv : V → ℝ
  scalar : V → ℝ
  massDeriv_eq : ∀ x, massDeriv x = - scalar x * mass x
  ...
```

But "backward heat operator with scalar-curvature term, over a stated metric-flow interface". So the main definition `ConjugateHeatData` should encapsulate the backward heat operator `H* v = -∂_t v - Δ v + R v` and the interface. Let me structure files:

1. `ConjugateHeat/MetricFlow.lean` — the finite weighted-graph metric-flow interface: `FiniteMetricFlow` with mass, edge weights, scalar curvature, mass variation; the weighted pairing; self-adjointness of the Laplacian; Green identities. Actually maybe put the graph Laplacian in `Laplacian.lean`.

Let me plan the files:

- `ConjugateHeat/Laplacian.lean`: finite weighted graph data `WeightedGraph` (V, E, src, tgt, weight), mass function; `pairing`, `dirichletForm`, `boundaryPairing`, `graphLaplacian`; Green's first identity, Green's second identity (Laplacian self-adjointness up to boundary), symmetry of pairing, boundary pairing antisymmetry, and vanishing on a closed region.
- `ConjugateHeat/Basic.lean`: `MetricFlowInterface` (the stated interface: time-dependent mass with massDeriv = -R*m, scalar curvature), `ConjugateHeatData` (backward heat operator with scalar curvature term), `HeatOperator` (forward), time-derivative pairing, and the abstract formal adjointness theorem with `IBPCertificate`.
- `ConjugateHeat/Slab.lean`: discrete conjugate-heat slab monotonicity toy. A slab `α × Fin (n+1)` with backward heat evolution; monotonicity of some energy/entropy functional? The task says "a discrete conjugate-heat slab monotonicity toy". So: define a discrete conjugate heat evolution on a slab, and prove a monotonicity statement (e.g., the weighted L² norm is nonincreasing under the backward heat semigroup, or the discrete energy decreases). Let's think.

Discrete conjugate heat monotonicity toy: Consider the conjugate heat equation with the Laplace operator. Perelman's conjugate heat equation preserves ∫ u dV under Ricci flow, and the quantity ∫ u v is monotone. A simple toy: take the heat equation ∂_t u = Δ u (forward) with graph Laplacian negative semidefinite: ⟨Δu, u⟩ = -E(u,u) ≤ 0 when w ≥ 0. Then the L² norm is nonincreasing. For the conjugate heat operator H* v = -∂_t v - Δ v + R v, if R ≤ 0, then... Let's see: consider v solving ∂_t v = -Δ v + R v (backward heat). Then d/dt ½‖v‖² = ⟨∂_t v, v⟩ + ½ d/dt(mass) contribution... With the volume weight changing, this gets complicated.

Alternative cleaner toy: the "slab monotonicity" for the discrete Dirichlet energy under the backward heat flow on a slab with vanishing boundary conditions. Hmm.

Let me design a self-contained toy that is genuinely provable with `Finset` sums and `nlinarith`/`linarith`:

Slab: `α × Fin (n+1)`, functions `u : Fin (n+1) → ℝ` (per cross-section) with spatial Laplacian on a finite graph and time evolution. A "conjugate heat slab monotonicity toy": define a discrete energy `E_k = ∑_v m v * v_k v ^ 2` at each time k, and the backward heat step `v_k = v_{k+1} - Δ v_{k+1} * dt + R * v_{k+1} * dt`... then show E decreases. That's messy with a general graph.

Simpler and still meaningful: 1D slab `Fin (n+1)` with the second-difference Laplacian `Δ f i = f (i-1) - 2 f i + f (i+1)` (with zero boundary). The conjugate heat operator with scalar curvature term R constant ≤ 0. Prove: for v on the slab satisfying the discrete conjugate heat equation `v_k i - v_{k+1} i = -dt * (Δ v_{k+1}) i + dt * R * v_{k+1} i` and zero boundary at the space boundary, the energy `∑_i v_k i ^ 2` is nonincreasing in k, i.e. `∑ v_{k+1}² ≤ ∑ v_k²`? Hmm wait, backward heat with negative R: Actually let's do the forward heat equation u_{k+1} = u_k + dt Δ u_k. Then `‖u_{k+1}‖² ≤ ‖u_k‖²` for dt ≤ 1/2 (discrete stability), since `∑ (u + dt Δu)² = ‖u‖² + 2dt⟨u,Δu⟩ + dt²‖Δu‖²`, and ⟨u, Δu⟩ = -∑(du)² ≤ 0. This is a standard discrete monotonicity. But the task is "conjugate-heat slab monotonicity", so I want the conjugate-heat operator, not the heat operator.

Conjugate heat operator H* v = -∂_t v - Δ v + R v. Suppose R is constant and ≤ 0. Consider the evolution `v_{k} = v_{k+1} - dt Δ v_{k+1} + dt R v_{k+1}`? That's `v_k = (1 + dt R) v_{k+1} - dt Δ v_{k+1}`. This is a backward step. Then going forward in k (from k to k+1), v_{k+1} = (v_k + dt Δ v_{k+1})/(1+dtR). Hmm.

Alternatively, define the monotone quantity for the conjugate heat equation directly: Perelman's monotonicity. Let me think about what is cleanest to prove.

Maybe a cleaner toy: discrete "conjugate heat" monotonicity = the weighted energy `∑ m_k v_k²` is nonincreasing for solutions of the conjugate heat equation with `R ≤ 0`, where `m_k` is the mass at time k. Let's compute:

E_k = ∑_v m_k v * v_k v².
E_{k+1} - E_k = ∑ (m_{k+1} - m_k) v_{k+1}² + ∑ m_k (v_{k+1}² - v_k²).

Hmm, cross terms.

Alternative: the exact algebraic identity for the conjugate heat pairing with u = v: from the abstract theorem, with u = v and H* v = 0 (conjugate heat solution) and H v = ? Hmm.

Let's do the continuous-in-time discrete-in-space toy: functions of t on a finite graph satisfying the conjugate heat equation ∂_t v = -Δ v + R v. Then

d/dt ½ ⟨v, v⟩_m = ⟨∂_t v, v⟩_m + ½ ∑ v² m'
= ⟨-Δv + Rv, v⟩_m - ½⟨R v, v⟩_m
= ⟨-Δv, v⟩_m + ½⟨R v, v⟩_m
= E(v,v) + ½∑ R v² m  (since ⟨-Δv,v⟩ = E(v,v) ≥ 0 for w ≥ 0)
So if R ≤ 0, then d/dt ½⟨v,v⟩ ≤ 0? No: E(v,v) ≥ 0 and ½∑ R v² m ≤ 0, so the sign is ambiguous. Hmm. Actually Perelman's conjugate heat equation ∂_t u = -Δu + Ru does not have a simple monotone L² norm in general.

Wait, maybe the monotonicity is for the *heat* equation in the conjugate setting? The standard monotonicity: For the heat equation ∂_t u = Δ u, d/dt ∫ u² dV = 2∫ u Δu dV + ∫ u² (-R) dV = -2∫|∇u|² dV - ∫ R u² dV. If R ≥ 0 (which holds under Ricci flow with the curvature condition in 3D? R can be negative in general), then it's nonincreasing. This is a standard monotonicity. And for the conjugate heat equation, the pairing ∫ u v is monotone: d/dt ∫ u v dV = ∫ (Δu) v + u(Δv) ... hmm.

Perelman's monotonicity: for u solving the conjugate heat equation □*u = (-∂_t - Δ + R)u = 0 and v solving the heat equation ∂_t v = Δ v, we have d/dt ∫ u v dV = 0 (the pairing is constant). Let's verify: d/dt ∫ u v = ∫ (∂_t u) v + u ∂_t v + uv(-R) = ∫ (-Δu + Ru) v + u Δv - Ruv = ∫ (-Δu)v + uΔv = boundary terms = 0 on closed manifold. Yes! This is the formal adjointness in action: the pairing between a conjugate-heat solution and a heat solution is constant (conservation). That's a beautiful "algebraic-level formal adjointness" statement, and the discrete slab toy can be: on a slab with vanishing boundary conditions, the pairing `∑_v m v u_k v v_k v` is *constant in time* when u solves the discrete heat equation and v solves the discrete conjugate heat equation. Hmm, but "monotonicity toy" suggests an inequality, not conservation.

Alternatively, monotonicity: For u solving heat and v solving conjugate heat, and R ≥ 0: d/dt ½∫u² = -∫|∇u|² - ½∫R u² ≤ 0. So the L² norm of a heat solution is nonincreasing when R ≥ 0. That's the classic monotonicity and it's directly tied to the heat operator. For conjugate heat, the analogous: if v solves conjugate heat, then d/dt ½∫v² = ∫(-Δv + Rv)v - ½∫Rv² = ∫|∇v|² + ½∫Rv², which is ≥ 0 if R ≥ 0 — so the norm is nondecreasing (which is monotone, just increasing). That's also a clean "conjugate-heat monotonicity": `d/dt ½⟨v,v⟩ = E(v,v) + ½⟨Rv,v⟩ ≥ 0` if R ≥ 0 and w ≥ 0. So the weighted L² energy is nondecreasing along the conjugate heat flow. That's a genuine monotonicity toy!

Hmm, but sign conventions: Let's double check. Conjugate heat equation as in Perelman: □* u = (-∂_t - Δ + R) u = 0, i.e. ∂_t u = -Δ u + R u. Then with the metric evolving by Ricci flow, d/dt ½⟨u,u⟩_m = ⟨∂_t u, u⟩ + ½∑ u² m' = ⟨-Δu + Ru, u⟩ - ½⟨Ru, u⟩ = ⟨-Δu, u⟩ + ½⟨Ru,u⟩ = E(u,u) + ½⟨Ru,u⟩ where E ≥ 0. If R ≥ 0 then ≥ 0. Yes, nondecreasing. Good.

But actually wait: for the *forward* heat equation ∂_t u = Δu, d/dt ½⟨u,u⟩ = ⟨Δu,u⟩ + ½∑u²m' = -E(u,u) - ½⟨Ru,u⟩ ≤ 0 if R ≥ 0. So the heat L² norm decreases, conjugate heat L² norm increases. Both are "monotonicity". The task says "a discrete conjugate-heat slab monotonicity toy" — I'll do the conjugate-heat energy nondecreasing (or the heat energy nonincreasing) on a slab. Maybe do both: the slab monotonicity theorem with the general sign and the conjugate-heat specialization. Let me design it concretely.

To make it fully provable and not too heavy, I'll do a discrete-time slab with a specific spatial structure: the spatial domain is a finite path graph `Fin (n+1)` with uniform edge weight 1 and uniform mass 1? Or keep general finite graph with weights (using the already-proved Dirichlet form machinery). A "slab" suggests `α × Fin (n+1)` or `Fin (n+1)` with time layers. Let me use `Fin (N+1)` time layers, each with a finite graph (V, E). Functions `u : Fin (N+1) → V → ℝ`. Discrete time derivative `dt u k = (u (k+1) - u k)/Δτ` maybe. To avoid division, use unit time step.

Discrete conjugate heat equation: `u (k+1) = u k - Δ u k + R • u k` (explicit Euler for ∂_t u = -Δu + Ru). Then the energy E_k = ⟨u_k, u_k⟩. Compute:
E_{k+1} = ⟨u_k - Δu_k + Ru_k, u_k - Δu_k + Ru_k⟩. Expand: = ⟨u,u⟩ - 2⟨u,Δu⟩ + 2⟨u,Ru⟩ - 2⟨Δu, Ru⟩ + ⟨Δu,Δu⟩ + ⟨Ru,Ru⟩. Messy but with R constant and small step maybe still provable. This requires lots of algebra. Better to use the continuous-time discrete-space model where the derivative identity is algebraic:

`d/dt E(t) = 2⟨∂_t u, u⟩ + ∑ u² m'`. At a point in time, we can state the identity for a "tangent vector" `v : V → ℝ` (the time derivative) rather than integrating in time. That's the "algebraic level": define `conjugateHeatEnergyDerivative` as the linear functional and prove it equals `2*(E(u,u) + ½⟨Ru,u⟩) = 2E(u,u) + ⟨Ru,u⟩ ≥ 0` under R ≥ 0 and w ≥ 0.

Then a "slab" version: `Fin (n+1)` time nodes with functions and a per-step inequality, then a telescoping sum showing E_N ≥ E_0 (monotone across the slab) if the discrete evolution satisfies the per-step inequality. Hmm.

Maybe the cleanest "slab monotonicity toy":
- Spatial: finite weighted graph with nonnegative weights, mass positive, scalar curvature R ≥ 0.
- Time: slab `Fin (n+1)`; each layer has a function `u : Fin (n+1) → V → ℝ`.
- Define the discrete conjugate heat equation at each interior time `k`: `u (k+1) - u k = -Δ (u k) + R • u k` (explicit Euler).
- Define energy `E k = ∑_v m v * (u k v)^2`.
- Prove `E (k+1) ≥ E k` for each k under a step-size condition? Let's check if explicit Euler for ∂_t u = -Δu + Ru gives monotone energy increase. d/dt E = 2E(u,u) + ⟨Ru,u⟩ ≥ 0 in continuous time. For explicit Euler with unit step, E_{k+1} - E_k = 2⟨u_k, -Δu_k + Ru_k⟩ + ⟨-Δu_k+Ru_k, -Δu_k+Ru_k⟩ = 2E(u_k,u_k) + 2⟨Ru_k,u_k⟩ + ‖-Δu_k+Ru_k‖². Since E ≥ 0 and if R ≥ 0, ⟨Ru,u⟩ ≥ 0, then E_{k+1} - E_k ≥ 0 without any step-size condition! Nice. Because the nonlinear term is a perfect square. Wait, but the mass also changes with time: E_k uses m_k. If we include the mass change, we get extra terms. Let me include the mass dynamics: m_{k+1} v = m_k v + m'_k v where m' = -R m. Then E_{k+1} = ∑ m_{k+1} u_{k+1}². Then E_{k+1} - E_k = ∑ m_k (u_{k+1}² - u_k²) + ∑ m'_k u_{k+1}². Hmm, the mass change term involves u_{k+1}, making it messier but still algebraic.

Maybe simpler: do the toy in two parts:
(a) Spatial Laplacian energy identity (discrete integration by parts): `⟨Δu, u⟩ = -E(u,u)` for zero boundary conditions.
(b) The conjugate heat monotonicity at the algebraic level: for the conjugate heat vector field `X = -Δu + Ru`, `2⟨X, u⟩ + ⟨Ru, u⟩ = 2E(u,u) + ⟨Ru,u⟩ ≥ 0`? Wait: 2⟨X,u⟩ + ⟨Ru,u⟩ where X = -Δu + Ru: 2(-⟨Δu,u⟩ + ⟨Ru,u⟩) + ⟨Ru,u⟩ = 2E(u,u) + 3⟨Ru,u⟩. Hmm, I need to be careful: the derivative of E includes the mass change: d/dt E = 2⟨∂_t u, u⟩_m + ∑ u² m' = 2⟨X,u⟩ - ⟨Ru,u⟩ = 2E(u,u) + 2⟨Ru,u⟩ - ⟨Ru,u⟩ = 2E(u,u) + ⟨Ru,u⟩. Yes, as before. So the identity: `2⟨X,u⟩_m - ⟨Ru,u⟩_m = 2E(u,u) + ⟨Ru,u⟩_m ≥ 0` when R ≥ 0 and w ≥ 0.

Then the slab version: discrete layers with the explicit-Euler conjugate heat equation including the mass update. Let me just include it and prove a clean inequality:

Let mass update: m_{k+1} = m_k - R * m_k (pointwise), i.e., m_{k+1} = (1 - R) m_k for constant R. Hmm, if R is constant, m_k = (1-R)^k m_0, which can go negative. The continuous relation is m' = -R m; discretely m_{k+1} = m_k - τ R m_k. For positivity need τR < 1. This is getting complicated.

Alternative: keep mass fixed per layer but let the *pairing* include a weight that evolves; define the slab with a per-step volume factor and prove a weighted monotonicity with the weight factor. Or simply fix the mass constant (R = 0 case) for the slab toy: then the conjugate heat equation is just the backward heat equation ∂_t u = -Δu, and the energy is nondecreasing: E_{k+1} - E_k = 2E_k(u,u) + ‖Δu_k‖² ≥ 0. That's clean and the "scalar-curvature term" appears in the general theorem but the toy is R = 0? The task says "a discrete conjugate-heat slab monotonicity toy" — it should probably include the scalar curvature term to be a conjugate-heat toy. Hmm.

Let me include the scalar curvature term with a *constant* mass per layer but track the scalar-curvature contribution via a "mass variation" field that we keep symbolic: define the layer mass `m : V → ℝ`, `mPos`, and `massDeriv : V → ℝ` with `massDeriv = -R m`. For the slab, define the energy at the continuous time level using `massDeriv`. Then a discrete slab version: define `E : ℝ → ℝ`? No, Lean can't do calculus easily.

OK here's another approach for the slab: use the abstract algebraic "one-step monotonicity" and then telescope over `Fin (n+1)`:

Define `slabEnergy (m : V → ℝ) (u : V → ℝ) = ∑ v, m v * (u v)^2`.
Define the conjugate heat generator `conjHeatGen (w m R u) = -Δ_m u + R • u` (a linear map).
Prove the *algebraic* monotonicity identity:
`2 * pairing m (conjHeatGen u) u - pairing m (R•u) u = 2 * dirichlet u u + pairing m (R•u) u`.
Hmm, let me restate as:
`dEdt := 2 * pairing m (conjHeatGen u) u + pairing m massDeriv-weighted u²`... I think the cleanest is:

Define `energyDeriv (m m' u) = ∑ v, m' v * (u v)^2 + 2 * ∑ v, m v * u v * conjHeatGen u v`.
Then prove `energyDeriv = 2 * dirichletForm u u + ∑ v, R v * m v * (u v)^2` given `m' = -R m` and `⟨Δu,u⟩ = -E(u,u)`.
Then under `0 ≤ w`, `0 ≤ m`, `0 ≤ R`, we get `0 ≤ energyDeriv`. This is the "algebraic-level" monotonicity identity. Then the "slab" part: `Fin (n+1)` layers with the discrete equation `u_{k+1} = u_k + conjHeatGen u_k` and mass step `m_{k+1} = m_k + m'_k`? And prove `E_{k+1} ≥ E_k` by the perfect-square argument. Let me check whether that works with mass stepping:

E_{k+1} - E_k = ∑ (m_{k+1} - m_k) u_{k+1}² + ∑ m_k (u_{k+1}² - u_k²)
= ∑ m'_k u_{k+1}² + 2∑ m_k u_k (u_{k+1}-u_k) + ∑ m_k (u_{k+1}-u_k)²
= ∑ (-R m_k) u_{k+1}² + 2⟨u_k, X⟩ + ‖X‖²_{m_k}, where X = conjHeatGen u_k = -Δu_k + R u_k.

Hmm, the first term is -⟨R u_{k+1}, u_{k+1}⟩_{m_k} ≤ 0 (if R ≥ 0), which hurts monotonicity. Since mass decreases when R > 0, the energy might decrease. So with mass dynamics, the discrete explicit step may not be monotone. In continuous time it is monotone (d/dt E = 2E + ⟨Ru,u⟩ ≥ 0). For discrete time, use a different discretization: implicit or midpoint. E.g., use the *implicit* step for the mass: `m'_k = (m_{k+1} - m_k)` evaluated with u_k² instead: E_{k+1} - E_k = ∑ m'_k u_k² + ... = -⟨Ru_k,u_k⟩ + 2⟨u_k,X⟩ + ‖X‖² = (2E_k + ⟨Ru_k,u_k⟩) + ‖X‖² ≥ 0. That works if we define the mass update as `m_{k+1} = m_k - R m_k` and evaluate the variation term with u_k (i.e., the "explicit in u, implicit-ish in mass" scheme). But then the identity `E_{k+1} - E_k = ∑ (m_{k+1}-m_k) u_k² + ...` uses u_k for the mass term while the actual energy uses m_{k+1} u_{k+1}². Let's recompute: we want E_{k+1} - E_k with E_k = ⟨m_k, u_k²⟩ and E_{k+1} = ⟨m_{k+1}, u_{k+1}²⟩. Write u_{k+1} = u_k + X. Then
E_{k+1} - E_k = ∑ m_{k+1} (u_k+X)² - ∑ m_k u_k²
= ∑ (m_{k+1} - m_k) u_k² + 2∑ m_{k+1} u_k X + ∑ m_{k+1} X².
Now with m_{k+1} = m_k + m'_k = m_k - R m_k:
∑ (m_{k+1}-m_k)u_k² = -⟨Ru_k,u_k⟩_{m_k}
2∑ m_{k+1} u_k X = 2⟨u_k, X⟩_{m_k} - 2⟨R u_k, X⟩_{m_k}
∑ m_{k+1} X² = ‖X‖²_{m_k} - ⟨R X, X⟩_{m_k}
Total = [-⟨Ru_k,u_k⟩ + 2⟨u_k,X⟩ - 2⟨Ru_k,X⟩ + ‖X‖² - ⟨RX,X⟩]_{m_k}.
With X = -Δu + Ru: 2⟨u_k,X⟩ = -2⟨u_k,Δu_k⟩ + 2⟨Ru_k,u_k⟩ = 2E_k + 2⟨Ru_k,u_k⟩.
So total = (2E_k + 2⟨Ru,u⟩) - ⟨Ru,u⟩ - 2⟨Ru, -Δu + Ru⟩ + ‖X‖² - ⟨RX,X⟩
= 2E_k + ⟨Ru,u⟩ + 2⟨Ru, Δu⟩ - 2⟨Ru,Ru⟩ + ‖X‖² - ⟨RX,X⟩.
The term 2⟨Ru,Δu⟩ is problematic (sign unknown). So the explicit scheme is not obviously monotone. 

Simplest: make the slab toy use a *linear* discrete evolution that is monotone by construction, e.g., the backward step `u_k = u_{k+1} + Δu_{k+1} - R u_{k+1}` i.e., `u_{k+1} = u_k - Δu_{k+1} + R u_{k+1}` (implicit). Then energy E_{k+1} = ⟨u_{k+1}, u_{k+1}⟩ and E_k = ⟨u_k,u_k⟩ = ⟨(1-Δ+R)u_{k+1}, (1-Δ+R)u_{k+1}⟩ = E_{k+1} - 2⟨u_{k+1},Δu_{k+1}⟩ + 2⟨Ru_{k+1},u_{k+1}⟩ + ‖Δu_{k+1}‖² - 2⟨Ru,Δu⟩ + ‖Ru‖². With ⟨Δu,u⟩ = -E(u,u) ≤ 0, we get E_k = E_{k+1} + 2E(u_{k+1},u_{k+1}) + 2⟨Ru,u⟩ + (positive) - 2⟨Ru,Δu⟩. The cross term -2⟨Ru,Δu⟩ again. Hmm.

OK, let me step back. The task says "a discrete conjugate-heat slab monotonicity toy" — it doesn't demand a deep result; a clean, kernel-checked toy suffices. I could define the slab toy as:

For the *continuous-time* conjugate heat generator, prove the energy derivative identity (exact, algebraic) and the nonnegativity under R ≥ 0. Then for the slab, define `E_k = ∑_v m v (u k v)²` with fixed mass, and prove a *discrete* monotonicity for the *backward heat* generator with scalar curvature term using a dissipative step: `u (k+1) = (1 + R) • u k - Δ u k`? Let's check with fixed mass and R constant:
E_{k+1} = ‖(1+R)u - Δu‖² = (1+R)²‖u‖² - 2(1+R)⟨u,Δu⟩ + ‖Δu‖² = (1+R)²E_k + 2(1+R)E(u,u) + ‖Δu‖² ≥ E_k iff (2R + R²)E_k + 2(1+R)E(u,u) + ‖Δu‖² ≥ 0. For small R (0 ≤ R ≤ 1) all terms nonneg? 2R+R² ≥ 0, 1+R > 0, E(u,u) ≥ 0, ‖Δu‖² ≥ 0. So E_{k+1} ≥ E_k for R ≥ 0. So with the generator `u_{k+1} = u_k + R u_k - Δ u_k` (explicit conjugate heat step with fixed mass), the energy is nondecreasing for R ≥ 0. That's clean and provable with `nlinarith` after the Laplacian identity! The fixed-mass assumption is a stated simplification ("toy"). And the scalar-curvature term is present. 

Even cleaner: prove the general inequality:
`E_{k+1} - E_k = 2⟨u, X⟩ + ‖X‖²` where X = Ru - Δu, and `2⟨u,X⟩ = 2E(u,u) + 2⟨Ru,u⟩ ≥ 0` when R ≥ 0. Then `E_{k+1} - E_k = [2E(u,u) + 2⟨Ru,u⟩] + ‖X‖² ≥ 0`. Wait: X = Ru - Δu; ⟨u,X⟩ = ⟨Ru,u⟩ - ⟨Δu,u⟩ = ⟨Ru,u⟩ + E(u,u). So 2⟨u,X⟩ + ‖X‖² = 2E(u,u) + 2⟨Ru,u⟩ + ‖X‖² ≥ 0. So E_{k+1} ≥ E_k. No condition on R magnitude! Great, because the energy is a perfect square plus nonnegative terms. Wait: E_{k+1} = ‖u + X‖² = ‖u‖² + 2⟨u,X⟩ + ‖X‖² = E_k + (2E(u,u) + 2⟨Ru,u⟩) + ‖X‖². All terms ≥ 0 when R ≥ 0 and w ≥ 0. So energy nondecreasing for any step size. 

So the slab monotonicity toy:
- `slabConjStep R Δ u = u + R•u - Δu`.
- `energy m u = ∑ v, m v * u v ^ 2`.
- Theorem: if `0 ≤ m`, `0 ≤ R` (pointwise), `Δ` has nonnegative Dirichlet form (`0 ≤ dirichletForm u u`, follows from w ≥ 0), then `energy m u ≤ energy m (slabConjStep ...)`. And by induction/telescoping over `Fin (n+1)`, `energy m (u 0) ≤ energy m (u (last n))`.

This is genuinely a "discrete conjugate-heat slab monotonicity toy": backward-ish heat step with scalar curvature term increases the weighted L² energy, monotone along the slab. I'll state the single-step lemma and the telescoped version over a slab `Fin (n+1)`.

Now the main abstract formal adjointness. Let me carefully design `ConjugateHeatData` per requirement 1: "Define `ConjugateHeatData`: backward heat operator with scalar-curvature term, over a stated metric-flow interface."

So `ConjugateHeatData` should be a structure containing the metric-flow interface and the backward heat operator. Perhaps:

```lean
/-- A stated metric-flow interface: a finite weighted graph carrying a
time-dependent volume density whose logarithmic derivative is minus the
scalar curvature (the first variation of volume under Ricci flow),
∂_t dV = -R dV. -/
structure MetricFlowInterface (V E : Type*) [Fintype V] [Fintype E] [DecidableEq V] where
  src : E → V
  tgt : E → V
  weight : E → ℝ
  weight_nonneg : ∀ e, 0 ≤ weight e
  mass : V → ℝ
  mass_pos : ∀ v, 0 < mass v
  scalar : V → ℝ
  massDeriv : V → ℝ
  massDeriv_eq : ∀ v, massDeriv v = - scalar v * mass v
```

Then

```lean
/-- The conjugate-heat (backward heat) operator with scalar-curvature term:
    □* v = -∂_t v - Δ v + R v, presented as the pair (timeDerivative part, spatial part). -/
structure ConjugateHeatData (V E : Type*) [Fintype V] [Fintype E] [DecidableEq V]
    extends MetricFlowInterface V E where
  /-- the backward time derivative of the field at the current slice -/
  backwardTimeDeriv : (V → ℝ) →ₗ[ℝ] (V → ℝ)
  ...
```

Hmm, maybe `ConjugateHeatData` should not extend but contain the interface. Also the "backward heat operator" is an operator on spacetime functions; at a fixed time slice, its action on the field and its time derivative. Let me define:

```lean
/-- The conjugate-heat operator □* = -∂_t - Δ + R applied to a field u,
given the backward time derivative ∂_t u. -/
def ConjugateHeatData.conjugateHeat (D : ConjugateHeatData V E)
    (dtu : V → ℝ) (u : V → ℝ) : V → ℝ :=
  -dtu - D.graphLaplacian u + D.scalar * u
```

Wait, but if `dtu` is arbitrary, then the operator isn't determined by `u`. In the PDE, ∂_t u is determined by the evolution. At the algebraic level, we treat `(u, ∂_t u)` as the jet. So define the operator on the "1-jet" `(u, dtu)`. Alternatively, define the heat operator as a linear map on a product `(V → ℝ) × (V → ℝ)`. That's cleaner: the spacetime jet space `Jet V := (V → ℝ) × (V → ℝ)`, and `heat : Jet V →ₗ Jet V`, `conjHeat : Jet V →ₗ Jet V`. Hmm, but the pairing only pairs the function parts.

Let me structure the abstract theory on a general real vector space with:
- `pairing : F →ₗ F →ₗ ℝ` (the L² pairing at the slice),
- `timePairingDeriv : F →ₗ F →ₗ ℝ` (derivative of the pairing due to the metric flow),
- `laplacian : F →ₗ F`,
- `scalarMul : F →ₗ F`,
- interface conditions:
  - `timePairingDeriv u v = pairing (dt u) v + pairing u (dt v) - pairing (scalarMul u) v` — but `dt u` is extra data.

Hmm. The jet formulation is unavoidable. Let me define the jet space as `F × F` with the first component the value and second the time derivative. Then:

`pairingJet p q = pairing p.1 q.1` (only values pair).
`heatJet (u, du) = (du - lap u, 0)`? The heat operator H u = ∂_t u - Δu; as a map on jets, `H (u, du) = (du - Δu, 0)` (value part). And the conjugate heat H* v = -∂_t v - Δv + Rv: `H* (v, dv) = (-dv - Δv + Rv, 0)`.

The formal adjointness identity:
`pairing (H (u,du)).1 v + pairing u (H* (v,dv)).1 = d/dt pairing u v - boundary`,
where `d/dt pairing u v = pairing du v + pairing u dv - pairing (Ru) v`.

Substituting:
LHS = pairing (du - Δu) v + pairing u (-dv - Δv + Rv)
= pairing du v - pairing (Δu) v - pairing u dv - pairing u Δv + pairing u (Rv)
= [pairing du v + pairing u dv] - pairing (Δu) v - pairing u (Δv) + pairing u (Rv)
= [d/dt pairing u v + pairing (Ru) v] - pairing (Δu)v - pairing u(Δv) + pairing u(Rv)
= d/dt pairing u v + [pairing (Ru)v + pairing u(Rv) - pairing (Δu)v - pairing u(Δv)]
= d/dt pairing u v + 2 pairing(Ru,v) - 2 pairing(Δu,v) - [pairing(Δu)v - pairing u(Δv)]  ... hmm wait.

Let me just compute with the self-adjointness `pairing (Δu) v = pairing u (Δv) + boundary`:
LHS = d/dt pairing u v + 2 pairing (Ru) v - 2 pairing (Δu) v - boundary? No:

pairing (Δu) v + pairing u (Δv) = 2 pairing (Δu) v - boundary (since pairing u (Δv) = pairing (Δu) v - boundary).
So LHS = d/dt + 2pairing(Ru,v) - 2pairing(Δu,v) + boundary.

That's not zero, so my claimed identity is wrong. Let me redo the continuous derivation carefully.

We want to show ∫ (H u) v dV = d/dt ∫ u v dV - ∫ u (H* v) dV - boundary? Let's recompute with H u = ∂_t u - Δu and H* v = -∂_t v - Δv + Rv.

∫ u (H* v) dV = ∫ u(-∂_t v - Δv + Rv) = -∫u ∂_t v - ∫uΔv + ∫Ruv.

d/dt∫uv = ∫∂_t u v + ∫u∂_t v + ∫uv ∂_t log dV = ∫∂_t u v + ∫u∂_t v - ∫Ruv.

So ∫∂_t u v = d/dt∫uv - ∫u∂_t v + ∫Ruv.

Then ∫(H u)v = ∫∂_t u v - ∫Δu v = d/dt∫uv - ∫u∂_t v + ∫Ruv - ∫Δu v.

Now compare with d/dt∫uv - ∫u(H*v) = d/dt∫uv + ∫u∂_t v + ∫uΔv - ∫Ruv.

These differ. Hmm. So the relation is not that. Let me instead use the pairing with respect to the *backward* measure or use the correct conjugation. The standard formal adjoint of L = ∂_t - Δ (with respect to ∫ u v dV dt) under Ricci flow is L* v = -∂_t v - Δv + Rv. Let's verify the adjointness computation:

∫∫ (Lu) v dV dt = ∫∫ (∂_t u - Δu) v dV dt.
Integrate by parts in t: ∫∂_t u v dt = [uv] - ∫u ∂_t v dt.
Integrate by parts in space: -∫Δu v dV = -∫u Δv dV + boundary (Green).
But the measure dV depends on t: ∫∫ (∂_t u) v dV dt. Hmm, when integrating by parts in t with a t-dependent measure, we get extra terms:

∫_a^b ∫ (∂_t u) v dV_t dt = ∫_a^b [d/dt∫ u v dV_t - ∫ u ∂_t v dV_t - ∫ u v ∂_t(dV_t)] dt = [∫uv]_a^b - ∫∫ u∂_t v - ∫∫ uv(-R) = boundary - ∫∫u∂_t v + ∫∫ Ruv.

So ∫∫(Lu)v = -∫∫u∂_t v + ∫∫Ruv - ∫∫uΔv + spacetime boundary = ∫∫ u(-∂_t v - Δv + Rv) + boundary = ∫∫ u (L*v) + boundary.

So the correct statement is ∫ (Lu) v = ∫ u (L* v) + boundary (spacetime boundary terms including the time endpoints). At a fixed time slice, the identity involves the time-boundary term. Let me formulate at the algebraic level with an explicit boundary/IBP certificate:

`pairing (H u) v = pairing u (H* v) + boundaryTerm`,
where `boundaryTerm` packages both the spatial Green boundary term and the time-endpoint term. To derive this at a fixed slice with jets:

LHS = pairing (du - Δu) v = pairing du v - pairing (Δu) v.
RHS = pairing u (-dv - Δv + Rv) + B = -pairing u dv - pairing u Δv + pairing u (Rv) + B.

Set equal: pairing du v - pairing (Δu)v = -pairing u dv - pairing u Δv + pairing u Rv + B.
Using `pairing (Δu)v - pairing u(Δv) = β` (antisymmetric boundary form), we get
pairing du v - pairing u Δv - β = -pairing u dv - pairing u Δv + pairing u Rv + B
⟹ pairing du v - β = -pairing u dv + pairing u Rv + B
⟹ B = pairing du v + pairing u dv - pairing (Ru) v - β = (d/dt pairing u v) - β.

So the formal adjointness identity is:

`pairing (H u) v = pairing u (H* v) + timeDeriv u v - β u v`

where `timeDeriv u v = pairing du v + pairing u dv - pairing (Ru) v` (the derivative of the pairing along the metric flow), and β is the spatial boundary form. This is exactly the identity I derived earlier in the other order. Great: with `IBPCertificate` fields `interiorTerm = pairing (H u) v`, `adjointTerm = pairing u (H* v)`, `timeBoundary = timeDeriv u v`, `spatialBoundary = β u v`, and the identity `interiorTerm = adjointTerm + timeBoundary - spatialBoundary`.

Equivalently `pairing (H u) v - pairing u (H* v) = timeDeriv u v - β u v`. And since β is antisymmetric, `timeDeriv` is symmetric? timeDeriv u v = pairing du v + pairing u dv - pairing (Ru) v; is it symmetric in (u,du),(v,dv)? pairing du v vs pairing dv u — not symmetric in general (the derivative pairing isn't symmetric unless we symmetrize). Hmm. The standard statement of formal adjointness is:

`∫ (Lu) v = ∫ u (L* v) + boundary`,

where the boundary includes the time endpoints. At the algebraic level, the identity above is right. Let me double-check with the continuous derivation:

∫(Lu)v dV = ∫(∂_t u - Δu)v = ∫∂_t u v - ∫Δu v.
∫∂_t u v = d/dt∫uv - ∫u∂_t v - ∫uv ∂_t log dV = d/dt∫uv - ∫u∂_t v + ∫Ruv.
-∫Δu v = -∫uΔv - β (Green: ∫Δu v - ∫uΔv = β, so -∫Δu v = -∫uΔv - β).
So ∫(Lu)v = d/dt∫uv - ∫u∂_t v + ∫Ruv - ∫uΔv - β
= d/dt∫uv - ∫u(∂_t v + Δv - Rv) - β
= d/dt∫uv - ∫u(L*v) - β.  [since L*v = -∂_t v - Δv + Rv, so ∂_t v + Δv - Rv = -L*v]
= -∫u(L*v) + [d/dt∫uv - β].

Hmm so ∫(Lu)v + ∫u(L*v) = d/dt∫uv - β. Then with timeDeriv = d/dt∫uv, we have `pairing (Lu) v + pairing u (L*v) = timeDeriv u v - β u v`. That's the symmetric form: the sum of the two pairings equals the time derivative minus boundary. That's the cleanest "formal adjointness" statement (like the Green identity for the pair of operators). So my IBPCertificate identity should be:

`interiorTerm + adjointTerm = timeDeriv - spatialBoundary`

with `interiorTerm = pairing (H u) v`, `adjointTerm = pairing u (H* v)`. Let me double check with the algebra:

pairing (du - Δu) v + pairing u (-dv - Δv + Rv)
= pairing du v - pairing Δu v - pairing u dv - pairing u Δv + pairing u Rv
= [pairing du v + pairing u dv - pairing (Ru) v] - [pairing Δu v + pairing u Δv]
= timeDeriv u v - [2 pairing Δu v - β u v]... 

wait: pairing u Δv = pairing Δu v - β (from pairing Δu v - pairing u Δv = β). So pairing Δu v + pairing u Δv = 2 pairing Δu v - β. That gives LHS = timeDeriv - 2pairing Δu v + β, not timeDeriv - β. Contradiction with the continuous derivation. Let me recheck the Green identity sign convention.

Green's identity: ∫_M (Δu) v dV - ∫_M u (Δv) dV = ∫_{∂M} (v ∂_n u - u ∂_n v) dσ. So define β(u,v) = ∫_{∂M}(v ∂_n u - u ∂_n v). Then `pairing (Δu) v - pairing u (Δv) = β(u,v)`. Then pairing u Δv = pairing Δu v - β.

Now recompute LHS:
pairing (du - Δu) v + pairing u (-dv - Δv + Rv)
= pairing du v - pairing Δu v - pairing u dv - pairing u Δv + pairing u Rv
= (pairing du v + pairing u dv) - pairing Ruv ... wait `- pairing u dv` yes:
= pairing du v - pairing u dv - pairing Δu v - pairing u Δv + pairing u Rv.

timeDeriv := d/dt∫uv = ∫∂_t u v + ∫u∂_t v - ∫Ruv = pairing du v + pairing u dv - pairing (Ru) v. So pairing du v + pairing u dv = timeDeriv + pairing (Ru) v.

Substitute:
LHS = timeDeriv + pairing Ruv - pairing u dv? No wait, I had `pairing du v - pairing u dv` (minus). Let me redo very carefully:

LHS = pairing du v - pairing Δu v - pairing u dv - pairing u Δv + pairing u Rv
= (pairing du v - pairing u dv) - (pairing Δu v + pairing u Δv) + pairing (Ru) v.

Hmm, this has `pairing du v - pairing u dv` which is not timeDeriv. That's because the sum form of formal adjointness I wrote for ∫(Lu)v + ∫u(L*v) should have `+` between pairing du v and pairing u dv? Let me recompute ∫(Lu)v + ∫u(L*v) from the continuous derivation:

∫(Lu)v = d/dt∫uv - ∫u(L*v) - β (derived above).
So ∫(Lu)v + ∫u(L*v) = d/dt∫uv - β. Yes sum form: LHS = timeDeriv - β.

Now algebra: ∫(Lu)v = pairing(du - Δu)v = pairing du v - pairing Δu v.
∫u(L*v) = pairing u(-dv - Δv + Rv) = -pairing u dv - pairing u Δv + pairing (Ru) v.
Sum = (pairing du v - pairing u dv) - (pairing Δu v + pairing u Δv) + pairing (Ru)v.

For this to equal timeDeriv - β = (pairing du v + pairing u dv - pairing (Ru)v) - β, we need:
(pairing du v - pairing u dv) - (pairing Δu v + pairing u Δv) + pairing (Ru)v
= (pairing du v + pairing u dv - pairing (Ru)v) - β
⟹ -2 pairing u dv - (pairing Δu v + pairing u Δv) + 2 pairing (Ru)v = -β.
This is clearly false in general. So the continuous derivation must have an error, OR the algebraic pairing `pairing u dv` doesn't appear because in the continuous setting `∫u ∂_t v` appears in both terms and should cancel! Let's recheck: ∫(Lu)v = ∫(∂_t u - Δu)v. In the continuous derivation I wrote:

∫∂_t u v = d/dt∫uv - ∫u∂_t v + ∫Ruv. ✓.
So ∫(Lu)v = d/dt∫uv - ∫u∂_t v + ∫Ruv - ∫Δu v. ✓

∫u(L*v) = ∫u(-∂_t v - Δv + Rv) = -∫u∂_t v - ∫uΔv + ∫Ruv. ✓

Sum = d/dt∫uv - 2∫u∂_t v + 2∫Ruv - (∫Δu v + ∫uΔv). ✓

This is not d/dt∫uv - β. So my derivation "∫(Lu)v = d/dt∫uv - ∫u(L*v) - β" was wrong. Let me redo:

∫(Lu)v = d/dt∫uv - ∫u∂_t v + ∫Ruv - ∫Δu v
= d/dt∫uv - [∫u∂_t v + ∫uΔv - ∫Ruv] - (∫Δu v - ∫uΔv)
= d/dt∫uv - ∫u(∂_t v + Δv - Rv) - β
= d/dt∫uv + ∫u(L*v) - β.   [since ∂_t v + Δv - Rv = -(L*v)]

Ah, sign: L*v = -∂_t v - Δv + Rv, so -(L*v) = ∂_t v + Δv - Rv. And ∫u(∂_t v + Δv - Rv) = -∫u(L*v). So:

∫(Lu)v = d/dt∫uv - (-∫u(L*v)) - β = d/dt∫uv + ∫u(L*v) - β.

Therefore ∫(Lu)v - ∫u(L*v) = d/dt∫uv - β. 

So the correct formal adjointness (difference form):

`pairing (H u) v - pairing u (H* v) = timeDeriv u v - spatialBoundary u v`.

Let me verify algebraically:
LHS = (pairing du v - pairing Δu v) - (-pairing u dv - pairing u Δv + pairing Ruv)
= pairing du v - pairing Δu v + pairing u dv + pairing u Δv - pairing Ruv
= (pairing du v + pairing u dv - pairing Ruv) + (pairing u Δv - pairing Δu v)
= timeDeriv u v - (pairing Δu v - pairing u Δv)
= timeDeriv u v - β u v. ✓

So the clean identity: `pairing (H u) v = pairing u (H* v) + timeDeriv u v - β u v`. This says H* is the formal adjoint of H up to the time-derivative term and the spatial boundary form. On a closed region (β=0), `pairing (H u) v - pairing u (H* v) = timeDeriv u v`, which is the standard "the adjoint up to the derivative of the pairing" statement.

And the IBPCertificate packages: `interiorTerm := pairing (H u) v`, `adjointTerm := pairing u (H* v)`, `timeTerm := timeDeriv u v`, `boundaryTerm := β u v`, with `ibp : interiorTerm - adjointTerm = timeTerm - boundaryTerm`. Hmm, the scaffold's `IBPCertificate` has `interiorTerm + fluxTerm = outBoundary - inBoundary`. I could define a new certificate `ConjugateHeatIBPCertificate` with fields matching. Or reuse the scaffold's structure by encoding: `interiorTerm := pairing(Hu)v`, `fluxTerm := -pairing(u)(H*v)`, `outBoundary := timeDeriv`, `inBoundary := β`. Then `interior + flux = out - in` matches `pairing(Hu)v - pairing(u)(H*v) = timeDeriv - β`. That's a cute reuse, but might be confusing. I think defining a dedicated `ConjugateHeatIBPCertificate` structure in the new layer is clearer, with fields `heatPairing`, `conjugatePairing`, `pairingDerivative`, `boundaryForm`, `ibp`. Good.

Now the abstract interface. To prove the identity algebraically, I need:
- The linear operators `lap`, `scalarMul` on F.
- The jet time-derivative maps: given `u : F` and `du : F`, etc.
- `timeDeriv u v := pairing du v + pairing u dv - pairing (scalarMul u) v` — this is a *definition* given the interface's volume-variation relation. But wait, `timeDeriv` is the derivative of the pairing; in the abstract interface we can define it as `pairing du v + pairing u dv + pairing (massDerivMul u) v` where `massDerivMul` is the volume-density variation operator. The Ricci-flow relation says `massDerivMul = -scalarMul`. Let me define the interface with a linear operator `volVariation : F →ₗ F` and a relation `volVariation = -scalarMul`? Hmm.

Cleaner: define `MetricFlowInterface` with fields:
- `pairing : F →ₗ[ℝ] F →ₗ[ℝ]`
- `laplacian : F →ₗ[ℝ] F`
- `scalarMul : F →ₗ[ℝ] F`
- `boundaryForm : F →ₗ[ℝ] F →ₗ[ℝ]` (spatial Green boundary term)
- `laplacian_ibp : ∀ u v, pairing (laplacian u) v - pairing u (laplacian v) = boundaryForm u v`
- `boundaryForm_antisymm : ∀ u v, boundaryForm v u = - boundaryForm u v` (derivable? boundaryForm is given, antisymmetry from the definition; include as field or prove from a formula)
- `pairing_symm : ∀ u v, pairing u v = pairing v u`
- `scalarMul_selfAdjoint : ∀ u v, pairing (scalarMul u) v = pairing u (scalarMul v)` — follows from scalarMul being pointwise multiplication in the model; as an abstract field it's the "multiplication by a real function" property.

Then define the jet:
```lean
structure Jet (F) where val : F; deriv : F
```
and
```lean
def heat (D) (j : Jet F) : F := j.deriv - D.laplacian j.val
def conjHeat (D) (j : Jet F) : F := -j.deriv - D.laplacian j.val + D.scalarMul j.val
def pairingDerivative (D) (j k : Jet F) : ℝ := D.pairing j.deriv k.val + D.pairing j.val k.deriv - D.pairing (D.scalarMul j.val) k.val
```

Then theorem:
```lean
theorem heat_formal_adjoint (D) (j k : Jet F) :
    D.pairing (D.heat j) k.val - D.pairing j.val (D.conjHeat k)
      = D.pairingDerivative j k - D.boundaryForm j.val k.val
```
Proof: unfold definitions, use `map_sub`, `map_add`, `LinearMap.map_sub`, etc., `pairing_symm`, `laplacian_ibp`, `scalarMul_selfAdjoint`. Pure `simp`/`ring`/`abel` should do it. Note: `pairing` as `F →ₗ F →ₗ ℝ` means `D.pairing (x + y) = D.pairing x + D.pairing y` and `D.pairing x (y+z) = D.pairing x y + D.pairing x z` by LinearMap.map_add. `-x` etc. via `map_neg`. Good.

Also the "IBP certificate" structure:
```lean
structure ConjugateHeatIBPCertificate (D) (j k : Jet F) where
  heatPairing : ℝ
  conjugatePairing : ℝ
  pairingDerivative : ℝ
  boundaryForm : ℝ
  ibp : heatPairing - conjugatePairing = pairingDerivative - boundaryForm
```
and a def producing it from the theorem.

Also provide corollaries: closed region (boundaryForm = 0): `pairing (heat j) k.val = pairing j.val (conjHeat k) + pairingDerivative j k`; vanishing derivative: when `timeDeriv = 0` (stationary metric), `pairing (heat j) k = pairing j (conjHeat k) - boundaryForm` — the classical adjointness. And under `boundaryForm = 0` and `pairingDerivative = 0`, `pairing (heat j) k = pairing j (conjHeat k)` — exact adjointness.

This is a nice algebraic-level formal adjointness. But it's abstract over an arbitrary module F, which might look vacuous unless instantiated. So we must instantiate with the concrete finite weighted graph model and prove the interface fields:
- `pairing u v = ∑ x, mass x * u x * v x` (bilinear; need to build it as a LinearMap).
- `laplacian` as a linear map: `Δ u x = (mass x)⁻¹ * (∑_{e: src e = x} w e * (u x - u (tgt e)) + ∑_{e: tgt e = x} w e * (u x - u (src e)))`.
- `scalarMul u x = scalar x * u x`.
- `boundaryForm u v = boundaryPair u v - boundaryPair v u`.
- Prove `laplacian_ibp` (Green's second identity) via Green's first identity.
- Prove `pairing_symm`, `scalarMul_selfAdjoint` (trivial: mass * (R u) * v = mass * u * (R v) by commutativity/associativity; since scalar is real multiplication).
- Then instantiate the abstract theorem with a concrete graph and numeric data, obtaining a kernel-checked numeric identity as non-vacuity witness.

This is a solid design. Files:

1. `ConjugateHeat/Graph.lean` — finite weighted graph, mass, pairing (as a LinearMap), Laplacian, Dirichlet form, boundary pairing, Green's first identity, Green's second identity, pairing symmetry, scalarMul self-adjointness, zero boundary conditions case, and maybe nonnegativity of the Dirichlet form when weights are nonnegative.
2. `ConjugateHeat/Basic.lean` — `MetricFlowInterface` (abstract), `Jet`, `heat`, `conjHeat`, `pairingDerivative`, `heat_formal_adjoint`, `ConjugateHeatIBPCertificate`, corollaries. Plus `ConjugateHeatData` as the structure extending/containing the interface and providing the backward heat operator. The requirement explicitly names `ConjugateHeatData` as "backward heat operator with scalar-curvature term, over a stated metric-flow interface". So `ConjugateHeatData` should be the main named structure. Perhaps:

```lean
structure MetricFlowInterface (F) where ... (abstract)

structure ConjugateHeatData (F) extends MetricFlowInterface F where
  -- the backward heat operator □* = -∂_t - Δ + R
  -- (the time derivative is part of the jet)
  backwardHeat : Jet F →ₗ[ℝ] F
  backwardHeat_apply : ∀ j, backwardHeat j = -j.deriv - laplacian j.val + scalarMul j.val
```

Hmm, that's redundant since backwardHeat is determined. Maybe:

```lean
/-- The conjugate-heat (backward heat) operator with scalar-curvature term -/
def ConjugateHeatData.conjugateHeat (D : ConjugateHeatData F) (j : Jet F) : F := ...
```

where `ConjugateHeatData` is the interface itself, renamed. Let me satisfy the requirement precisely: define `ConjugateHeatData` as a structure containing the metric-flow interface and the backward heat operator. I'll do:

```lean
structure ConjugateHeatData (F : Type*) [AddCommGroup F] [Module ℝ F] where
  /-- the underlying metric-flow interface (volume pairing, Laplacian, scalar curvature) -/
  interface : MetricFlowInterface F
  /-- the backward time-derivative part ∂_t (as data on the jet) -/
  ...
```

Hmm. Actually the time derivative is part of the jet, not the data. Let me define:

```lean
/-- **Conjugate heat data.** The backward heat operator with scalar-curvature term
    □* = -∂_t - Δ + R, over a stated metric-flow interface.  The interface supplies the
    L² pairing ⟨·,·⟩ of the time slice, the Laplace–Beltrami operator Δ, the scalar-curvature
    multiplication R, and the integration-by-parts certificate for Δ; the Ricci-flow relation
    ∂_t dV = -R dV is recorded as the definition of the pairing derivative. -/
structure ConjugateHeatData (F : Type*) [AddCommGroup F] [Module ℝ F] where
  pairing : F →ₗ[ℝ] F →ₗ[ℝ]
  laplacian : F →ₗ[ℝ] F
  scalarMul : F →ₗ[ℝ] F
  boundaryForm : F →ₗ[ℝ] F →ₗ[ℝ]
  pairing_symm : ∀ u v, pairing u v = pairing v u
  laplacian_ibp : ∀ u v, pairing (laplacian u) v - pairing u (laplacian v) = boundaryForm u v
  scalarMul_selfAdjoint : ∀ u v, pairing (scalarMul u) v = pairing u (scalarMul v)
  -- derived notation:
  -- backwardHeat : Jet → F,  forwardHeat : Jet → F, pairingDerivative : Jet → Jet → ℝ
```

Then `ConjugateHeatData.backwardHeat D j := -j.deriv - D.laplacian j.val + D.scalarMul j.val`. And the theorem `ConjugateHeatData.formal_adjoint`. This directly matches the requirement: `ConjugateHeatData` is the backward heat operator with scalar-curvature term, over a stated metric-flow interface. 

Also, requirement says "over a stated metric-flow interface" — I should name the interface explicitly, e.g. `MetricFlowInterface` separate structure that `ConjugateHeatData` extends or contains. Let me make it explicit:

```lean
structure MetricFlowInterface (F) [AddCommGroup F] [Module ℝ F] where
  pairing : ...
  laplacian : ...
  scalarMul : ...
  boundaryForm : ...
  pairing_symm : ...
  laplacian_ibp : ...
  scalarMul_selfAdjoint : ...

structure ConjugateHeatData (F) [AddCommGroup F] [Module ℝ F]
    extends MetricFlowInterface F where
  /-- the scalar-curvature term is present in the backward operator (marker field) -/
  scalar_curvature_term : True
```

Hmm, the marker field is silly. Better:

```lean
structure ConjugateHeatData (F) [AddCommGroup F] [Module ℝ F] where
  interface : MetricFlowInterface F
```

and then all defs use `D.interface.pairing` etc. That's slightly verbose. Alternative: `extends MetricFlowInterface F` and add the actual operator as a def. The structure then is the interface plus nothing; but the *name* `ConjugateHeatData` denotes the data of the conjugate heat operator. I think a clean approach:

```lean
/-- The stated metric-flow interface. -/
structure MetricFlowInterface (F) ... where (fields)

/-- **Conjugate heat data**: a metric-flow interface together with the backward heat
    operator □* = -∂_t - Δ + R, whose time-derivative slot is supplied by a jet. -/
structure ConjugateHeatData (F) ... extends MetricFlowInterface F where
  /-- the backward time-derivative slot is the negative of the forward one (definitional) -/
  backwardTimeSign : ℝ := -1
  ...
```

No, marker fields are bad. Let me instead include in `ConjugateHeatData` the *backward heat operator as a linear map on the jet space*, with an equation field pinning it:

```lean
structure ConjugateHeatData (F) [AddCommGroup F] [Module ℝ F] extends MetricFlowInterface F where
  /-- the backward heat operator □* = -∂_t - Δ + R, acting on a jet (value, time derivative) -/
  backwardHeat : Jet F →ₗ[ℝ] F
  backwardHeat_apply : ∀ j, backwardHeat j = -j.deriv - laplacian j.val + scalarMul j.val
```

This is legitimate: `ConjugateHeatData` literally contains the backward heat operator, with a field asserting its formula. The formula field is not an axiom—it's a defining equation for the structure; instances must provide a proof, which is easy (`rfl` or `LinearMap.ext`). In the concrete model we define `backwardHeat` and prove `backwardHeat_apply` by rfl/simp. That's honest: the operator is data, pinned by the equation. Similarly include `forwardHeat : Jet F →ₗ[ℝ] F` with `forwardHeat_apply : ∀ j, forwardHeat j = j.deriv - laplacian j.val`. Then the formal adjointness is between `forwardHeat` and `backwardHeat`. Nice — this makes `ConjugateHeatData` genuinely the pair of operators over the interface, and the theorem relates them.

Building `Jet F →ₗ[ℝ] F` linear maps: `Jet F` needs an AddCommGroup and Module structure. Define `Jet F := F × F` (product module, available instances). Then linear maps:
- `forwardHeat = LinearMap.fst ℝ F F - laplacian.comp (LinearMap.snd ℝ F F)` etc. Constructing these linear maps might be fiddly but doable. Alternatively make `forwardHeat` a plain function and the theorem a statement about functions; the `backwardHeat_apply` field then is trivial. Simpler: keep them as plain functions (defs) and not fields:

```lean
structure ConjugateHeatData (F) ... extends MetricFlowInterface F where
  /-- jet: (value, time derivative) -/
  ...
```

Hmm, but then `ConjugateHeatData` has no operator content. The task explicitly says define `ConjugateHeatData`: backward heat operator with scalar-curvature term. So the structure must contain the operator (or the theorem is about a def attached to it). I'll include both operators as fields with pinning equations. Let me use the product-module approach:

```lean
abbrev Jet (F : Type*) := F × F
```

Then:
- `def jetVal : Jet F →ₗ[ℝ] F := LinearMap.fst ℝ F F`
- `def jetDeriv : Jet F →ₗ[ℝ] F := LinearMap.snd ℝ F F`
- `def forwardHeat (D) : Jet F →ₗ[ℝ] F := jetDeriv - D.laplacian.comp jetVal` — LinearMap has `-` and `comp`; `D.laplacian.comp jetVal : Jet F →ₗ F`. Good.
- `def backwardHeat (D) : Jet F →ₗ[ℝ] F := - jetDeriv - D.laplacian.comp jetVal + D.scalarMul.comp jetVal`.

Then `ConjugateHeatData` fields:
```lean
structure ConjugateHeatData (F) [AddCommGroup F] [Module ℝ F] extends MetricFlowInterface F where
  forwardHeat : Jet F →ₗ[ℝ] F
  backwardHeat : Jet F →ₗ[ℝ] F
  forwardHeat_apply : ∀ j, forwardHeat j = j.2 - laplacian j.1
  backwardHeat_apply : ∀ j, backwardHeat j = -j.2 - laplacian j.1 + scalarMul j.1
```

In the concrete instance, provide these maps and prove the equations by `rfl`/`simp [LinearMap.sub_apply]`. Actually if we define `forwardHeat` using the LinearMap construction and then prove `forwardHeat_apply` by `rfl`, the field is discharged. Good.

Hmm, one concern: `extends MetricFlowInterface F` generates field accessors `toMetricFlowInterface`. Fine.

Then theorem:
```lean
theorem ConjugateHeatData.formal_adjoint (D : ConjugateHeatData F) (j k : Jet F) :
    D.pairing (D.forwardHeat j) k.1 - D.pairing j.1 (D.backwardHeat k)
      = D.pairingDerivative j k - D.boundaryForm j.1 k.1
```
where `pairingDerivative j k = pairing j.2 k.1 + pairing j.1 k.2 - pairing (scalarMul j.1) k.1`.

Proof by rewriting `forwardHeat_apply`, `backwardHeat_apply`, then linearity + `laplacian_ibp` + `scalarMul_selfAdjoint`. Should be `simp only [...]` + `ring`/`abel`. Need to be careful with LinearMap application: `D.pairing (a - b) c` → `D.pairing a c - D.pairing b c` via `map_sub`? `D.pairing` is a linear map in the first argument (F →ₗ F →ₗ ℝ), so `map_sub` gives `D.pairing (a - b) = D.pairing a - D.pairing b`, then applying to `c` gives `(D.pairing a - D.pairing b) c = D.pairing a c - D.pairing b c` by `LinearMap.sub_apply`. `simp` should handle.

For the second argument, `D.pairing a (x - y) = D.pairing a x - D.pairing a y` via `map_sub (D.pairing a) x y`.

Then the equation `pairing (laplacian u) v - pairing u (laplacian v) = boundaryForm u v` can be rewritten: we need `pairing u (laplacian v)` in terms of `pairing (laplacian u) v` and `boundaryForm u v`. From the field: `pairing (laplacian u) v - pairing u (laplacian v) = boundaryForm u v`, so `pairing u (laplacian v) = pairing (laplacian u) v - boundaryForm u v`. `linarith` or `rw [← sub_eq_iff_eq_add]`... I'll just use `linarith [D.laplacian_ibp j.1 k.1]` after expanding? Since the goal is a linear equation in these atoms, `linarith` should work after the terms are in the right form. Let me write the proof as:

```lean
theorem formal_adjoint ... := by
  rw [D.forwardHeat_apply, D.backwardHeat_apply]
  simp only [LinearMap.map_sub, LinearMap.map_add, LinearMap.map_neg, LinearMap.sub_apply,
             LinearMap.add_apply, LinearMap.neg_apply, ConjugateHeatData.pairingDerivative]
  linarith [D.laplacian_ibp j.1 k.1, D.scalarMul_selfAdjoint j.1 k.1, D.pairing_symm ...]
```

Hmm, need to make sure `D.pairingDerivative` unfolds. Let me define it as a `def` and `simp [ConjugateHeatData.pairingDerivative]`.

Actually, let me reconsider: do I even need `pairing_symm`? In the identity:
LHS after expansion = pairing j.2 k.1 - pairing (Δj.1) k.1 + pairing j.1 k.2 + pairing j.1 (Δk.1) - pairing j.1 (R k.1).
Wait, `pairing j.1 (-k.2 - Δk.1 + Rk.1) = -pairing j.1 k.2 - pairing j.1 (Δk.1) + pairing j.1 (Rk.1)`. And subtract: `- pairing j.1 (backwardHeat k) = +pairing j.1 k.2 + pairing j.1 (Δk.1) - pairing j.1 (Rk.1)`.
So LHS = pairing j.2 k.1 - pairing (Δj.1) k.1 + pairing j.1 k.2 + pairing j.1 (Δk.1) - pairing j.1 (Rk.1).
RHS = pairing j.2 k.1 + pairing j.1 k.2 - pairing (Rj.1) k.1 - boundaryForm j.1 k.1.
Equality ⟺ -pairing (Δj.1) k.1 + pairing j.1 (Δk.1) - pairing j.1 (Rk.1) = -pairing (Rj.1) k.1 - boundaryForm j.1 k.1.
Using scalarMul_selfAdjoint: pairing j.1 (Rk.1) = pairing (Rj.1) k.1. Then need -pairing(Δj.1)k.1 + pairing j.1(Δk.1) = -boundaryForm j.1 k.1, i.e. pairing(Δj.1)k.1 - pairing j.1(Δk.1) = boundaryForm j.1 k.1. Exactly the IBP field. No pairing_symm needed for the main theorem. But keep symmetry as part of the interface anyway (it's a stated property of an L² pairing, and used for scalarMul self-adjointness maybe).

Wait, `scalarMul_selfAdjoint` as stated: `pairing (scalarMul u) v = pairing u (scalarMul v)`. Good.

Now, the concrete model. To instantiate the abstract `ConjugateHeatData`, I need a module F. F = V → ℝ with V finite. The pairing:
```lean
def pairing (m : V → ℝ) : (V → ℝ) →ₗ[ℝ] (V → ℝ) →ₗ[ℝ] :=
  LinearMap.mk₂ ℝ (fun u v => ∑ x, m x * u x * v x) ... (prove bilinearity)
```
That's some work with Finset sums, but standard:
- `∑ x, m x * (u x + u' x) * v x = ...` via `Finset.sum_congr` and `ring`.
- scalar: `∑ x, m x * (c * u x) * v x = c * ∑ x, m x * u x * v x` via `Finset.mul_sum` and `ring`.

Alternatively, use `LinearMap.mk₂` and prove the axioms with `simp [Finset.sum_add_distrib, Finset.mul_sum, ...]` + `ring_nf`. Or avoid constructing the LinearMap by taking `pairing` as a bilinear form in the interface but proving linearity fields manually. Hmm. Maybe a simpler abstract setup: define `pairing` as a plain function `F → F → ℝ` with bilinearity lemmas as fields of the interface:

```lean
structure MetricFlowInterface (F) [AddCommGroup F] [Module ℝ F] where
  pairing : F → F → ℝ
  pairing_add_left : ...
  pairing_smul_left : ...
  pairing_add_right : ...
  pairing_smul_right : ...
  ...
```

That's more fields but avoids LinearMap construction pains. However, LinearMap is cleaner in theorem statements and `simp` lemmas exist. Let me try the LinearMap route but be ready to fall back.

Actually, there's a middle ground: define pairing as a plain function and state bilinearity in a bundled way using `IsBilinForm`? Hmm, mathlib has `LinearMap.BilinForm`, `LinearMap.IsSymm`, etc. There's `LinearMap.BilinForm R M = M →ₗ[R] M →ₗ[R] R`. Same as LinearMap route.

I'll write a helper to build the weighted pairing as a LinearMap. In Lean 4 / mathlib, `LinearMap.mk₂` signature:
```
LinearMap.mk₂ (R) (f : M → N → P) (add_left) (smul_left) (add_right) (smul_right) : M →ₗ[R] N →ₗ[R] P
```
Actually for `R` semiring, `LinearMap.mk₂` requires `[CommSemiring R] [AddCommMonoid M] [AddCommMonoid N] [AddCommMonoid P] [Module R M] [Module R N] [Module R P]`. Fine.

Proving add_left: `∀ x y z, f (x + y) z = f x z + f y z`:
```
simp only [Pi.add_apply, mul_add, Finset.sum_add_distrib]
```
Let's see: `∑ i, m i * (u i + v i) * w i`. With `mul_add` inside: `m i * (u i + v i) * w i = (m i * u i + m i * v i) * w i = m i * u i * w i + m i * v i * w i`. `ring_nf` can normalize each summand, but under `Finset.sum` we need `Finset.sum_congr rfl (fun i _ => by ring)`. So:

```lean
add_left := by
  intro u v w
  simp only [Pi.add_apply]
  rw [Finset.sum_congr rfl (fun i _ => by ring : ...)]
  ...
```

Maybe easier: prove `pairing_add_left` as a separate lemma:
```lean
lemma sum_mul_add_left : ∀ u v w : V → ℝ, (∑ i, m i * (u i + v i) * w i) = (∑ i, m i * u i * w i) + (∑ i, m i * v i * w i) := by
  intro u v w
  simp only [Pi.add_apply, mul_add, add_mul, Finset.sum_add_distrib]
```
`mul_add : a * (b + c) = a*b + a*c`; `add_mul : (a + b) * c = a*c + b*c`. So `m i * (u i + v i) * w i` → `(m i * u i + m i * v i) * w i` → `m i * u i * w i + m i * v i * w i`. `simp only [mul_add, add_mul, Finset.sum_add_distrib]` should work. Then smul_left: `∑ i, m i * (c • u i) * w i = c * ∑ i, m i * u i * w i`. In `V → ℝ`, `(c • u) i = c * u i` (`Pi.smul_apply`, `smul_eq_mul`). Then `∑ i, m i * (c * u i) * w i = ∑ i, c * (m i * u i * w i) = c * ∑ i, ...` via `Finset.mul_sum`. Use `simp only [Pi.smul_apply, smul_eq_mul, Finset.mul_sum]` and `Finset.sum_congr` with `ring`.

This is manageable.

Alternatively, since `V → ℝ` with finite V is just `V → ℝ`, maybe I can express the pairing using existing mathlib: the `l2` inner product? There's `Finset.sum` inner product `PiLp`... Not worth it. Direct sums are fine.

Now, the Laplacian as a linear map. Define:
```lean
def graphLaplacianRaw (w : E → ℝ) (u : V → ℝ) : V → ℝ :=
  fun x => ∑ e, w e * ((if src e = x then u x - u (tgt e) else 0) + (if tgt e = x then u x - u (src e) else 0))
```
This is a sum over all edges with indicator conditions, which makes linearity proof easier (sum of linear terms). Or define with filters as in the divergence task. For linearity, the `if` formulation is easier: `u ↦ (if p then u x - u y else 0)` is linear in u. Then `graphLaplacianRaw w : (V → ℝ) →ₗ[ℝ] (V → ℝ)` can be built as a sum of linear maps. Let me construct it as:

```lean
def edgeLap (e : E) : (V → ℝ) →ₗ[ℝ] (V → ℝ) :=
  w e • ((LinearMap.proj (src e)).comp ? ...)
```

Hmm, let me think. For a fixed edge e, the contribution as a function of u is:
`fun x => w e * ((if src e = x then u x - u (tgt e) else 0) + (if tgt e = x then u x - u (src e) else 0))`.

Define for each edge:
`edgeOp e u := fun x => if src e = x then w e * (u x - u (tgt e)) else if tgt e = x then w e * (u x - u (src e)) else 0`.

Linearity: for `u + v`: pointwise by cases and ring. For smul similarly. We can prove linearity by `ext x; by_cases h1 : src e = x <;> by_cases h2 : tgt e = x <;> simp [h1, h2, add_mul, mul_add]` etc. That's fine but requires care with `if` and `DecidableEq V`.

Then `graphLaplacian w = ∑ e, edgeOp e`. Building a Finset sum of linear maps: `∑ e, edgeOp e` works in `(V → ℝ) →ₗ[ℝ] (V → ℝ)` since it's a module. Then apply: `(∑ e, edgeOp e) u = ∑ e, edgeOp e u` by `LinearMap.sum_apply`.

Alternatively, avoid the LinearMap construction entirely and define the Laplacian as a plain function with linearity lemmas proved on the fly. The interface requires `laplacian : F →ₗ F`, so I need the bundled map. But I can build it via `LinearMap.mk`:

```lean
def graphLaplacian (w : E → ℝ) : (V → ℝ) →ₗ[ℝ] (V → ℝ) where
  toFun u := fun x => ∑ e, w e * ((if src e = x then u x - u (tgt e) else 0) + (if tgt e = x then u x - u (src e) else 0))
  map_add' u v := by ext x; simp only [Pi.add_apply]; congr 1; ... 
  map_smul' c u := by ext x; ...
```

The `map_add'` proof: the expression is a sum over e of terms each linear in u. With `simp only [Finset.sum_add_distrib]` after showing each summand splits. Let me write a lemma for the summand:
```lean
private lemma edgeTerm_add (w : E → ℝ) (u v : V → ℝ) (x : V) :
    (∑ e, w e * ((if src e = x then (u+v) x - (u+v) (tgt e) else 0) + ...)) = ...
```
Hmm, this is getting messy. Maybe define the Laplacian differently, in a way that linearity is automatic.

Better formulation: The mass-normalized Laplacian via the Dirichlet form. Since the pairing with the Dirichlet form is the key identity, I could define the Laplacian *implicitly* through a bilinear form, but the interface wants a LinearMap.

Alternative: use the standard "divergence-form" Laplacian defined through a linear combination of evaluation maps. Note that for fixed e and x, the expression is a linear functional of u. Evaluation `u ↦ u x` is a linear map `LinearMap.proj x : (V → ℝ) →ₗ[ℝ] ℝ`. So:

`edgeOp e = w e • ((LinearMap.proj (src e) - (LinearMap.proj (tgt e)).comp ?) ...)` hmm, need to build the map `u ↦ fun x => if src e = x then u x - u (tgt e) else ...`. 

Define the "incidence" linear map for an oriented edge: `incidence e : (V → ℝ) →ₗ[ℝ] (V → ℝ)` where `(incidence e u) x = if x = src e then u (src e) - u (tgt e) else if x = tgt e then u (tgt e) - u (src e) else 0`. Then the Laplacian contribution is `w e • incidence e`, and `graphLaplacian w = ∑ e, w e • incidence e`. And `incidence e` can be built from `LinearMap.proj` and `Pi` operations:

`incidence e = (LinearMap.proj (src e) - LinearMap.proj (tgt e)) • (Pi.single (src e) 1 - Pi.single (tgt e) 1)`? Hmm, scalar multiplication of a linear functional by a vector isn't a linear map in the right way... Actually for a linear map `φ : F →ₗ ℝ` and a vector `v : G`, `φ • v` isn't standard.

We can use `LinearMap.pi`? There's `LinearMap.pi : (∀ i, M →ₗ R φ i) → M →ₗ ∀ i, φ i` (for dependent product). Specifically, `LinearMap.pi (fun x => ...) : F →ₗ[ℝ] (∀ x, ℝ)` where the x-component is a linear map `F →ₗ ℝ`. So define:

```lean
def incidence (e : E) : (V → ℝ) →ₗ[ℝ] (V → ℝ) :=
  LinearMap.pi (fun x =>
    if x = src e then LinearMap.proj (src e) - LinearMap.proj (tgt e)
    else if x = tgt e then LinearMap.proj (tgt e) - LinearMap.proj (src e)
    else 0)
```

Then `incidence e u x = if x = src e then (u (src e) - u (tgt e)) else if x = tgt e then (u (tgt e) - u (src e)) else 0`, and linearity is automatic. `LinearMap.pi` exists in mathlib as `LinearMap.pi` (for `[Fintype ι]`? it needs `∀ i, ...` with no finiteness? I think `LinearMap.pi (f : ∀ i, M →ₗ[R] φ i) : M →ₗ[R] ∀ i, φ i` exists with no Fintype requirement since it's just tupling). Let me check mathlib: `LinearMap.pi` is in `Mathlib.LinearAlgebra.Pi`: `def pi (f : ∀ i, M →ₗ[R] φ i) : M →ₗ[R] ∀ i, φ i`. Yes.

But `LinearMap.proj` requires `[Fintype ι]` and `DecidableEq ι`? `LinearMap.proj (i : ι) : (ι → R) →ₗ[R] R` is defined for `[Fintype ι]`? I believe `LinearMap.proj` has `[Fintype ι]`... Actually `LinearMap.proj i : (ι → φ i) →ₗ[R] φ i` might require `[DecidableEq ι]` and `[Fintype ι]`. For a single index it's `LinearMap.proj i` with `[Fintype ι]` and `[DecidableEq ι]`? There's also `LinearMap.proj` defined via `Pi.evalLinearMap`? In recent mathlib, `LinearMap.proj` is `M →ₗ[R] φ i` for `[Fintype ι]`? Hmm. There's `Pi.evalLinearMap`? Let me check in the pinned mathlib. I can search. But V is Fintype and DecidableEq in our setup, so any of these works.

Actually simpler: `LinearMap.proj i` might not exist under that name; there's `LinearMap.proj` for `(i : ι) : (∀ i, φ i) →ₗ[R] φ i` requiring `[Fintype ι] [DecidableEq ι]`? Let me grep mathlib when I have the scaffold copied.

Alternatively, build `incidence e` from `Pi.evalLinearMap` or `LinearMap.funLeft`? Another approach: define the incidence map as `(Pi.evalLinearMap _ (src e) : (V → ℝ) →ₗ ℝ) - ...` composed with `Pi.single`... Hmm, need a linear map to functions: `(f : F →ₗ ℝ) ↦ fun x => if x = a then f u else 0` is not linear in u in a simple way... Actually it is: `x ↦ Pi.single a (f u) x`. Define `toSingle (a : V) : (F →ₗ ℝ) →ₗ (V → ℝ)`? This is `f ↦ Pi.single a (f ·)`, which is linear in f. Can build as `(LinearMap.pi (fun x => if x = a then f else 0))`, but this needs f as a variable — i.e., a linear map `(V →ₗ ℝ) →ₗ (V → ℝ)` given by `LinearMap.pi (fun x => if x = a then ??? )` where the component must be a linear map from `(V →ₗ ℝ)` to ℝ, namely `LinearMap.eval a : (V →ₗ ℝ) →ₗ ℝ`? Hmm, `f ↦ f a` is linear in f: that's `LinearMap.applyₗ`? In mathlib there's `LinearMap.applyₗ (x : M) : (M →ₗ[R] N) →ₗ[R] N`? I recall `LinearMap.applyₗ` or `LinearMap.proj`. This is getting complicated.

Easiest robust approach: define the Laplacian as a plain function and prove linearity lemmas via extensionality and `by_cases`/`simp`, then bundle with `LinearMap.mk`. Let me write the proofs carefully; they're mechanical.

Actually, even easier: use the `Finset.sum` over edges of a *function* and show linearity by proving a general lemma: if `g : E → F →ₗ[ℝ] G`, then `u ↦ ∑ e, g e u` is linear (this is `Finset.sum` of linear maps applied, or `(∑ e, g e) u`). So define `edgeOp e : (V → ℝ) →ₗ[ℝ] (V → ℝ)` for each edge via `LinearMap.mk` with simple proofs. For a fixed e, the linearity proof is easy:

```lean
def edgeOp (e : E) : (V → ℝ) →ₗ[ℝ] (V → ℝ) where
  toFun u := fun x => if x = src e then w e * (u (src e) - u (tgt e))
                     else if x = tgt e then w e * (u (tgt e) - u (src e)) else 0
  map_add' u v := by
    funext x
    by_cases h1 : x = src e
    · subst h1  -- careful: src e is an expression
      simp [add_mul, mul_add]
    · by_cases h2 : x = tgt e
      · subst h2; simp [h1, add_mul, mul_add]
      · simp [h1, h2]
  map_smul' c u := by
    funext x
    by_cases h1 : x = src e
    · subst h1; simp [mul_sub, mul_assoc]
    ...
```

Hmm, `subst h1` when h1 : x = src e and src e is not a variable — `subst` may fail. Use `rw [h1]` then `simp`. Note: after `rw [h1]`, the condition `x = src e` becomes `src e = src e`? Actually the expression is `if x = src e then ...`; rewriting `x` to `src e` gives `if src e = src e then ...`. Also the inner `u x` becomes `u (src e)`. Good. Let me structure:

```lean
map_add' u v := by
  funext x
  by_cases h1 : x = src e
  · rw [h1]; simp only [if_true, Pi.add_apply]; ring
  · by_cases h2 : x = tgt e
    · rw [h2]; simp only [h1, if_false, if_true, Pi.add_apply]; ring
    · simp only [h1, h2, if_false, Pi.add_apply]; ring
```

Careful: after `rw [h1]`, the `x = tgt e` branch may also need handling; the expression `if x = tgt e then ...` with x replaced by src e; then `simp [h1]`? If `src e = tgt e` possible (self-loop), the first branch already picks it, so the `if` is `if src e = tgt e then ... else 0` but it's inside the else of the first if, which was `if src e = src e` → true, so the whole thing is the first branch. After `rw [h1]; simp` should reduce to the first branch. So:
```lean
  · rw [h1]
    simp only [↓reduceIte, Pi.add_apply]
    ring
```
Actually `if src e = src e` simplifies by `↓reduceIte`. Then goal: `w e * (u (src e) + v (src e) - (u (tgt e) + v (tgt e))) = w e * (u (src e) - u (tgt e)) + w e * (v (src e) - v (tgt e))`; `ring` closes. Good. The other branches: `simp only [h1, if_false, ...]` then ring.

For smul: `(c • u) x = c * u x`; `Pi.smul_apply`, `smul_eq_mul`. Goal: `w e * (c * u s - c * u t) = c * (w e * (u s - u t))`; `ring`.

Then `graphLaplacianRaw w := ∑ e, edgeOp e` (a linear map), and `graphLaplacianRaw_apply : (∑ e, edgeOp e) u x = ∑ e, (edgeOp e u) x` via `LinearMap.sum_apply`. For the Green identities, I'll unfold to the edge-sum form anyway.

Now, Green's first identity. Let me define the Dirichlet form as a plain function:
`dirichletForm w S u v = ∑ e ∈ Finset.univ.filter (fun e => src e ∈ S ∧ tgt e ∈ S), w e * (u (tgt e) - u (src e)) * (v (tgt e) - v (src e))`.

And the boundary pairing:
`boundaryPair w S u v = ∑ e ∈ univ.filter (src e ∈ S ∧ tgt e ∉ S), w e * (u (src e) - u (tgt e)) * v (src e) + ∑ e ∈ univ.filter (tgt e ∈ S ∧ src e ∉ S), w e * (u (tgt e) - u (src e)) * v (tgt e)`.

Pairing over S: `pairingOn m S u v = ∑ x ∈ S, m x * u x * v x`.

Claim (Green's first identity): `pairingOn m S (Δ u) v = -dirichletForm w S u v + boundaryPair w S u v`, where `Δ u x = (m x)⁻¹ * (∑ e, edgeOp e u x)`.

Proof sketch: 
`∑_{x∈S} m x * ((m x)⁻¹ * (∑ e, edgeOp e u x)) * v x = ∑_{x∈S} (∑ e, edgeOp e u x) * v x` (since m x ≠ 0; actually `m x * (m x)⁻¹ * ... = ...` needs `m x ≠ 0`).
= `∑_{x∈S} ∑ e, (edgeOp e u x) * v x` (swap sums; `Finset.sum_comm`).
= `∑_e ∑_{x∈S} (edgeOp e u x) * v x`.
For each edge e, analyze:
- If src e ∈ S ∧ tgt e ∈ S: contribution = `w e * (u s - u t) * v s + w e * (u t - u s) * v t` = `- w e * (u t - u s) * (v t - v s)`. Check: (u_s - u_t) v_s + (u_t - u_s) v_t = (u_s - u_t)(v_s - v_t) = -(u_t - u_s)(v_s - v_t) = -(u_t-u_s)(v_t-v_s)? (v_s - v_t) = -(v_t - v_s), so (u_s-u_t)(v_s-v_t) = -(u_s-u_t)(v_t-v_s) = -(-(u_t-u_s))(v_t-v_s) = (u_t-u_s)(v_t-v_s). Hmm, let me recompute: (u_s - u_t)(v_s - v_t). Let a = u_t - u_s, b = v_t - v_s. Then u_s - u_t = -a, v_s - v_t = -b, product = ab. So contribution = w e * a * b = w e (u_t-u_s)(v_t-v_s) = + Dirichlet term. Hmm, so the identity might be `pairing = +dirichlet + boundary`? Let me recheck with the standard identity: `∫_M (Δu) v = -∫_M ⟨∇u,∇v⟩ + ∫_∂M (∂_n u) v`. So the sign should be negative. Let me recompute the edge contribution sign.

The Laplacian at x: `(Δu)(x) = ∑_{e: src=x} w_e (u_x - u_{tgt}) + ∑_{e: tgt=x} w_e (u_x - u_{src})`. For an internal edge e with s,t ∈ S, the total contribution to `∑_{x∈S} (Δu x) v x` is `w_e (u_s - u_t) v_s + w_e (u_t - u_s) v_t = w_e (u_s-u_t)(v_s - v_t)`. Let a = u_t - u_s, b = v_t - v_s: u_s - u_t = -a, v_s - v_t = -b, product = ab = (u_t-u_s)(v_t-v_s). So contribution is `+ w_e a b`. But the Dirichlet form uses `(u_t - u_s)(v_t - v_s) = ab`, so the contribution is `+dirichlet`. Hmm, but the standard identity has a minus sign. The discrepancy: my Laplacian is the *negative* of the standard one. The standard graph Laplacian is `(Δu)(x) = ∑_{e∋x} w_e (u_{other} - u_x)`, i.e., the opposite sign. Let me define the Laplacian with the standard sign:

`(Δu)(x) = (1/m_x) [∑_{e: src=x} w_e (u_{tgt} - u_x) + ∑_{e: tgt=x} w_e (u_{src} - u_x)]`.

Then for an internal edge: contribution = `w_e (u_t - u_s) v_s + w_e (u_s - u_t) v_t = w_e (u_t-u_s)(v_s - v_t) = -w_e (u_t-u_s)(v_t-v_s)` = -dirichlet. Good, and `pairing(Δu,v) = -E(u,v) + boundary`, matching `∫Δu v = -∫|∇u|² + ∫∂_n u v`. 

So define the Laplacian as:
`lap u x = (m x)⁻¹ * (∑_{e: src e = x} w e * (u (tgt e) - u x) + ∑_{e: tgt e = x} w e * (u (src e) - u x))`.

Then Green's first identity: `pairingOn m S (lap u) v = -dirichletForm w S u v + boundaryPair w S u v` with the boundary pair defined as:
- For e with src ∈ S, tgt ∉ S: contribution at x=src: `w e (u_t - u_s) v_s`. In terms of the outward derivative: `(u_t - u_s)` is the difference from interior to exterior; so boundary term = `w e * (u (tgt e) - u (src e)) * v (src e)`.
- For e with tgt ∈ S, src ∉ S: contribution at x=tgt: `w e (u_s - u_t) v_t = w e * (u (src e) - u (tgt e)) * v (tgt e)`.

So `boundaryPair w S u v = ∑_{src∈S, tgt∉S} w e * (u (tgt e) - u (src e)) * v (src e) + ∑_{tgt∈S, src∉S} w e * (u (src e) - u (tgt e)) * v (tgt e)`.

Then Green's second identity: `pairing (lap u) v - pairing u (lap v) = boundaryPair u v - boundaryPair v u`. Define `boundaryForm u v = boundaryPair u v - boundaryPair v u`; it's antisymmetric by construction. Good.

Also `pairingOn` with `S = univ` and no boundary: `pairing (lap u) v = -dirichletForm univ u v`, and if all edges are internal (`S = univ`, no edges leaving), `boundaryPair univ u v = 0` (since filters `src ∈ univ ∧ tgt ∉ univ` are empty). So `pairing (lap u) v = -dirichlet` and Laplacian is self-adjoint on the closed graph. Nice.

This gives a genuinely meaningful concrete model. Now, the amount of Lean work: Green's first identity is a nontrivial sum manipulation. Let me plan the proof strategy.

Approach: prove a "per-edge" identity and sum over edges. 

Step 1: Rewrite `pairingOn m S (lap u) v` as `∑ x ∈ S, (∑ e, edgeTerm e x u) * v x` where `edgeTerm e x u = if x = src e then w e * (u (tgt e) - u x) else if x = tgt e then w e * (u (src e) - u x) else 0`. Wait, but `lap u x = (m x)⁻¹ * (∑ e, edgeOp e u x)` where `edgeOp e u x` should now be `if x = src e then w e * (u (tgt e) - u x) else if x = tgt e then w e * (u (src e) - u x) else 0`. Let me define `edgeOp` accordingly.

Then `pairingOn m S (lap u) v = ∑ x ∈ S, m x * ((m x)⁻¹ * (∑ e, edgeOp e u x)) * v x = ∑ x ∈ S, (∑ e, edgeOp e u x) * v x` using `m x * (m x)⁻¹ = 1` (needs `m x ≠ 0`; from mass_pos). Use `Finset.sum_congr` with `field_simp` or `mul_inv_cancel₀`. Actually `m x * ((m x)⁻¹ * A) * v x = A * v x`; proof: `rw [← mul_assoc, mul_inv_cancel₀ (ne_of_gt (mass_pos x)), one_mul]`.

Step 2: `∑ x ∈ S, (∑ e, f e x) * v x = ∑ e, ∑ x ∈ S, f e x * v x`. Need to distribute: `(∑ e, f e x) * v x = ∑ e, f e x * v x` via `Finset.sum_mul`. Then `∑ x ∈ S, ∑ e, ... = ∑ e, ∑ x ∈ S, ...` via `Finset.sum_comm`. Since S is a Finset and e ranges over univ. `Finset.sum_comm` for `∑ x ∈ S, ∑ e ∈ univ, g x e = ∑ e ∈ univ, ∑ x ∈ S, g x e`. There's `Finset.sum_comm` and `Finset.sum_comm'`. We can rewrite `∑ x ∈ S, ...` as `∑ x, if x ∈ S then ...`? Or use `Finset.sum_comm` with the sums over `S` and `univ`. `Finset.sum_comm : (∑ x ∈ s, ∑ y ∈ t, f x y) = ∑ y ∈ t, ∑ x ∈ s, f x y`? I think `Finset.sum_comm` is for `∑ x in s, ∑ y in t, f x y = ∑ y in t, ∑ x in s, f x y`. In the D7-divergence task they used `Finset.sum_comm` similarly. Good.

Step 3: For each edge e, compute `∑ x ∈ S, edgeTerm e x u * v x` and show it equals:
- if src ∈ S ∧ tgt ∈ S: `- w e * (u (tgt e) - u (src e)) * (v (tgt e) - v (src e))`.
- if src ∈ S ∧ tgt ∉ S: `w e * (u (tgt e) - u (src e)) * v (src e)`.
- if tgt ∈ S ∧ src ∉ S: `w e * (u (src e) - u (tgt e)) * v (tgt e)`.
- if src ∉ S ∧ tgt ∉ S: 0.
(Also self-loops: if src = tgt, then both conditions can't be "one in one out"; internal case applies. Need to handle.)

Then summing over e and splitting the edge set by these four cases gives the identity. The per-edge computation requires evaluating the sum over x ∈ S of a function that's nonzero only at x = src and x = tgt. Use `Finset.sum_eq_add_sum_diff_singleton` or `Finset.sum_eq_single` twice. Alternatively, since `edgeTerm e x u * v x = 0` unless x = src e or x = tgt e, we can use `Finset.sum_eq_add_of_mem`? Let me think of the cleanest.

Alternative approach avoiding per-edge case analysis: Expand everything and use `Finset.sum_comm` plus `Finset.sum_ite_eq`. Define the Laplacian using filters (like the divergence task):

`lap u x = (m x)⁻¹ * ( ∑_{e: src e = x} w e * (u (tgt e) - u x) + ∑_{e: tgt e = x} w e * (u (src e) - u x) )`.

Then:
`∑ x ∈ S, (∑_{e: src e = x} w e (u_t - u_x)) * v x = ∑ x ∈ S, ∑ e ∈ filter (src = x), w e (u_t-u_x) * v x` (using `Finset.sum_filter` to rewrite the filtered sum as a sum with ite, or use `Finset.sum_mul` and then `Finset.sum_filter`).

Then exchange sums: `∑ x ∈ S, ∑ e, [src e = x] * ... = ∑ e, ∑ x ∈ S, [src e = x] * ...`. Then `∑ x ∈ S, [src e = x] * g x = if src e ∈ S then g (src e) else 0` via `Finset.sum_ite_eq'`/`sum_ite_eq`. This is exactly the technique from the divergence task. The relevant lemmas: `Finset.sum_filter`, `Finset.sum_ite_eq'`, `Finset.sum_comm`.

This might be cleaner because the per-edge evaluation is handled by `sum_ite_eq'`. Let me define the Laplacian with filters:

`lapRaw w u x := ∑ e ∈ univ.filter (fun e => src e = x), w e * (u (tgt e) - u x) + ∑ e ∈ univ.filter (fun e => tgt e = x), w e * (u (src e) - u x)`.

Linearity of this as a function of u: each term `w e * (u (tgt e) - u x)` is linear; sums of linear. Building the LinearMap: use `LinearMap.mk` with `map_add'` proved by `simp [Finset.sum_add_distrib, ...]; ring`. For a fixed x:
`lapRaw w (u+v) x = ∑ e ∈ filter, w e * ((u+v) t - (u+v) x) + ...`. Since `(u+v) y = u y + v y`, each summand splits into sum of two; `Finset.sum_add_distrib` splits the sum. So:
```lean
map_add' u v := by
  funext x
  simp only [Pi.add_apply]
  rw [Finset.sum_congr rfl (fun e _ => by ring)] -- maybe not needed
  simp only [Finset.sum_add_distrib]
  ring
```
Actually `simp only [Pi.add_apply, mul_add, ...]` might not split inside the filtered sum. Use:
```lean
  simp only [Pi.add_apply]
  have h1 : ∀ e ∈ univ.filter (fun e => src e = x), w e * ((u+v) (tgt e) - (u+v) x) = w e * (u (tgt e) - u x) + w e * (v (tgt e) - v x) := by
    intro e _; simp only [Pi.add_apply]; ring
  rw [Finset.sum_congr rfl h1, Finset.sum_add_distrib]
  congr 1 <;> (apply Finset.sum_congr rfl; intro e _; ...; ring)
```
Hmm, `Finset.sum_congr` rewrites all summands but `Finset.sum_congr` requires the equality for members. Let me instead use `Finset.sum_congr rfl (fun e he => by simp only [Pi.add_apply]; ring)` applied via `conv` or just:

```lean
map_add' u v := by
  funext x
  simp only [Pi.add_apply]
  have : (∑ e ∈ univ.filter (fun e => src e = x), w e * (u (tgt e) + v (tgt e) - (u x + v x)))
       = ∑ e ∈ univ.filter (fun e => src e = x), (w e * (u (tgt e) - u x) + w e * (v (tgt e) - v x)) := by
    apply Finset.sum_congr rfl
    intro e _
    ring
  rw [this, Finset.sum_add_distrib]
  ...
```

Alternatively, avoid LinearMap entirely for the concrete model: define `MetricFlowInterface` with `pairing : F →ₗ F →ₗ ℝ` but for the concrete model, we could instantiate F = V → ℝ and construct pairing as a LinearMap (needed) — that part is unavoidable. For the Laplacian, same. But maybe I can use `LinearMap.mk` with `map_add'` and `map_smul'` proofs using the general principle that `Finset.sum` of a family of linear maps is linear. I.e., express `lapRaw w` as `∑ e, (someLinearMap e)` where `someLinearMap e : (V → ℝ) →ₗ (V → ℝ)` and then linearity is free.

For a fixed edge e, the contribution to the Laplacian is:
`fun u x => (if src e = x then w e * (u (tgt e) - u x) else 0) + (if tgt e = x then w e * (u (src e) - u x) else 0)`.

Define `edgeLap e : (V → ℝ) →ₗ[ℝ] (V → ℝ)` via `LinearMap.pi`:
component x: `(if src e = x then w e • (LinearMap.proj (tgt e) - LinearMap.proj x) else 0) + (if tgt e = x then w e • (LinearMap.proj (src e) - LinearMap.proj x) else 0)`.
Wait, `w e • (φ : (V → ℝ) →ₗ ℝ)` is a linear map (scalar multiplication in the module of linear maps). And `LinearMap.proj y : (V → ℝ) →ₗ[ℝ] ℝ` is evaluation at y (needs Fintype? For the product of infinitely many? V is finite, but evaluation `Pi.evalLinearMap`? Let me check mathlib names: `LinearMap.proj` might be `(i : ι) : (ι → φ i) →ₗ[R] φ i` requiring `[DecidableEq ι] [Fintype ι]`? Hmm. There's `Pi.evalLinearMap`? I recall `LinearMap.proj` in `Mathlib.LinearAlgebra.Basic` or `Pi`: `def proj (i : ι) : (ι → φ i) →ₗ[R] φ i` with `[Fintype ι]` and `[DecidableEq ι]`? Let me check by grepping mathlib once copied. If `LinearMap.proj` isn't available, use `LinearMap.applyₗ`? Actually the simplest evaluation linear map is `Pi.evalLinearMap`? I'm fairly sure mathlib has `LinearMap.proj`. The D7-divergence task didn't need it.

But `LinearMap.pi` needs the target to be a dependent function type: `LinearMap.pi (f : ∀ i, M →ₗ[R] φ i) : M →ₗ[R] (∀ i, φ i)`. Yes I'm fairly confident this exists.

Hmm, using `LinearMap.pi` with `if` conditions: `LinearMap.pi (fun x => if src e = x then (w e) • (LinearMap.proj (tgt e) - LinearMap.proj x) else 0)`. Since `if` on linear maps is fine (DecidableEq V gives decidable equality on x). Then the resulting map applied to u at x equals the expected expression. Proving the apply lemma: `LinearMap.pi_apply`, `LinearMap.sub_apply`, `LinearMap.smul_apply`, `LinearMap.proj_apply`? There should be `LinearMap.pi_apply` and `LinearMap.proj_apply` simp lemmas. This could be clean.

Given uncertainty, the `LinearMap.mk` route with direct proofs might be more predictable. The `map_add'`/`map_smul'` proofs per x with `by_cases` and `ring` are straightforward. Let me go with defining the Laplacian via a finite sum of edge maps, each edge map built with `LinearMap.mk`:

```lean
noncomputable def edgeLap (w : E → ℝ) (e : E) : (V → ℝ) →ₗ[ℝ] (V → ℝ) where
  toFun u := fun x => (if x = src e then w e * (u (tgt e) - u x) else 0)
                    + (if x = tgt e then w e * (u (src e) - u x) else 0)
  map_add' u v := by
    funext x
    by_cases hs : x = src e <;> by_cases ht : x = tgt e <;>
      simp [hs, ht, Pi.add_apply, mul_add, add_mul, sub_add_sub_comm] <;> ring
  map_smul' c u := by
    funext x
    by_cases hs : x = src e <;> by_cases ht : x = tgt e <;>
      simp [hs, ht, Pi.smul_apply, smul_eq_mul] <;> ring
```

Hmm, `by_cases hs : x = src e <;> by_cases ht : x = tgt e` yields 4 goals; `simp [hs, ht, ...]` then `ring`. The `simp` with `hs : x = src e` rewrites x to src e? `simp [hs]` uses `hs` as a rewrite rule `x = src e` replacing x by src e everywhere. That should work. Potential issue: rewriting `x` (a bound variable after funext) everywhere is fine. Let me be careful about `u x` becoming `u (src e)` — yes via hs. And `if x = src e` becomes `if src e = src e` → `if_pos rfl`. But simp might rewrite the if-condition using hs to `src e = src e` then reduce. Good.

Then `graphLaplacian w := ∑ e, edgeLap w e` (linear map). Then `graphLaplacian_apply : graphLaplacian w u x = ∑ e, ((if x = src e then ...) + (if x = tgt e then ...))` via `LinearMap.sum_apply` and `rfl`.

But for the Green identity, I want the filtered-sum form. I can relate:
`∑ e, (if x = src e then w e * (u (tgt e) - u x) else 0) = ∑ e ∈ univ.filter (fun e => src e = x), w e * (u (tgt e) - u x)` by `Finset.sum_filter` (in reverse). The lemma `Finset.sum_filter` states `∑ x ∈ s.filter p, f x = ∑ x ∈ s, if p x then f x else 0`. So `rw [← Finset.sum_filter]` turns the ite sum into a filtered sum. But the direction of the equality in Lean: `Finset.sum_filter : (∑ x ∈ s.filter p, f x) = ∑ x ∈ s, if p x then f x else 0`. So `rw [← Finset.sum_filter]`. Good. Note `p x` here is `src x = x`? No: `fun e => src e = x`. Fine.

Then the Green proof proceeds with filtered sums.

Alternatively, I can define the Laplacian directly with filtered sums and build the LinearMap via a different decomposition. The edge-map approach plus `Finset.sum_filter` rewriting is fine.

Let me now think about how much Lean work this is. The Green identity proof:

Goal: `pairingOn m S (graphLaplacianMass w m u) v = -dirichletForm w S u v + boundaryPair w S u v`.

Define `lapOn m w u x := (m x)⁻¹ * graphLaplacian w u x` where `graphLaplacian w u x = ∑ e, edgeTerm e x u`.

Proof plan:
1. `pairingOn m S (lapOn m w u) v = ∑ x ∈ S, (graphLaplacian w u x) * v x`.
2. `= ∑ x ∈ S, (∑ e, edgeTerm e x u) * v x = ∑ x ∈ S, ∑ e, edgeTerm e x u * v x` (`Finset.sum_mul` per x, then `Finset.sum_comm`? Actually `(∑ e, f e) * v x = ∑ e, f e * v x` by `Finset.sum_mul`).
3. `= ∑ e, ∑ x ∈ S, edgeTerm e x u * v x` (`Finset.sum_comm`).
4. For each e, `∑ x ∈ S, edgeTerm e x u * v x` = the case value. Prove a lemma `edge_contribution`:
```lean
lemma sum_edgeTerm_mul (e : E) (u v : V → ℝ) (S : Finset V) :
    (∑ x ∈ S, edgeTerm e x u * v x)
      = (if src e ∈ S then (if tgt e ∈ S then - w e * (u (tgt e) - u (src e)) * (v (tgt e) - v (src e)) else w e * (u (tgt e) - u (src e)) * v (src e)) else 0)
      + (if tgt e ∈ S then (if src e ∈ S then 0 else w e * (u (src e) - u (tgt e)) * v (tgt e)) else 0)
```
Hmm, this is getting complicated. Let me think of a better decomposition.

Alternative cleaner route: split the edge set from the start:
- `E_int := univ.filter (fun e => src e ∈ S ∧ tgt e ∈ S)`
- `E_out := univ.filter (fun e => src e ∈ S ∧ tgt e ∉ S)`
- `E_in := univ.filter (fun e => tgt e ∈ S ∧ src e ∉ S)`
- `E_none := univ.filter (fun e => src e ∉ S ∧ tgt e ∉ S)`
And prove `∑ e ∈ univ, g e = ∑ e ∈ E_int, g e + ∑ e ∈ E_out, g e + ∑ e ∈ E_in, g e + ∑ e ∈ E_none, g e` for the relevant g. This requires filter splitting lemmas. The divergence task had `sum_filter_split`. I can port that.

Then for each class, show the inner sum over x ∈ S equals the corresponding expression:
- e ∈ E_int: `∑ x ∈ S, edgeTerm e x u * v x = -w e (u_t - u_s)(v_t - v_s)`. Since edgeTerm is nonzero at s and t (both in S): `= w e (u_t-u_s) v_s + w e (u_s-u_t) v_t`. To prove: `Finset.sum_eq_add_sum_diff_singleton` twice, or use `Finset.sum_eq_single` on the complement. Since edgeTerm e x u = 0 for x ∉ {s,t}, we can write:
  `∑ x ∈ S, edgeTerm e x u * v x = ∑ x ∈ ({s,t} ∩ S), ...`? Hmm.
  
  Simpler: `∑ x ∈ S, f x = ∑ x ∈ S \ {s}, f x + f s` if s ∈ S (via `Finset.sum_eq_add_sum_diff_singleton hs`? There's `Finset.sum_eq_add_sum_diff_singleton (h : a ∈ s) : ∑ x ∈ s, f x = f a + ∑ x ∈ s \ {a}, f x`). Then on `S \ {s}`, f is nonzero only at t: `∑ x ∈ S \ {s}, f x = f t` if t ∈ S \ {s} and all other terms zero. Use `Finset.sum_eq_single`:
  `Finset.sum_eq_single (t) (fun x hx hxt => by simp [edgeTerm, hxt, ...]) (fun ht => by simp [...])`. Hmm, `Finset.sum_eq_single a (h : ∀ b ∈ s, b ≠ a → f b = 0) (h' : a ∉ s → f a = 0)`. So:
  ```lean
  rw [Finset.sum_eq_single (tgt e) (fun x hx hxt => ?zero) (fun ht => ?zero)]
  ```
  The zero proof: x ∈ S \ {s}, x ≠ t. Need `edgeTerm e x u * v x = 0`. From x ≠ s and x ≠ t: both if-conditions false. `simp [edgeTerm, hxs, hxt]`.
  
This is doable but a lot of case handling. Given time constraints, maybe I should reduce scope while still satisfying the task. The task's core requirement 2: "Prove kernel-checked: formal adjointness of heat and conjugate-heat operators at the algebraic level under an explicit IBP certificate; a discrete conjugate-heat slab monotonicity toy."

Maybe I can make the concrete model simpler to reduce proof burden: use the **full space S = univ** (closed graph) for the Laplacian self-adjointness, where the boundary form vanishes, and get the explicit boundary form only abstractly? But the task wants an "explicit IBP certificate" — the boundary terms should be explicit. Hmm. But maybe a simpler concrete model: 1D slab/path graph where the boundary is just two endpoints and the Green identity is a telescoping sum, much easier to prove. Then the abstract interface is instantiated by the path graph model, and the general graph is optional.

Actually, let me reconsider. A very clean concrete model: **weighted path graph** `Fin (n+1)` with edges between consecutive nodes, mass m, weights w. The Laplacian:
`lap u i = (m i)⁻¹ * (w_{i-1} (u (i-1) - u i) + w_i (u (i+1) - u i))`.
Green's identity over a region S reduces to telescoping. But region S arbitrary subset of Fin(n+1) still has multiple boundary points; with a path graph, the boundary of S can be many points. Still, the proof is a single sum manipulation with `Fin.sum_univ_succ`-style.

Alternatively, use the **two-node slab** or a general finite graph but prove the Green identity with `Finset.sum_comm` and `Finset.sum_ite_eq` as in the divergence task. Actually, the divergence task already developed exactly the machinery (`sum_fiber_of_mem`, `sum_filter_split`) in `Poincare.D7.Divergence.Basic`. I can import and reuse it! The task allows importing existing modules. `Poincare.D7.Divergence.Basic` has:
- `DivergenceData` with `src tgt`,
- `sum_fiber_of_mem`,
- `sum_filter_split`,
- `IBPCertificate`.

I could define my graph on the same `DivergenceData` incidence structure and reuse `sum_filter_split`. But the Laplacian's linearity bundling is still needed for the abstract interface.

Hmm, wait. Maybe I'm overcomplicating. Let me reconsider the abstract interface: does `laplacian` need to be a bundled LinearMap? I could define the interface with plain functions and explicit linearity fields:

```lean
structure MetricFlowInterface (F) [AddCommGroup F] [Module ℝ F] where
  pairing : F → F → ℝ
  pairing_add_left : ∀ u v w, pairing (u + v) w = pairing u w + pairing v w
  pairing_smul_left : ∀ (c : ℝ) u v, pairing (c • u) v = c * pairing u v
  pairing_add_right : ∀ u v w, pairing u (v + w) = pairing u v + pairing u w
  pairing_smul_right : ∀ (c : ℝ) u v, pairing u (c • v) = c * pairing u v
  laplacian : F → F
  laplacian_add : ∀ u v, laplacian (u + v) = laplacian u + laplacian v
  laplacian_smul : ∀ c u, laplacian (c • u) = c • laplacian u
  scalarMul : F → F
  scalarMul_add : ...
  scalarMul_smul : ...
  boundaryForm : F → F → ℝ
  boundaryForm_add_left : ...
  ...
  pairing_symm : ∀ u v, pairing u v = pairing v u
  laplacian_ibp : ∀ u v, pairing (laplacian u) v - pairing u (laplacian v) = boundaryForm u v
  scalarMul_selfAdjoint : ∀ u v, pairing (scalarMul u) v = pairing u (scalarMul v)
```

That's ~15 fields, and the formal adjointness proof needs to use each linearity lemma. It's verbose but very explicit and easy to instantiate: for the concrete model, the linearity lemmas are direct sum manipulations. Hmm, but the theorem proof then needs to rewrite with these lemmas; `simp only [pairing_add_left, ...]` then `linarith`. Manageable, but many fields.

Actually, using `LinearMap` reduces the field count and gives `simp` lemmas for free. Let me stick with LinearMap and construct the concrete maps. The concrete model construction effort is bounded; the Green identity is the main work. Let me consider proving the Green identity for the full space (S = univ) first, and define the boundary form for general S but only prove the general identity if time permits. No — requirement 2 explicitly says "under an explicit IBP certificate", so the boundary terms matter.

Alternative: define the concrete model's `boundaryForm` as the *given* explicit boundary formula, and prove `laplacian_ibp` for the general region S. I think the proof is feasible with the filtered-sum approach. Let me think about a slicker proof.

Slick proof using the Dirichlet form as the definition of the boundary term:

Claim: For any functions u, v and region S,
`pairingOn m S (lap u) v = -dirichletForm w S u v + boundaryPair w S u v`.

Rewrite `pairingOn m S (lap u) v`:
= `∑ x ∈ S, (∑ e, edgeTerm e x u) * v x`
= `∑ e, ∑ x ∈ S, edgeTerm e x u * v x`.

Now, `edgeTerm e x u = w e * [ (if x = s then (u t - u x) else 0) + (if x = t then (u s - u x) else 0) ]`? Careful: my `edgeLap` has the form `(if x = s then w e * (u t - u x) else 0) + (if x = t then w e * (u s - u x) else 0)`. So `edgeTerm e x u = w e * (if x = s then u t - u x else 0) + w e * (if x = t then u s - u x else 0)` (factor out w e). Then
`∑ x ∈ S, edgeTerm e x u * v x`
= `w e * [∑ x ∈ S, (if x = s then u t - u x else 0) * v x + ∑ x ∈ S, (if x = t then u s - u x else 0) * v x]`.

Now, `∑ x ∈ S, (if x = s then (u t - u x) else 0) * v x = if s ∈ S then (u t - u s) * v s else 0`. Prove by `Finset.sum_ite_eq'`? The lemma `Finset.sum_ite_eq' (s : Finset α) (a : α) (b : α → β) : ∑ x ∈ s, (if x = a then b x else 0) = if a ∈ s then b a else 0`. Hmm, I need to check the exact form. There's `Finset.sum_ite_eq' : ∑ x ∈ s, (if x = a then b x else 0) = if a ∈ s then b a else 0`? The divergence card says `Finset.sum_ite_eq'` was used. Let me check in mathlib. I'll grep when copied. Likely:
- `Finset.sum_ite_eq (s : Finset ι) (a : ι) (b : ι → M) : (∑ x ∈ s, if a = x then b x else 0) = if a ∈ s then b a else 0`
- `Finset.sum_ite_eq' (s) (a) (b) : (∑ x ∈ s, if x = a then b x else 0) = if a ∈ s then b a else 0`

With `if x = s then (u t - u x) * v x else 0` — that's `sum_ite_eq'` with b x = (u t - u x) * v x. Great.

So:
`∑ x ∈ S, (if x = s then u t - u x else 0) * v x = if s ∈ S then (u t - u s) * v s else 0`.

But wait, `(if x = s then u t - u x else 0) * v x = if x = s then (u t - u x) * v x else 0 * v x = if x = s then ... else 0`. Need to push the multiplication inside the if: `by split <;> ring` or `by_cases`. There's `mul_ite`/`ite_mul` simp lemmas: `(if p then a else b) * c = if p then a*c else b*c` (`ite_mul`). `simp only [ite_mul, zero_mul]` should handle. Good.

Then summing over edges and splitting by membership conditions:

`∑ e, w e * (if s ∈ S then (u t - u s) * v s else 0) + ...`.

Now split each edge sum by the membership of s and t in S. This is where `Finset.sum_filter` / `sum_filter_split` helps. Let me define the four classes and use `Finset.sum_ite` style. Alternatively, expand `if s ∈ S then ... else 0` as a sum over filters:
`∑ e, (if s ∈ S then A e else 0) = ∑ e ∈ univ.filter (fun e => s ∈ S), A e` via `Finset.sum_filter` (reverse). Similarly for the t-part.

So:
`∑ e, edgeContribution e = ∑ e ∈ E_s, [if t ∈ S then -w e (u_t-u_s)(v_t-v_s) else w e (u_t-u_s) v_s] + ∑ e ∈ E_t, [if s ∈ S then 0 else w e (u_s-u_t) v_t]`
where `E_s = univ.filter (fun e => s ∈ S)`, `E_t = univ.filter (fun e => t ∈ S)`.

Hmm wait, careful: the first sum is `∑ e, w e * (if s ∈ S then (u t - u s) * v s else 0)` and the second `∑ e, w e * (if t ∈ S then (u s - u t) * v t else 0)`. Each becomes a filtered sum. Then split `E_s` into internal (`t ∈ S`) and out (`t ∉ S`), and `E_t` into internal (`s ∈ S`) and in (`s ∉ S`). For internal edges (both in S), the contributions from the two sums combine:
first: `w e (u t - u s) v s`; second: `w e (u s - u t) v t`. Sum = `-w e (u t-u s)(v t - v s)` as computed. So I need to combine the two sums over the internal filter. Using `sum_filter_split`:
`∑ e ∈ E_s, f e = ∑ e ∈ E_s.filter (fun e => t ∈ S), f e + ∑ e ∈ E_s.filter (fun e => t ∉ S), f e`.
Then `E_s.filter (fun e => t ∈ S) = E_int` and `E_s.filter (fun e => t ∉ S) = E_out`.
Similarly `E_t` splits into `E_int` and `E_in`.
So the total becomes `∑_{E_int} (first + second) + ∑_{E_out} first + ∑_{E_in} second` = `-dirichlet + boundaryPair`. 

To combine sums over the same filter E_int, use `Finset.sum_add_distrib` in reverse. The filters must be *definitionally equal* to combine: `E_s.filter (fun e => t ∈ S)` vs `E_t.filter (fun e => s ∈ S)`. These are both equal to `univ.filter (fun e => s ∈ S ∧ t ∈ S)` but not definitionally. Need to prove equality by `Finset.filter_congr` or `ext e; simp [and_comm, and_left_comm, and_assoc]`. Manageable.

This is a substantial but doable proof. Given the complexity, maybe simplify by using **the same edge index set for internal and boundary**, and define everything with `if` conditions and `Finset.sum_ite` lemmas. Let me consider the total proof as a sequence of rewrites. It might be 150-250 lines. That's acceptable given the prior task had 1518 lines.

Alternatively, reduce the concrete model's Green identity to the **full space** case and handle boundaries via the general abstract interface: i.e., in the concrete model, define `boundaryForm` explicitly as the boundary formula, and prove `laplacian_ibp` only for the full region `univ` where the boundary vanishes. But then the explicit boundary form is defined but not proven to satisfy the IBP identity — that would be cheating/weak. The task says "under an explicit IBP certificate": the certificate is a structure with the boundary terms as fields, so it's fine for the abstract theorem, but the concrete instantiation should validate it. I'd like the concrete instantiation to prove the general Green identity.

Hmm, let me think about a much simpler concrete model that still has nontrivial boundary terms: **the two-point / finite path graph with region S = {0} or a prefix**. If S is a prefix `{0,1,...,k}` in a path graph, then the boundary is a single point and the identity is telescoping. But then the Laplacian self-adjointness only holds for that region. The abstract interface is general; the concrete instance only needs to satisfy the fields, so a path graph with a *specific* region S works — but the interface's `boundaryForm` is a fixed bilinear form, not depending on S. Hmm, if the model's region is fixed (say S = univ, no boundary), then boundaryForm = 0. To have nonzero boundary, the model must include a region.

Let me restructure the concrete model: The interface's `boundaryForm` is part of the data; for the concrete instance, choose a fixed region S (a parameter) and define `boundaryForm u v = boundaryPair w S u v - boundaryPair w S v u`. Then prove `laplacian_ibp` for that S. The theorem "for all S" is not needed; we instantiate with a specific S. But it would be nicer to prove it for all S. The proof effort is similar.

OK let me just go for the general S proof. I'll write it carefully. To manage complexity, I can break it into lemmas:

1. `edgeTerm`, `edgeLap`, `graphLaplacian`.
2. `graphLaplacian_apply`.
3. `sum_edgeTerm` lemma: `∑ x ∈ S, edgeTerm e x u * v x = w e * ((if src e ∈ S then (u (tgt e) - u (src e)) * v (src e) else 0) + (if tgt e ∈ S then (u (src e) - u (tgt e)) * v (tgt e) else 0))`. Prove with `Finset.sum_add_distrib`, `Finset.sum_ite_eq'`, `ite_mul`, `zero_mul`, `Finset.mul_sum`.
4. Green's first identity: 
```
pairingOn m S (lapOn m w u) v
= ∑ e, ∑ x ∈ S, edgeTerm e x u * v x   -- steps 1-3
= ∑ e, w e * (...)                       -- lemma 3
= ∑ e ∈ E_int, -w e (u_t-u_s)(v_t-v_s) + ∑ e ∈ E_out, w e (u_t-u_s) v_s + ∑ e ∈ E_in, w e (u_s-u_t) v_t
= -dirichletForm w S u v + boundaryPair w S u v.
```
The middle step needs filter splitting. Let me define `sum_filter_split` (ported from the divergence task) and the internal/out/in filter sets, then use `Finset.sum_congr` and `Finset.sum_add_distrib`.

Actually, here's a cleaner way to split: use `Finset.sum_ite`? Or use `Finset.sum_filter` to express `if src e ∈ S then A e else 0 = ∑ e ∈ univ.filter (fun e => src e ∈ S), A e`, and similarly. Then split each filter by the other condition using `Finset.filter_filter`. 

Let me write:
```lean
∑ e, w e * ((if s e ∈ S then A e else 0) + (if t e ∈ S then B e else 0))
= (∑ e, w e * (if s e ∈ S then A e else 0)) + (∑ e, w e * (if t e ∈ S then B e else 0))   -- sum_add_distrib, mul_add
= (∑ e ∈ univ.filter (fun e => s e ∈ S), w e * A e) + (∑ e ∈ univ.filter (fun e => t e ∈ S), w e * B e)  -- sum_filter reverse
```
Then split the first filter by `t e ∈ S`:
```lean
∑ e ∈ F_s, w e * A e = ∑ e ∈ F_s.filter (fun e => t e ∈ S), w e * A e + ∑ e ∈ F_s.filter (fun e => t e ∉ S), w e * A e
```
via `Finset.sum_filter` on the complement: `∑ e ∈ F_s, f e = ∑ e ∈ F_s.filter p, f e + ∑ e ∈ F_s.filter (fun e => ¬ p e), f e`. This is `Finset.sum_filter_add_sum_filter_not` (I recall this lemma exists: `Finset.sum_filter_add_sum_filter_not (s : Finset α) (p : α → Prop) [DecidablePred p] (f : α → β) : (∑ x ∈ s.filter p, f x) + (∑ x ∈ s.filter (fun x => ¬p x), f x) = ∑ x ∈ s, f x`). Yes, `Finset.sum_filter_add_sum_filter_not`. Use it in reverse.

Then rewrite `F_s.filter (fun e => t e ∈ S) = univ.filter (fun e => s e ∈ S ∧ t e ∈ S)` by ext/simp, and similarly. Then combine with the second sum's internal part.

This is quite involved but standard. Let me estimate: ~200 lines for Green's first identity with helpers. Acceptable.

Actually, maybe there's an even simpler approach: define the Dirichlet form and boundary pairing via the *edge classes*, and prove the identity by a direct `Finset.sum_comm` + `Finset.sum_ite_eq` computation where the `if` conditions are handled by `split_ifs` in a `Finset.sum_congr`. Hmm.

Alternatively — and this might be the winning simplification — I can define the concrete model on the **full space with an absorbing "exterior" region**: Instead of a region S, consider the graph with a distinguished "boundary vertex" ∞ or a boundary edge set. The Green identity with boundary is then the full-space self-adjointness of the Laplacian on the whole graph (no boundary), and the "boundary term" arises from edges crossing the cut. The abstract boundary form can be the cut form. Same complexity.

Let me look at the divergence task's actual code for `sum_filter_split` and the graph IBP to reuse the machinery. Let me read `release/Poincare/D7/Divergence/Basic.lean` and `Graph.lean` from the scaffold. This will inform my implementation and possibly provide lemmas to reuse (via import). Since these modules exist in the scaffold, I can `import Poincare.D7.Divergence.Basic` and reuse `DivergenceData.sum_filter_split`. But the `DivergenceData` type is specific; my graph could use `DivergenceData V E` for the incidence structure! I.e., define `WeightedGraph` with a `DivergenceData V E` field plus weights. Then reuse `D.sum_filter_split`. That's elegant: the metric-flow interface builds on the divergence incidence data.

Let me read the divergence Basic.lean now (after copying). Let me first do the full copy in the background, then read.

Actually, I realize I should also consider the overall time budget. This is a long-run task; I have plenty of turns. Let me proceed methodically.

Step 1: Copy scaffold with `cp -a` (background).
Step 2: Read Divergence/Basic.lean and Slab.lean for reusable lemmas and proof patterns.
Step 3: Design and write files.
Step 4: Compile iteratively.
Step 5: Axiom audit, forbidden scan, gate replication, result card.

Let me start the copy in the background and meanwhile inspect the scaffold source files directly (read from ../D7-divergence-ibp). Actually the partial copy created empty directories; `cp -a` will fill them. Let me run it.

Also note: the worktree root `.lake` symlink and `release/.lake` will be copied by `cp -a`. Since `cp -a` follows the symlink `.lake`? With `-a` (which implies `-d` = no-dereference), symlinks are copied as symlinks. `release/.lake` is a real directory (with `packages` symlink inside). So we get a full local 387MB copy. Good.

Let me run `cp -a` in the background.
dsh: reasoning:
This is very useful. I can reuse `DivergenceData` and `sum_fiber_of_mem`, `sum_filter_split`, and `IBPCertificate`. 

Now let me check the copy progress and read the Slab.lean for the telescoping patterns. Also check the root lakefile and how to compile.

Let me check the background job.
dsh: reasoning:
The copy is done. Now let me verify the environment compiles a file. Let me check `lake env lean` on an existing file quickly, and check whether it writes oleans. Also check `#print axioms` conventions and the Probe file.

Let me test compile of a small existing file from the worktree root. Use `release/Poincare/D7/Divergence/Basic.lean`? That imports mathlib and takes a while (~30s). Let me first check the existing oleans are present locally: `ls release/.lake/build/lib/lean/Poincare/D7/Divergence/`.

Then plan the todo list.

Let me also verify the `cp -a` copied everything and compare with the source (diff -rq). And check the release/.lake/packages symlink points to shared location.

Let me set up a todo list now, then run a test compile in background.
dsh: reasoning:
Environment works. Now let me set up the todo list and start authoring.

Plan of files (all under `release/Poincare/D7/ConjugateHeat/`):
1. `Laplacian.lean` — weighted graph Laplacian, pairing, Dirichlet form, boundary pairing, Green's first/second identities, self-adjointness, nonnegativity.
2. `Basic.lean` — `MetricFlowInterface`, `Jet`, `ConjugateHeatData`, formal adjointness theorem, `ConjugateHeatIBPCertificate`.
3. `Instance.lean` — instantiate the abstract interface with the finite weighted graph (proving all fields from Laplacian.lean).
4. `Slab.lean` — discrete conjugate-heat slab monotonicity toy.
5. `Example.lean` — concrete numeric non-vacuity witnesses (path graph, slab).
6. `Blocked.lean` — state-only Prop for conjugate heat kernel existence with missing dependencies + blockers.
7. `Probe.lean` — API probe (`#check` present/absent).
8. `Audit.lean` — `#print axioms`.

Wait, the task says add files only under `Poincare/D7/ConjugateHeat/`. So no umbrella `ConjugateHeat.lean` outside. I can add `ConjugateHeat/All.lean` as an umbrella inside. Good.

Let me think carefully about the design to minimize Lean friction.

### Laplacian.lean design

Import `Poincare.D7.Divergence.Basic` to reuse `DivergenceData`, `sum_fiber_of_mem`, `sum_filter_split`, `IBPCertificate`. Good.

```lean
import Poincare.D7.Divergence.Basic
import Mathlib.Algebra.BigOperators.Group.Finset.Basic
import Mathlib.Algebra.BigOperators.Group.Finset.Piecewise
import Mathlib.Algebra.BigOperators.Ring.Finset
import Mathlib.Tactic

open Finset
namespace Poincare.D7.ConjugateHeat

variable {V E : Type*} [Fintype V] [Fintype E] [DecidableEq V]

/-- Weighted graph data: incidence plus symmetric conductances. -/
structure WeightedGraph (V E : Type*) [Fintype V] [Fintype E] [DecidableEq V] extends DivergenceData V E where
  weight : E → ℝ
  weight_nonneg : ∀ e, 0 ≤ weight e
```

Hmm, `DivergenceData` already has `src tgt`. `WeightedGraph` extends it with weights. Note: for a graph Laplacian, self-loops (src = tgt) contribute zero; fine.

Actually, maybe I don't need a separate `WeightedGraph` structure; I can pass `D : DivergenceData V E` and `w : E → ℝ` to the definitions. That's simpler and reuses more. Let me do that: definitions take `(D : DivergenceData V E) (w : E → ℝ)`. The interface instance will bundle them.

Definitions:
```lean
/-- Mass-weighted pairing over a region. -/
def pairingOn (m : V → ℝ) (S : Finset V) (u v : V → ℝ) : ℝ :=
  ∑ x ∈ S, m x * u x * v x

/-- Full-space pairing. -/
def pairing (m : V → ℝ) (u v : V → ℝ) : ℝ := ∑ x, m x * u x * v x

/-- Per-edge Laplacian contribution as a linear map. -/
def edgeLap (D : DivergenceData V E) (w : E → ℝ) (e : E) : (V → ℝ) →ₗ[ℝ] (V → ℝ) where
  toFun u := fun x =>
    (if x = D.src e then w e * (u (D.tgt e) - u x) else 0)
      + (if x = D.tgt e then w e * (u (D.src e) - u x) else 0)
  map_add' := ...
  map_smul' := ...

/-- The unnormalized graph Laplacian. -/
def graphLaplacian (D) (w) : (V → ℝ) →ₗ[ℝ] (V → ℝ) := ∑ e, edgeLap D w e

/-- The mass-normalized Laplacian (Laplace–Beltrami on the finite weighted graph). -/
noncomputable def laplaceBeltrami (D) (w) (m : V → ℝ) : (V → ℝ) →ₗ[ℝ] (V → ℝ) where
  toFun u := fun x => (m x)⁻¹ * graphLaplacian D w u x
  map_add' := ...
  map_smul' := ...
```

For `laplaceBeltrami` linearity: `(m x)⁻¹ * ((L (u+v)) x) = (m x)⁻¹ * ((L u) x + (L v) x)`; `simp [map_add]` then `ring`. Since `graphLaplacian` is a linear map, `map_add` gives `graphLaplacian D w (u+v) = graphLaplacian D w u + graphLaplacian D w v`, then `Pi.add_apply`. Good.

For `edgeLap` linearity proofs, as discussed with `by_cases` + `ring`.

Then:
```lean
/-- Dirichlet energy form over interior edges. -/
def dirichletForm (D) (w) (S) (u v) : ℝ :=
  ∑ e ∈ univ.filter (fun e => D.src e ∈ S ∧ D.tgt e ∈ S), w e * (u (D.tgt e) - u (D.src e)) * (v (D.tgt e) - v (D.src e))

/-- Boundary pairing. -/
def boundaryPair (D) (w) (S) (u v) : ℝ :=
  (∑ e ∈ univ.filter (fun e => D.src e ∈ S ∧ D.tgt e ∉ S), w e * (u (D.tgt e) - u (D.src e)) * v (D.src e))
  + (∑ e ∈ univ.filter (fun e => D.tgt e ∈ S ∧ D.src e ∉ S), w e * (u (D.src e) - u (D.tgt e)) * v (D.tgt e))

/-- Boundary form (antisymmetric). -/
def boundaryForm (D) (w) (S) (u v) : ℝ := boundaryPair D w S u v - boundaryPair D w S v u
```

Green's first identity:
```lean
theorem green_first (hm : ∀ x, m x ≠ 0) :
    pairingOn m S (laplaceBeltrami D w m u) v = -dirichletForm D w S u v + boundaryPair D w S u v
```

Proof plan detailed:
Step A: `pairingOn m S (lap u) v = ∑ x ∈ S, graphLaplacian D w u x * v x`.
  For x ∈ S: `m x * ((m x)⁻¹ * L u x) * v x = L u x * v x`. Use `Finset.sum_congr`:
  ```lean
  have h : ∀ x ∈ S, m x * (laplaceBeltrami D w m u) x * v x = graphLaplacian D w u x * v x := by
    intro x _
    simp only [laplaceBeltrami, LinearMap.coe_mk, AddHom.coe_mk]
    rw [← mul_assoc, mul_inv_cancel₀ (hm x), one_mul]
  ```
  Careful: `m x * ((m x)⁻¹ * L) * v x = (m x * (m x)⁻¹) * L * v x`? Associativity: `m x * ((m x)⁻¹ * L) * v = (m x * (m x)⁻¹) * L * v`? Actually `a * (b * c) * d = (a * b) * c * d` by associativity: `a*(b*c) = (a*b)*c`. So `rw [← mul_assoc (m x) ((m x)⁻¹) (L), mul_inv_cancel₀ (hm x), one_mul]` gives `L * v`. Good.

Step B: `∑ x ∈ S, L u x * v x = ∑ x ∈ S, (∑ e, edgeLap D w e u x) * v x = ∑ x ∈ S, ∑ e, edgeLap D w e u x * v x`.
  `graphLaplacian_apply : graphLaplacian D w u x = ∑ e, edgeLap D w e u x` via `LinearMap.sum_apply` + rfl. Then `Finset.sum_mul` to pull v inside.

Step C: swap: `= ∑ e, ∑ x ∈ S, edgeLap D w e u x * v x` via `Finset.sum_comm`.

Step D: per-edge evaluation:
```lean
lemma sum_edgeLap_mul (D) (w) (e) (S) (u v) :
    ∑ x ∈ S, edgeLap D w e u x * v x
      = w e * ((if D.src e ∈ S then (u (D.tgt e) - u (D.src e)) * v (D.src e) else 0)
             + (if D.tgt e ∈ S then (u (D.src e) - u (D.tgt e)) * v (D.tgt e) else 0))
```
Proof: `edgeLap D w e u x * v x = (if x = s then w e * (u t - u x) * v x else 0) + (if x = t then w e * (u s - u x) * v x else 0)`. Let me prove:
```lean
have hx : ∀ x, edgeLap D w e u x * v x
    = (if x = D.src e then w e * (u (D.tgt e) - u (D.src e)) * v (D.src e) else 0)
      + (if x = D.tgt e then w e * (u (D.src e) - u (D.tgt e)) * v (D.tgt e) else 0) := by
  intro x
  by_cases hs : x = D.src e <;> by_cases ht : x = D.tgt e
  · -- x = s and x = t: then s = t, self-loop
    ...
```
Hmm, the `if x = s then w e * (u t - u x) * v x` when x = s becomes `w e * (u t - u s) * v s`, matching. But the second term when x = t also fires. So for a self-loop (s = t), both terms fire and the claimed RHS has both `if s ∈ S then ...` and `if t ∈ S then ...` firing, which is consistent. But in the goal after `rw [hs, ht]`, we need to handle the four cases and check both sides. Actually, since the RHS conditions are `s ∈ S` and `t ∈ S` (not involving x), the equality should hold for each x by case analysis on `x = s` and `x = t`, with `ring`/`simp`.

Wait, for the LHS sum over x ∈ S: if x = s, the term is `w e * (u t - u s) * v s` (regardless of whether x ∈ S? x ∈ S is the summation condition; if x = s ∈ S then included). The `sum_ite_eq'` approach handles this automatically: 
```lean
calc ∑ x ∈ S, edgeLap D w e u x * v x
    = ∑ x ∈ S, ((if x = s then w e * (u t - u x) * v x else 0) + (if x = t then w e * (u s - u x) * v x else 0)) := by
      refine Finset.sum_congr rfl (fun x _ => ?_)
      -- prove the pointwise identity
    _ = (∑ x ∈ S, if x = s then w e * (u t - u x) * v x else 0) + (∑ x ∈ S, if x = t then w e * (u s - u x) * v x else 0) := by rw [Finset.sum_add_distrib]
    _ = ... := by
      congr 1
      · rw [Finset.sum_ite_eq']; -- gives if s ∈ S then (w e * (u t - u s) * v s) else 0
      · rw [Finset.sum_ite_eq']
    _ = w e * (...) := by rw [Finset.mul_add] -- maybe ring
```
Pointwise identity: `edgeLap D w e u x * v x = ...`. After unfolding `edgeLap`, `simp only [LinearMap.coe_mk, AddHom.coe_mk]`, we get `((if x = s then w e * (u t - u x) else 0) + (if x = t then w e * (u s - u x) else 0)) * v x = (if x = s then w e * (u t - u x) * v x else 0) + (if x = t then w e * (u s - u x) * v x else 0)`. This is `add_mul`, `ite_mul`, `zero_mul`: `(A + B) * v = A*v + B*v`, then each `if ... * v = if ... then (... * v) else 0`. `simp only [add_mul, ite_mul, zero_mul]` should do it. But note the ite conditions are `x = s` and `x = t`; `ite_mul` rewrites `(if p then a else b) * c` to `if p then a * c else b * c`, and `zero_mul` simplifies `0 * c = 0`. But careful: `zero_mul` is `0 * a = 0`; `simp` with `zero_mul` fine. Also `b = 0` so `b * c = 0`. Good.

Then `Finset.sum_ite_eq'`: Let me confirm the statement. In mathlib `Mathlib.Algebra.BigOperators.Group.Finset.Piecewise`:
```
theorem sum_ite_eq (s : Finset ι) (a : ι) (b : ι → M) :
    (∑ x ∈ s, if a = x then b x else 0) = if a ∈ s then b a else 0
theorem sum_ite_eq' (s : Finset ι) (a : ι) (b : ι → M) :
    (∑ x ∈ s, if x = a then b x else 0) = if a ∈ s then b a else 0
```
I believe that's right (the divergence card used both). So `rw [Finset.sum_ite_eq']` works for `if x = a`.

Then RHS: `w e * (if s ∈ S then A else 0) + w e * (if t ∈ S then B else 0)` = `w e * ((if s ∈ S then A else 0) + (if t ∈ S then B else 0))` by `ring` or `rw [mul_add]` reversed. The `sum_ite_eq'` gives exactly `if s ∈ S then w e * (u t - u s) * v s else 0` (with b x = `w e * (u t - u x) * v x`, so b s = `w e * (u t - u s) * v s`). Good. Then the claimed RHS is `w e * (A + B)`. Use `ring` after `rw [mul_add]`? Actually `w e * (A + B) = w e * A + w e * B` by `mul_add`; our expression is `w e * A + w e * B`? Wait, `sum_ite_eq'` gives `if s ∈ S then (w e * (u t - u s) * v s) else 0` — no `w e` factoring outside the if. So first sum = `if s∈S then w e * (...) else 0`, and we want `w e * (if s∈S then (...) else 0)` plus similarly for t. So we need `if s∈S then w e * X else 0 = w e * (if s∈S then X else 0)`: `by_cases hs : s ∈ S <;> simp [hs]`. Or `rw [← mul_boole]`? Simplest: after getting the two `sum_ite_eq'` results, `by_cases hs : s ∈ S <;> by_cases ht : t ∈ S <;> simp [hs, ht] <;> ring`.

Let me structure lemma D as:
```lean
lemma sum_edgeLap_mul ... : ... := by
  calc ∑ x ∈ S, edgeLap D w e u x * v x
      = ∑ x ∈ S, ((if x = D.src e then w e * (u (D.tgt e) - u x) * v x else 0)
          + (if x = D.tgt e then w e * (u (D.src e) - u x) * v x else 0)) := by
        refine Finset.sum_congr rfl (fun x _ => ?_)
        simp only [edgeLap, LinearMap.coe_mk, AddHom.coe_mk, add_mul, ite_mul, zero_mul]
    _ = (∑ x ∈ S, if x = D.src e then w e * (u (D.tgt e) - u x) * v x else 0)
        + (∑ x ∈ S, if x = D.tgt e then w e * (u (D.src e) - u x) * v x else 0) :=
        Finset.sum_add_distrib
    _ = _ := by
        rw [Finset.sum_ite_eq', Finset.sum_ite_eq']
        by_cases hs : D.src e ∈ S <;> by_cases ht : D.tgt e ∈ S <;> simp [hs, ht] <;> ring
```
Wait, `Finset.sum_add_distrib` is stated `∑ x ∈ s, (f x + g x) = ∑ x ∈ s, f x + ∑ x ∈ s, g x` — as an equality, so `_ = _ := Finset.sum_add_distrib` might need matching; use `by rw [Finset.sum_add_distrib]`.

After `rw [Finset.sum_ite_eq', Finset.sum_ite_eq']`, the goal is:
`(if s ∈ S then w e * (u t - u s) * v s else 0) + (if t ∈ S then w e * (u s - u t) * v t else 0) = w e * ((if s ∈ S then (u t - u s) * v s else 0) + (if t ∈ S then (u s - u t) * v t else 0))`.
Case analysis and ring should close. Note when s = t (self-loop) and both conditions true, ring still works: LHS = w(u t - u s)v s + w(u s - u t)v t = w(u t - u s)(v s - v t); RHS = w((u t-u s)v s + (u s-u t)v t) = same. Good.

Step E: Now we have
`pairingOn m S (lap u) v = ∑ e, w e * (A_e + B_e)` where
`A_e = if s ∈ S then (u t - u s) * v s else 0`, `B_e = if t ∈ S then (u s - u t) * v t else 0`.
We need to show this equals `-dirichlet + boundaryPair`.

Rewrite: `∑ e, w e * (A_e + B_e) = ∑ e, w e * A_e + ∑ e, w e * B_e` (`Finset.sum_add_distrib`, `mul_add`).
Then `∑ e, w e * (if s ∈ S then X else 0) = ∑ e ∈ univ.filter (fun e => s ∈ S), w e * X`. Since `w e * (if p then X else 0) = if p then w e * X else 0` (`mul_ite`, `mul_zero`), and then `← Finset.sum_filter`.

Define:
`Fsrc := univ.filter (fun e => D.src e ∈ S)`
`Ftgt := univ.filter (fun e => D.tgt e ∈ S)`
So `pairing = (∑ e ∈ Fsrc, w e * (u t - u s) * v s) + (∑ e ∈ Ftgt, w e * (u s - u t) * v t)`.

Now split `Fsrc` by `t ∈ S` and `Ftgt` by `s ∈ S`:
`∑ e ∈ Fsrc, f e = ∑ e ∈ Fsrc.filter (fun e => t ∈ S), f e + ∑ e ∈ Fsrc.filter (fun e => t ∉ S), f e` via `Finset.sum_filter_add_sum_filter_not` (need to check name; maybe `Finset.sum_filter_add_sum_filter_not`). Let me verify: In mathlib, `Finset.sum_filter_add_sum_filter_not (s : Finset α) (p : α → Prop) [DecidablePred p] (f : α → β) : (∑ x ∈ s.filter p, f x) + (∑ x ∈ s.filter fun x => ¬p x, f x) = ∑ x ∈ s, f x`. I'm fairly confident this exists (used widely). Then use `.symm` to rewrite `∑_{Fsrc}` into the sum of the two.

Then identify:
- `Fsrc.filter (fun e => D.tgt e ∈ S)` equals `Eint := univ.filter (fun e => s ∈ S ∧ t ∈ S)`. Prove by ext/simp.
- `Fsrc.filter (fun e => D.tgt e ∉ S)` equals `Eout := univ.filter (fun e => s ∈ S ∧ t ∉ S)`. ext/simp.
- `Ftgt.filter (fun e => D.src e ∈ S)` equals `Eint`. ext/simp.
- `Ftgt.filter (fun e => D.src e ∉ S)` equals `Ein := univ.filter (fun e => t ∈ S ∧ s ∉ S)`. ext/simp.

Then combine the two `Eint` sums:
`∑ e ∈ Eint, w e * (u t - u s) * v s + ∑ e ∈ Eint, w e * (u s - u t) * v t = ∑ e ∈ Eint, w e * ((u t - u s) * v s + (u s - u t) * v t) = ∑ e ∈ Eint, - (w e * (u t - u s) * (v t - v s))`.
Then `dirichletForm D w S u v = ∑ e ∈ Eint, w e * (u t - u s) * (v t - v s)`, so the combined internal sum = `-dirichletForm`. Good. `Finset.sum_add_distrib` in reverse + `Finset.sum_congr` with `ring`.

Then the boundary terms: `∑ e ∈ Eout, w e * (u t - u s) * v s` = first term of `boundaryPair`, and `∑ e ∈ Ein, w e * (u s - u t) * v t` = second term. By definition, `boundaryPair = Eout-sum + Ein-sum`. 

This is a lot of steps but each is mechanical. Let me write it as a single `calc` with `have` equalities. I'll need to be careful with `Finset.sum_filter` vs `sum_filter_add_sum_filter_not` names and `Finset.filter_filter`.

Actually, maybe I can simplify using `DivergenceData.sum_filter_split` (available from the import): 
`sum_filter_split p q f s : ∑ i ∈ s.filter p, f i = ∑ i ∈ s.filter (p ∧ q), f i + ∑ i ∈ s.filter (p ∧ ¬q), f i`.
That's exactly what I need, and it's already proven. Great, use `DivergenceData.sum_filter_split`? It's in namespace `Poincare.D7.Divergence`, lemma name `DivergenceData.sum_filter_split`? Looking at the code: inside `namespace DivergenceData`, so the full name is `Poincare.D7.Divergence.DivergenceData.sum_filter_split`. Since I'll `open Poincare.D7.Divergence` or use the full name. Hmm, namespace nesting: file has `namespace Poincare.D7.Divergence` then `namespace DivergenceData`. So the name is `Poincare.D7.Divergence.DivergenceData.sum_filter_split`. Note it doesn't depend on `D` (it's a general lemma placed in that namespace).

I can use it:
`∑ e ∈ Fsrc, f e = ∑ e ∈ Fsrc.filter (fun e => t ∈ S), f e + ∑ e ∈ Fsrc.filter (fun e => t ∉ S), f e` — but `sum_filter_split` is stated with `s.filter p` where p is the predicate and q the second. So `DivergenceData.sum_filter_split (p := fun e => s ∈ S) (q := fun e => t ∈ S) f univ`:
LHS `∑ e ∈ univ.filter (fun e => s ∈ S), f e`, RHS `∑ e ∈ univ.filter (fun e => s ∈ S ∧ t ∈ S), f e + ∑ e ∈ univ.filter (fun e => s ∈ S ∧ ¬ t ∈ S), f e`. That's exactly what I need. The filters on the RHS are exactly `Eint` and `Eout`. 

So:
```lean
have hsplit_s := DivergenceData.sum_filter_split (s := (Finset.univ : Finset E))
    (p := fun e => D.src e ∈ S) (q := fun e => D.tgt e ∈ S)
    (f := fun e => w e * (u (D.tgt e) - u (D.src e)) * v (D.src e))
```
Then `hsplit_s : ∑ e ∈ univ.filter (fun e => s ∈ S), ... = ∑ e ∈ univ.filter (fun e => s∈S ∧ t∈S), ... + ∑ e ∈ univ.filter (fun e => s∈S ∧ ¬t∈S), ...`. Note the second RHS filter has `¬ D.tgt e ∈ S` while `Eout` uses `D.tgt e ∉ S`; these are definitionally the same (`Not` and `∉`). `decide`/`simp` handles.

Similarly for the tgt part.

Then the full proof:
```
pairingOn m S (lap u) v
= (∑ e ∈ Fsrc, w e * (u t - u s) * v s) + (∑ e ∈ Ftgt, w e * (u s - u t) * v t)   -- by previous steps
= (∑ e ∈ Eint, ...) + (∑ e ∈ Eout, ...) + ((∑ e ∈ Eint, ...) + (∑ e ∈ Ein, ...))   -- rw hsplit_s, hsplit_t
= -dirichletForm D w S u v + boundaryPair D w S u v   -- combine
```
Wait: the second `Eint` sum from the tgt split has integrand `w e * (u s - u t) * v t`. Combined with the first Eint sum `w e * (u t - u s) * v s` gives `-dirichlet`. The `Eout` sum matches `boundaryPair`'s first sum, and `Ein` matches the second. The final rearrangement needs `ring`-level commutativity of real addition plus the sum combination. Let me define:
```
have hcombine : (∑ e ∈ Eint, w e * (u t - u s) * v s) + (∑ e ∈ Eint, w e * (u s - u t) * v t)
    = -dirichletForm D w S u v := by
  rw [← Finset.sum_add_distrib, dirichletForm]
  refine Finset.sum_congr rfl (fun e _ => ?_)
  ring
```
Then final `linarith`? The full expression after splits is `(A_int + A_out) + (B_int + B_in)` and we want `-dirichlet + boundaryPair = -dirichlet + (A_out + B_in)`. With `hcombine : A_int + B_int = -dirichlet`, `linarith` should work since all terms are atoms. Or `rw [← hcombine]; ring`. `ring` works on sums? `ring` treats each Finset sum as an atom, so `(A_int + A_out) + (B_int + B_in) = (A_int + B_int) + (A_out + B_in)` should be closed by `ring` (commutative ring normalization with atoms). Yes, `ring` handles atoms. But the `boundaryPair` def has `(∑ e ∈ ..., ...) + (∑ e ∈ ..., ...)`. After unfolding `boundaryPair`, `ring` can close. Let me be careful with definitional unfoldings.

Good. Green's first identity done.

Green's second identity:
```lean
theorem green_second ... :
    pairingOn m S (lap u) v - pairingOn m S (lap v) u = boundaryForm D w S u v
```
Proof: apply green_first to (u,v) and (v,u), subtract. `boundaryForm = boundaryPair u v - boundaryPair v u`. Need `pairingOn` symmetry: `pairingOn m S v u = pairingOn m S u v`? Actually green_first for (v,u) gives `pairingOn m S (lap v) u = -dirichlet v u + boundaryPair v u`, and `dirichlet v u = dirichlet u v` by commutativity of multiplication. So:
```
rw [green_first ..., green_first ...]
rw [dirichlet_symm]
ring
```
where `dirichletForm_symm : dirichletForm D w S v u = dirichletForm D w S u v` proved by `Finset.sum_congr` + `ring`.

Alternatively, state self-adjointness directly as `pairing (lap u) v = pairing u (lap v) + boundaryForm` — same thing.

Now the full-space case (S = univ): boundaryPair univ u v = 0 because the filters are empty. Prove `boundaryPair_univ : boundaryPair D w univ u v = 0` by showing both sums are zero: `Finset.sum_eq_zero` with `simp` (membership in filter requires `t ∈ univ` false... wait for the first filter: `src ∈ univ ∧ tgt ∉ univ`; `tgt ∉ univ` is false, so filter is empty). `simp` should show. Then `laplacian_selfAdjoint : pairing m (lap u) v = -dirichletForm univ u v = pairing m (lap v) u`. 

Nonnegativity: `dirichletForm_nonneg (hw : ∀ e, 0 ≤ w e) : 0 ≤ dirichletForm D w S u u` since each term `w e * (u t - u s) * (u t - u s) = w e * (u t - u s)^2 ≥ 0`. Proof with `Finset.sum_nonneg` and `mul_self_nonneg`/`sq_nonneg`.

Also need the pairing as a `LinearMap` for the abstract interface. I'll construct it in `Instance.lean` or `Laplacian.lean`. Let me put the LinearMap constructions in `Laplacian.lean` since they belong to the model:
```lean
def pairingLM (m : V → ℝ) : (V → ℝ) →ₗ[ℝ] (V → ℝ) →ₗ[ℝ] ℝ := LinearMap.mk₂ ℝ (fun u v => ∑ x, m x * u x * v x) ...
```
with add_left, smul_left, add_right, smul_right proofs. Let me write helper lemmas:

```lean
lemma sum_mass_mul_add (m : V → ℝ) (u v w : V → ℝ) :
    (∑ x, m x * (u x + v x) * w x) = (∑ x, m x * u x * w x) + (∑ x, m x * v x * w x) := by
  rw [← Finset.sum_add_distrib]
  refine Finset.sum_congr rfl (fun x _ => ?_)
  ring

lemma sum_mass_mul_smul (m) (c : ℝ) (u v) :
    (∑ x, m x * (c * u x) * v x) = c * ∑ x, m x * u x * v x := by
  rw [Finset.mul_sum]
  refine Finset.sum_congr rfl (fun x _ => ?_)
  ring

lemma sum_mass_mul_add_right (m) (u v w) :
    (∑ x, m x * u x * (v x + w x)) = (∑ x, m x * u x * v x) + (∑ x, m x * u x * w x) := ...
lemma sum_mass_mul_smul_right ...
```

Then `LinearMap.mk₂ ℝ (fun u v => ∑ x, m x * u x * v x) sum_mass_mul_add ...`. The signature of `LinearMap.mk₂`: `LinearMap.mk₂ (R) (f : M → N → P) (add_left : ∀ x y z, f (x + y) z = f x z + f y z) (smul_left : ∀ (r : R) x y, f (r • x) y = r • f x y) (add_right : ...) (smul_right : ...)`. In Lean 4 mathlib, `LinearMap.mk₂` is `LinearMap.mk₂ R f map_add₁ map_smul₁ map_add₂ map_smul₂`. The `smul_left` conclusion is `f (r • x) y = r • f x y` where the RHS is `r • (f x y)` = `r * f x y` for ℝ. My lemma gives `= c * ∑ ...` which is defeq to `c • ∑ ...` for ℝ? `smul_eq_mul` should bridge. I can state the lemma with `c *` and in the `mk₂` call use `fun c u v => by simpa [smul_eq_mul] using sum_mass_mul_smul m c u v`.

Actually, maybe I should use `LinearMap.mk₂'`? Let me just try `LinearMap.mk₂` and adjust.

Alternatively, there's `Finsupp`-like weighted pairing... no, keep it.

Then the concrete interface instance:
```lean
noncomputable def metricFlowInterface (D : DivergenceData V E) (w : E → ℝ) (m : V → ℝ) (hm : ∀ x, m x ≠ 0)
    (hwsym : ...?) : MetricFlowInterface (V → ℝ) where
  pairing := pairingLM m
  laplacian := laplaceBeltrami D w m
  scalarMul := scalarMulLM R
  boundaryForm := boundaryFormLM D w S
  pairing_symm := ...
  laplacian_ibp := ...
  scalarMul_selfAdjoint := ...
```
`boundaryForm` needs to be a `LinearMap (V→ℝ) →ₗ (V→ℝ) →ₗ ℝ`. But `boundaryPair` is not linear in u? It is: each term is linear in u. And `boundaryForm = boundaryPair u v - boundaryPair v u` is bilinear (antisymmetric). Constructing `boundaryFormLM` as a LinearMap is more work. Alternative: make the interface's `boundaryForm` a plain function with bilinearity only where needed? The formal adjointness proof needs `boundaryForm` only as a function, not linearity! Let me check: the theorem `formal_adjoint` uses only `laplacian_ibp` and `scalarMul_selfAdjoint`; the pairing linearity is used. `boundaryForm` is just evaluated at (u,v). So I can define `boundaryForm : F → F → ℝ` as a plain function in the interface, without linearity fields. But wait, `ConjugateHeatIBPCertificate` uses `boundaryForm j.1 k.1` — fine.

Hmm, but the interface should be a genuine "IBP certificate" — boundary form as a function is fine. Let me define:
```lean
structure MetricFlowInterface (F) [AddCommGroup F] [Module ℝ F] where
  pairing : F →ₗ[ℝ] F →ₗ[ℝ]
  laplacian : F →ₗ[ℝ] F
  scalarMul : F →ₗ[ℝ] F
  boundaryForm : F → F → ℝ
  pairing_symm : ∀ u v, pairing u v = pairing v u
  laplacian_ibp : ∀ u v, pairing (laplacian u) v - pairing u (laplacian v) = boundaryForm u v
  scalarMul_selfAdjoint : ∀ u v, pairing (scalarMul u) v = pairing u (scalarMul v)
```
Good, that's clean. And optionally `boundaryForm_antisymm : ∀ u v, boundaryForm v u = - boundaryForm u v` as a field (true for the Green boundary form, and useful to state the corollaries). For the concrete model, `boundaryForm u v = boundaryPair u v - boundaryPair v u`, so antisymmetry is immediate by ring. I'll include it as a field (it's part of the stated interface) and prove it in the instance.

Now `scalarMulLM` for the concrete model: `(fun u x => R x * u x)` as a LinearMap. Construct with `LinearMap.mk`:
```lean
def scalarMulLM (R : V → ℝ) : (V → ℝ) →ₗ[ℝ] (V → ℝ) where
  toFun u := fun x => R x * u x
  map_add' u v := by funext x; simp only [Pi.add_apply]; ring
  map_smul' c u := by funext x; simp only [Pi.smul_apply, smul_eq_mul]; ring
```
`scalarMul_selfAdjoint`: `∑ x, m x * (R x * u x) * v x = ∑ x, m x * u x * (R x * v x)` by sum_congr + ring. Good.

Now `ConjugateHeatData`:

```lean
abbrev Jet (F : Type*) := F × F

structure ConjugateHeatData (F : Type*) [AddCommGroup F] [Module ℝ F]
    extends MetricFlowInterface F where
  /-- forward heat operator H = ∂_t - Δ -/
  forwardHeat : Jet F →ₗ[ℝ] F
  /-- backward (conjugate) heat operator □* = -∂_t - Δ + R -/
  backwardHeat : Jet F →ₗ[ℝ] F
  forwardHeat_apply : ∀ j, forwardHeat j = j.2 - laplacian j.1
  backwardHeat_apply : ∀ j, backwardHeat j = -j.2 - laplacian j.1 + scalarMul j.1
```

Hmm, `Jet F = F × F` has Module instance (product). Good. To construct `forwardHeat` concretely:
```lean
def forwardHeatLM (I : MetricFlowInterface F) : Jet F →ₗ[ℝ] F :=
  LinearMap.snd ℝ F F - I.laplacian.comp (LinearMap.fst ℝ F F)
```
And `backwardHeatLM I := -(LinearMap.snd ℝ F F) - I.laplacian.comp (LinearMap.fst ℝ F F) + I.scalarMul.comp (LinearMap.fst ℝ F F)`.
Then `forwardHeat_apply` by `rfl`? The composition: `(I.laplacian.comp (LinearMap.fst ℝ F F)) j = I.laplacian j.1`; `(LinearMap.snd ℝ F F) j = j.2`. `LinearMap.sub_apply` gives `(snd - lap.comp fst) j = snd j - (lap.comp fst) j = j.2 - laplacian j.1`. `rfl` might work after unfolding? Probably `rfl` or `simp [forwardHeatLM]`. I'll use `by rfl` and if it fails, `by simp [forwardHeatLM]`.

But in the structure definition, the fields `forwardHeat_apply` must be provided by instances. For a generic `ConjugateHeatData`, we can define a "canonical" constructor:
```lean
def ConjugateHeatData.ofInterface (I : MetricFlowInterface F) : ConjugateHeatData F where
  toMetricFlowInterface := I
  forwardHeat := forwardHeatLM I
  backwardHeat := backwardHeatLM I
  forwardHeat_apply := ...
  backwardHeat_apply := ...
```

Then `ConjugateHeatData.pairingDerivative`:
```lean
def pairingDerivative (D : ConjugateHeatData F) (j k : Jet F) : ℝ :=
  D.pairing j.2 k.1 + D.pairing j.1 k.2 - D.pairing (D.scalarMul j.1) k.1
```

Formal adjointness theorem:
```lean
theorem formal_adjoint (D : ConjugateHeatData F) (j k : Jet F) :
    D.pairing (D.forwardHeat j) k.1 - D.pairing j.1 (D.backwardHeat k)
      = D.pairingDerivative j k - D.boundaryForm j.1 k.1 := by
  rw [D.forwardHeat_apply, D.backwardHeat_apply]
  simp only [map_sub, map_add, map_neg, ...] -- careful with LinearMap application
  ...
```

Let me think about the exact simp lemmas. `D.pairing` is `F →ₗ F →ₗ ℝ`. For `D.pairing (a - b) c`: `map_sub (D.pairing) a b : D.pairing (a - b) = D.pairing a - D.pairing b`, then applying to c: `(D.pairing a - D.pairing b) c = D.pairing a c - D.pairing b c` via `LinearMap.sub_apply`. So `simp only [map_sub, LinearMap.sub_apply, map_add, LinearMap.add_apply, map_neg, LinearMap.neg_apply]` should expand. Also `D.pairing a (x - y) = D.pairing a x - D.pairing a y` via `map_sub (D.pairing a) x y`. `simp` with `map_sub` should apply to both. Let me write:

```lean
  simp only [ConjugateHeatData.pairingDerivative, map_sub, map_add, map_neg,
    LinearMap.sub_apply, LinearMap.add_apply, LinearMap.neg_apply]
  linarith [D.laplacian_ibp j.1 k.1, D.scalarMul_selfAdjoint j.1 k.1]
```

Wait, the RHS `D.boundaryForm j.1 k.1` remains. The equation to prove after expansion:
LHS = `D.pairing j.2 k.1 - D.pairing (D.laplacian j.1) k.1 - (- D.pairing j.1 k.2 - D.pairing j.1 (D.laplacian k.1) + D.pairing j.1 (D.scalarMul k.1))`
RHS = `D.pairing j.2 k.1 + D.pairing j.1 k.2 - D.pairing (D.scalarMul j.1) k.1 - D.boundaryForm j.1 k.1`.
`linarith` with hypotheses:
- `hIBP : D.pairing (D.laplacian j.1) k.1 - D.pairing j.1 (D.laplacian k.1) = D.boundaryForm j.1 k.1`
- `hSA : D.pairing (D.scalarMul j.1) k.1 = D.pairing j.1 (D.scalarMul k.1)`
should close it. `linarith` treats the linear map applications as atoms; the terms match syntactically? `D.pairing (D.laplacian j.1) k.1` vs after expansion — should match. Let me verify signs: LHS expansion:
`D.pairing (j.2 - Δj₁) k₁ - D.pairing j₁ (-j.2 - Δk₁ + Rk₁)`
= `D.pairing j.2 k₁ - D.pairing (Δj₁) k₁ - (D.pairing j₁ (-j.2) + D.pairing j₁ (-(Δk₁)) + D.pairing j₁ (Rk₁))`
Hmm, `-j.2 - Δk₁ + Rk₁ = (-j.2 - Δk₁) + Rk₁`; `D.pairing j₁ (a + b) = D.pairing j₁ a + D.pairing j₁ b`; `D.pairing j₁ (-j.2 - Δk₁) = D.pairing j₁ (-j.2) + D.pairing j₁ (-(Δk₁)) = -D.pairing j₁ j.2 - D.pairing j₁ (Δk₁)`.
So `- D.pairing j₁ (backwardHeat k) = D.pairing j₁ j.2 + D.pairing j₁ (Δk₁) - D.pairing j₁ (Rk₁)`.
LHS = `D.pairing j.2 k₁ - D.pairing (Δj₁) k₁ + D.pairing j₁ j.2 + D.pairing j₁ (Δk₁) - D.pairing j₁ (Rk₁)`.
RHS = `D.pairing j.2 k₁ + D.pairing j₁ k₂ - D.pairing (Rj₁) k₁ - boundary`.
Difference LHS - RHS = `-D.pairing (Δj₁) k₁ + D.pairing j₁ (Δk₁) - D.pairing j₁ (Rk₁) + D.pairing (Rj₁) k₁ + boundary`.
Using hSA: `D.pairing j₁ (Rk₁) = D.pairing (Rj₁) k₁`, so = `-D.pairing (Δj₁) k₁ + D.pairing j₁ (Δk₁) + boundary`. Using hIBP: `D.pairing (Δj₁) k₁ - D.pairing j₁ (Δk₁) = boundary`, so `-D.pairing (Δj₁) k₁ + D.pairing j₁ (Δk₁) = -boundary`, giving 0. ✓.

Great.

Then the certificate:
```lean
structure ConjugateHeatIBPCertificate (D : ConjugateHeatData F) (j k : Jet F) where
  heatPairing : ℝ
  conjugatePairing : ℝ
  pairingDerivative : ℝ
  boundaryForm : ℝ
  ibp : heatPairing - conjugatePairing = pairingDerivative - boundaryForm

def conjugateHeatIBPCertificate (D) (j k) : ConjugateHeatIBPCertificate D j k where
  heatPairing := D.pairing (D.forwardHeat j) k.1
  conjugatePairing := D.pairing j.1 (D.backwardHeat k)
  pairingDerivative := D.pairingDerivative j k
  boundaryForm := D.boundaryForm j.1 k.1
  ibp := D.formal_adjoint j k
```

Corollaries:
- `formal_adjoint_of_boundaryForm_eq_zero`
- `formal_adjoint_of_pairingDerivative_eq_zero` (stationary metric): `pairing (heat j) k = pairing j (conjHeat k) - boundary`.
- `formal_adjoint_closed`: if both vanish: `pairing (heat j) k = pairing j (conjHeat k)`.
- `conjugateHeatIBPCertificate_boundary_eq_zero_iff`? Maybe simpler.

Also, requirement 1: "backward heat operator with scalar-curvature term". Include a lemma `backwardHeat_eq_zero_iff`? Or the "conjugate heat equation" definition:
```lean
def IsConjugateHeatSolution (D) (j : Jet F) : Prop := D.backwardHeat j = 0
```
and a lemma `backwardHeat_zero : D.backwardHeat (j.1, D.laplacian j.1 - D.scalarMul j.1) = 0`? Let's see: `-j.2 - Δj₁ + Rj₁ = 0` iff `j.2 = -Δj₁ + Rj₁`. So for any value u, the jet `(u, -Δu + R u)` is a conjugate-heat jet. Prove:
```lean
theorem backwardHeat_self (D) (u : F) :
    D.backwardHeat (u, -D.laplacian u + D.scalarMul u) = 0
```
by `rw [backwardHeat_apply]; abel` (or simp/abel).

Also the scalar curvature term: `backwardHeat u = forwardHeat u + 2 scalarMul`? `forwardHeat (u,du) = du - Δu`; `backwardHeat (u,du) = -du - Δu + Ru`. Not a simple relation unless du → -du. For the same jet: `forwardHeat (u,du) + backwardHeat (u,du) = -2Δu + Ru`; hmm. `backwardHeat (u,du) = -forwardHeat (u, -du) + Ru`. Let's define the "time reversal" map on jets: `Jet.negTime (j) = (j.1, -j.2)`. Then `backwardHeat j = - forwardHeat (negTime j) + scalarMul j.1`. That's a nice structural relation:
```lean
theorem backwardHeat_eq_neg_forwardHeat_negTime (D) (j : Jet F) :
    D.backwardHeat j = - D.forwardHeat (j.1, -j.2) + D.scalarMul j.1
```
Check: `-forwardHeat (j.1, -j.2) + Rj₁ = -(-j.2 - Δj₁) + Rj₁ = j.2 + Δj₁ + Rj₁`. That's not `-j.2 - Δj₁ + Rj₁`. Wrong sign. Actually `backwardHeat j = -forwardHeat (j.1, -j.2) + 2Δ?` Let me just compute: `-forwardHeat (j.1, -j.2) = -(-j.2 - Δj₁) = j.2 + Δj₁`. Not matching. So no. The correct relation is `backwardHeat j = - (∂_t + Δ - R)`, i.e., `backwardHeat j = - forwardHeat' where forwardHeat' uses `j.2` and `+Δ`... Since Δ is a fixed operator, the conjugate heat operator is `-∂_t - Δ + R = -(∂_t + Δ) + R`, and the "adjoint" of `∂_t - Δ` in time and space. Fine, skip that relation. Just have the definition.

Now the "stated metric-flow interface" needs to encode the Ricci-flow volume variation `∂_t dV = -R dV`. In the abstract interface, the pairing derivative formula `pairingDerivative j k = pairing j.2 k.1 + pairing j.1 k.2 - pairing (R j.1) k.1` encodes `d/dt⟨u,v⟩ = ⟨∂_t u, v⟩ + ⟨u, ∂_t v⟩ - ⟨Ru, v⟩`. That's exactly the first variation of the volume under Ricci flow. I should document this clearly. Maybe also add an interface field `volume_variation : ∀ u v, ...`? It's already the definition of `pairingDerivative`. Hmm, but the interface doesn't "state" it as a field. To make the interface explicit about the Ricci-flow relation, I could include in `MetricFlowInterface`:
```lean
  /-- the first variation of the volume pairing along the flow: ∂_t dV = -R dV -/
  volumeVariation : ∀ (u v : F), True -- no
```
No. Better: define `pairingDerivative` as an *interface field* `pairingDerivative : Jet F → Jet F → ℝ` with the defining equation field:
```lean
  pairingDerivative : Jet F → Jet F → ℝ
  pairingDerivative_apply : ∀ j k, pairingDerivative j k = pairing j.2 k.1 + pairing j.1 k.2 - pairing (scalarMul j.1) k.1
```
This literally states the metric-flow relation as part of the interface. The concrete instance must prove `pairingDerivative_apply`, which is exactly the computation `∑ m (du v + u dv - Ruv) = ...`. That's easy. I like this: it makes the "stated metric-flow interface" explicit and the theorem uses `pairingDerivative_apply`.

Hmm, but adding it as a field with an equation means in `ConjugateHeatData.formal_adjoint` I rewrite with it. Fine.

Actually, is it better to keep `pairingDerivative` as a derived def? The requirement says "over a stated metric-flow interface". The interface should state the flow. I'll include `volumeVariation` as a field name perhaps:

```lean
structure MetricFlowInterface (F : Type*) [AddCommGroup F] [Module ℝ F] where
  /-- the L² pairing of the current time slice -/
  pairing : F →ₗ[ℝ] F →ₗ[ℝ]
  /-- the Laplace–Beltrami operator -/
  laplacian : F →ₗ[ℝ] F
  /-- multiplication by the scalar curvature -/
  scalarMul : F →ₗ[ℝ] F
  /-- the Green/IBP boundary form of the Laplace–Beltrami operator -/
  boundaryForm : F → F → ℝ
  /-- **the metric-flow volume variation**: derivative of the pairing along ∂_t g = -2 Ric,
      i.e. ∂_t dV = -R dV -/
  volumeVariation : Jet F → Jet F → ℝ
  volumeVariation_apply : ∀ j k, volumeVariation j k
    = pairing j.2 k.1 + pairing j.1 k.2 - pairing (scalarMul j.1) k.1
  pairing_symm : ...
  laplacian_ibp : ...
  scalarMul_selfAdjoint : ...
```

But `Jet` needs to be defined before `MetricFlowInterface`. Define `abbrev Jet (F) := F × F` before. Fine.

Then `ConjugateHeatData` extends `MetricFlowInterface`:
```lean
structure ConjugateHeatData (F) [AddCommGroup F] [Module ℝ F] extends MetricFlowInterface F where
  forwardHeat : Jet F →ₗ[ℝ] F
  backwardHeat : Jet F →ₗ[ℝ] F
  forwardHeat_apply : ∀ j, forwardHeat j = j.2 - laplacian j.1
  backwardHeat_apply : ∀ j, backwardHeat j = -j.2 - laplacian j.1 + scalarMul j.1
```

And `ConjugateHeatData.ofInterface`.

Then the theorem:
```lean
theorem ConjugateHeatData.formal_adjoint (D) (j k) :
    D.pairing (D.forwardHeat j) k.1 - D.pairing j.1 (D.backwardHeat k)
      = D.volumeVariation j k - D.boundaryForm j.1 k.1
```
with proof rewriting `forwardHeat_apply`, `backwardHeat_apply`, `volumeVariation_apply`, then linarith as before. 

This is elegant. The theorem says: `⟨H u, v⟩ - ⟨u, H* v⟩ = ∂_t⟨u,v⟩ - boundary`, i.e., H* is the formal adjoint of H modulo the volume-variation term and the spatial boundary form. Under Ricci flow the volume-variation term is the one stated.

Now `Instance.lean`: build the concrete `MetricFlowInterface (V → ℝ)` and `ConjugateHeatData (V → ℝ)`.

The concrete `volumeVariation` must satisfy `volumeVariation_apply`. Define:
`volumeVariation (j k) := pairing j.2 k.1 + pairing j.1 k.2 - pairing (scalarMul j.1) k.1` — then the equation is `rfl`. But that's trivial; the "proof" that the metric flow satisfies it is in the pairing construction. Hmm, the equation is a definitional identity then. That's fine: the interface's stated relation is satisfied by construction because the volume variation is *defined* as the derivative formula. But then it's not really a theorem about the model. Alternatively, define `volumeVariation` via the explicit mass-derivative formula:
`volumeVariation j k := ∑ x, massDeriv x * j.1 x * k.1 x + ∑ x, m x * j.2 x * k.1 x + ∑ x, m x * j.1 x * k.2 x` where `massDeriv = -R m`. Then prove it equals `pairing j.2 k.1 + pairing j.1 k.2 - pairing (R j.1) k.1` using `massDeriv x = -R x * m x`. This is a genuine computation. Let me do that: the concrete model's interface takes `m : V → ℝ`, `R : V → ℝ`, and `massDeriv : V → ℝ` with `hmassDeriv : ∀ x, massDeriv x = - R x * m x`. Then:

```lean
def volumeVariation (m massDeriv) (j k : Jet (V → ℝ)) : ℝ :=
  (∑ x, massDeriv x * j.1 x * k.1 x)
    + (∑ x, m x * j.2 x * k.1 x)
    + (∑ x, m x * j.1 x * k.2 x)
```
And prove:
```lean
theorem volumeVariation_apply :
    volumeVariation m massDeriv j k
      = pairingLM m j.2 k.1 + pairingLM m j.1 k.2 - pairingLM m (scalarMulLM R j.1) k.1 := by
  simp only [volumeVariation, pairingLM, scalarMulLM, LinearMap.mk₂_apply, ...]
  rw [← Finset.sum_sub_distrib] -- etc
  refine congr? ...
  calc ... 
```
Let me see: `pairingLM m j.2 k.1 = ∑ x, m x * j.2 x * k.1 x`; `pairingLM m j.1 k.2 = ∑ x, m x * j.1 x * k.2 x`; `pairingLM m (R • j.1) k.1 = ∑ x, m x * (R x * j.1 x) * k.1 x`. So the identity is:
`∑ massDeriv * j₁ * k₁ + ∑ m * j₂ * k₁ + ∑ m * j₁ * k₂ = ∑ m*j₂*k₁ + ∑ m*j₁*k₂ - ∑ m*(R*j₁)*k₁`
⟺ `∑ massDeriv * j₁ * k₁ = -∑ m * (R x * j₁ x) * k₁ x = ∑ -(m x * (R x * j₁ x) * k₁ x)`.
Using `massDeriv x = -R x * m x`, termwise: `massDeriv x * j₁ x * k₁ x = -R x * m x * j₁ x * k₁ x = -(m x * (R x * j₁ x) * k₁ x)` by ring. So:
```lean
  rw [Finset.sum_congr rfl (fun x _ => by rw [hmassDeriv x]; ring)]  -- hmm
```
Actually I need to rewrite the LHS sum into `∑ x, -(m x * (R x * j.1 x) * k.1 x)` then `← Finset.sum_neg_distrib`, then `ring`. Let me structure the whole proof as:
```lean
  simp only [volumeVariation, pairingLM_apply, scalarMulLM_apply]
  have hterm : ∀ x, massDeriv x * j.1 x * k.1 x = -(m x * (R x * j.1 x) * k.1 x) := by
    intro x; rw [hmassDeriv x]; ring
  rw [Finset.sum_congr rfl (fun x _ => hterm x), Finset.sum_neg_distrib]
  ring
```
Where `pairingLM_apply` and `scalarMulLM_apply` are `rfl`-lemmas I define. Then `ring` handles `A + B + C = B + C - (-D)` where D = A. Actually after `rw`, LHS = `-D + B + C`, RHS = `B + C - D`; ring closes. Good.

This is a genuine proof that the volume variation `∂_t dV = -R dV` (encoded as `massDeriv = -R m`) yields the stated pairing derivative. 

Now the concrete `ConjugateHeatData`:
```lean
noncomputable def conjugateHeatData (D : DivergenceData V E) (w : E → ℝ) (m R massDeriv : V → ℝ)
    (hm : ∀ x, m x ≠ 0) (hmassDeriv : ∀ x, massDeriv x = - R x * m x) (S : Finset V) :
    ConjugateHeatData (V → ℝ) :=
  ConjugateHeatData.ofInterface (metricFlowInterface D w m R massDeriv hm hmassDeriv S)
```

where `metricFlowInterface` proves the fields. The `laplacian_ibp` field is `green_second` (as an equation). `pairing_symm` is sum_comm/ring. `scalarMul_selfAdjoint` is sum_congr + ring. `boundaryForm_antisymm` if included.

Then a non-vacuity example: instantiate on a concrete two-vertex graph with numeric values, and prove the formal adjointness identity evaluates to specific numbers. E.g., path graph with 2 vertices, one edge 0→1 with weight 1, mass (2,3), R = (1,-1)? massDeriv = -R*m. Region S = {0}. Functions u, v with jets. Then compute both sides. Since `formal_adjoint` is a theorem, the numeric identity follows; but to show non-vacuity, provide a `#eval`? No `native_decide`. Use `example : ... := by decide`? Decidable equality of reals is not computable. Better: state the identity with `norm_num`-evaluated numbers and prove `by norm_num [defs]` or `by decide`? Reals: `norm_num` works for numeric rationals.

Actually, a clean non-vacuity witness: instantiate the concrete `ConjugateHeatData` and prove the certificate's identity with explicit numbers, e.g.:
```lean
example : (exampleData.formal_adjoint j k) = ... := rfl
```
Hmm. The formal adjointness theorem is already proven abstractly; to show the instance is non-vacuous we can prove that the concrete instance satisfies a nontrivial numeric identity:
```lean
theorem example_formal_adjoint_value :
    exampleData.pairing (exampleData.forwardHeat j) k.1 - ... = 42 := by
  rw [ConjugateHeatData.formal_adjoint]; norm_num [exampleData, ...]
```
That's a good witness. Or evaluate the boundary form on a concrete function to a nonzero value and show the IBP identity holds with nonzero boundary term.

Let me not over-plan; I'll write the files and iterate.

### Slab.lean design

The slab monotonicity toy:
```lean
variable {V E} [Fintype V] [Fintype E] [DecidableEq V]

/-- One explicit conjugate-heat step with scalar-curvature term:
    u⁺ = u + R•u - Δu. -/
def conjugateHeatStep (D) (w) (m R : V → ℝ) (u : V → ℝ) : V → ℝ :=
  u + R * u - laplaceBeltrami D w m u
```
Wait `R * u` pointwise: `fun x => R x * u x`. Define `scalarMulFun R u := fun x => R x * u x` (or use `scalarMulLM R u`). Then:
`conjugateHeatStep D w m R u = u + scalarMulLM R u - laplaceBeltrami D w m u`.

Energy: `energy m u := ∑ x, m x * (u x)^2`.

Monotonicity theorem:
```lean
theorem conjugateHeatStep_energy_mono (hm : ∀ x, 0 < m x) (hw : ∀ e, 0 ≤ w e) (hR : ∀ x, 0 ≤ R x) (u) :
    energy m u ≤ energy m (conjugateHeatStep D w m R u)
```
Proof: Let `X = scalarMulLM R u - laplaceBeltrami D w m u`. Then `conjugateHeatStep u = u + X`. Energy difference:
`energy m (u + X) - energy m u = 2 * (∑ x, m x * u x * X x) + ∑ x, m x * (X x)^2`.
Hmm, the cross term: `∑ m (u+X)^2 = ∑ m u² + 2∑ m u X + ∑ m X²`. This needs expansion with `ring`. Then show `0 ≤ 2∑ m u X + ∑ m X²`:
`∑ m u X = ∑ m u (Ru) - ∑ m u (Δu)`. 
- `∑ m u (Ru) = ∑ m R u² ≥ 0` since R ≥ 0 and m > 0.
- `∑ m u (Δu) = -dirichletForm u u` (self-adjointness/green_first with S=univ, boundary 0: `pairing (Δu) u = -dirichlet`, and pairing symmetry gives `∑ m u Δu = -dirichlet`). 
So `∑ m u X = ∑ m R u² + dirichlet ≥ 0`, and `∑ m X² ≥ 0` since m > 0. Hence the difference ≥ 0.

Proof steps:
1. `energy m (conjugateHeatStep u) = energy m u + 2 * (∑ x, m x * u x * X x) + ∑ x, m x * X x ^ 2`. Prove by `simp only [energy, conjugateHeatStep, ...]` and `Finset.sum_congr` + `ring`.
2. `∑ x, m x * u x * X x = ∑ x, m x * (R x * u x) * u x - ∑ x, m x * u x * (Δu) x`? Hmm, careful: `pairing u (Δu) = ∑ x, m x * u x * (Δu) x`. And `green_first` gives `pairing (Δu) u = -dirichlet`. By pairing symmetry, `pairing u (Δu) = pairing (Δu) u = -dirichlet`. Need `pairingLM` symmetry lemma.
   Also `X = R•u - Δu`, so `∑ m u X = ∑ m u (Ru) - ∑ m u (Δu)` by `Finset.sum_sub_distrib`.
3. `0 ≤ ∑ x, m x * (R x * u x) * u x` by `Finset.sum_nonneg` with `mul_nonneg` and `sq`? `m x * (R x * u x) * u x = m x * R x * (u x)^2 ≥ 0` since m > 0, R ≥ 0, square ≥ 0. Proof: `nlinarith [sq_nonneg (u x), hm x, hR x]`? `m x * (R x * u x) * u x = m x * R x * u x * u x = (m x * R x) * (u x)^2`. `nlinarith [mul_nonneg (le_of_lt (hm x)) (hR x), sq_nonneg (u x)]` might work but `nlinarith` needs the product `(m x * R x) * (u x)^2 ≥ 0`. Use `mul_nonneg (mul_nonneg (le_of_lt (hm x)) (hR x)) (sq_nonneg (u x))` after showing the term equals that. Let me prove termwise: 
   ```lean
   have hterm : 0 ≤ m x * (R x * u x) * u x := by
     have h1 : (0:ℝ) ≤ m x * R x := mul_nonneg (le_of_lt (hm x)) (hR x)
     have h2 : (0:ℝ) ≤ u x * u x := mul_self_nonneg (u x)
     nlinarith [h1, h2] -- or convert
   ```
   `m x * (R x * u x) * u x = (m x * R x) * (u x * u x)` by ring. So `nlinarith [h1, h2]` should prove it after `ring_nf`? nlinarith works with polynomial arithmetic; it can handle products of nonneg. Let me use:
   ```lean
   have h1 : (0:ℝ) ≤ m x * R x := mul_nonneg (le_of_lt (hm x)) (hR x)
   have h2 : (0:ℝ) ≤ u x * u x := mul_self_nonneg (u x)
   calc (0:ℝ) ≤ (m x * R x) * (u x * u x) := mul_nonneg h1 h2
     _ = m x * (R x * u x) * u x := by ring
   ```
   Good, no nlinarith needed.
4. `∑ x, m x * X x ^ 2 ≥ 0` similarly: `m x * X x ^ 2 ≥ 0` via `mul_nonneg (le_of_lt (hm x)) (sq_nonneg _)`.
5. Combine: `energy m (step u) - energy m u = 2 * P + Q` where `P ≥ 0`, `Q ≥ 0`, so `≥ 0`; then `energy m u ≤ energy m (step u)` by `linarith`.

Then the "slab" telescoping: given a sequence `u : Fin (n+1) → V → ℝ` with `u (k+1) = conjugateHeatStep ... (u k)`, prove `energy m (u 0) ≤ energy m (u (Fin.last n))`. This can be done by induction on n? For a general `Fin (n+1)` sequence, induction on `Fin` is awkward. Alternative: use `Fin.induction` or a recursive lemma on `Nat`:
```lean
theorem energy_mono_of_step_chain {n : ℕ} (u : Fin (n+1) → V → ℝ)
    (hstep : ∀ k : Fin n, u k.succ = conjugateHeatStep ... (u k.castSucc)) :
    energy m (u 0) ≤ energy m (u (Fin.last n))
```
Induction on n: 
- n = 0: `Fin (0+1)`, `0 = Fin.last 0`, so `le_refl`.
- n+1: Use `Fin.sum_univ_castSucc`? Hmm. Maybe prove a general chain lemma over `Fin (n+1)` by induction on n using `Fin.cases`/`Fin.lastCases`. This could be fiddly.

Simpler: state the slab monotonicity as a two-layer (one-step) theorem plus an `n`-step version proven by induction on a list or by `Nat` recursion on a function `u : ℕ → V → ℝ` with the step property, proving `∀ n, energy m (u 0) ≤ energy m (u n)` by `Nat.rec`/induction:
```lean
theorem energy_mono_nat (u : ℕ → V → ℝ) (hstep : ∀ k, u (k+1) = conjugateHeatStep ... (u k)) :
    ∀ n, energy m (u 0) ≤ energy m (u n) := by
  intro n
  induction n with
  | zero => le_refl
  | succ n ih => 
      calc energy m (u 0) ≤ energy m (u n) := ih
        _ ≤ energy m (u (n+1)) := by rw [hstep n]; exact step_mono ...
```
This is clean! Then define the slab as `u : Fin (n+1) → V → ℝ` and relate to a ℕ-sequence? Or just do the slab with `Fin (n+1)` and prove by induction on n using the ℕ version via `u ∘ Fin.val`? Let me define the slab monotonicity theorem using a `ℕ`-indexed chain, and separately state the slab version for `Fin (n+1)` by constructing the ℕ-sequence `fun k => u (Fin.ofNat' (n+1) k)`... hmm, complicated.

Alternative: define the slab chain directly with `Fin`:
```lean
theorem energy_mono_slab {n : ℕ} (u : Fin (n+1) → V → ℝ)
    (hstep : ∀ k : Fin n, u k.succ = conjugateHeatStep ... (u k.castSucc)) :
    energy m (u 0) ≤ energy m (u (Fin.last n))
```
Proof by induction on n:
- base n=0: `Fin.last 0 = 0` (both are `0 : Fin 1`), so `le_rfl`. Actually `energy m (u 0) ≤ energy m (u (Fin.last 0))`: `Fin.last 0 = 0` by `Fin.ext rfl`/`simp`.
- step: given `u : Fin (n+2) → V → ℝ` and hstep. We want `energy (u 0) ≤ energy (u (Fin.last (n+1)))`. Consider `u' : Fin (n+1) → V → ℝ := fun i => u i.castSucc`? Then `u' 0 = u 0`, `u' (Fin.last n) = u (Fin.last n).castSucc`? Hmm, `Fin.last n` castSucc = `Fin.castSucc (Fin.last n) : Fin (n+2)` which is not `Fin.last (n+1)`. Let me think.

Better induction on `n` with the chain indexed by `Fin (n+1)`:
Define `v : Fin (n+1) → V → ℝ := fun i => u i.castSucc`. The step property for v holds for `k : Fin n`: `v k.succ = u (k.succ.castSucc) = u (k.castSucc).succ`? We have hstep at `k.castSucc : Fin (n+1)`: `u (k.castSucc).succ = step (u (k.castSucc).castSucc)`. And `(k.succ).castSucc = (k.castSucc).succ` by `Fin.ext rfl`. So `v k.succ = u ((k.succ).castSucc) = u ((k.castSucc).succ) = step (u ((k.castSucc).castSucc)) = step (v k.castSucc)`. Good. Then IH gives `energy (v 0) ≤ energy (v (Fin.last n))` = `energy (u 0) ≤ energy (u ((Fin.last n).castSucc))`. Then one more step at `k = Fin.last n : Fin (n+1)`: `u (Fin.last n).succ = step (u (Fin.last n).castSucc)`, and `(Fin.last n).succ = Fin.last (n+1)`. So `energy (u ((Fin.last n).castSucc)) ≤ energy (u (Fin.last (n+1)))`. Combine. This works but the Fin arithmetic lemmas might be fiddly (`Fin.succ_castSucc`, `Fin.last_succ`, etc.).

Simpler: define the slab as `Fin (n+1)` and prove monotonicity by a `Fin`-induction using `Fin.induction`? Or just use the ℕ-indexed chain and present the slab as the restriction. The task says "a discrete conjugate-heat slab monotonicity toy" — a ℕ-indexed discrete evolution is fine, but "slab" suggests `Fin (n+1)`.

Compromise: state the slab theorem with a `List`-free approach: 
```lean
theorem energy_mono_slab {n : ℕ} (u : Fin (n+1) → V → ℝ)
    (hstep : ∀ k : Fin n, u k.succ = conjugateHeatStep ... (u k.castSucc)) :
    energy m (u 0) ≤ energy m (u (Fin.last n)) := by
  -- transport to ℕ-indexed chain
  ...
```
Alternative clean approach: prove a general "monotone along a chain" lemma for `Fin` using `Fin.induction`:
```lean
theorem le_last_of_step_chain ... 
```
Hmm.

Actually, there's a neat trick: use `Fin.induction` on `Fin (n+1)`? `Fin.induction` gives `P 0 → (∀ i, P i → P i.succ) → ∀ i, P i` but only for `Fin (n+1)` with `i.succ` staying in range (defined as `Fin.succ` which maps `Fin n` to `Fin (n+1)`, not `Fin (n+1)` to itself). So not directly.

Use `Fin.reverseInduction`? Hmm.

Let me instead use the ℕ-indexed version as the main theorem and then state a `Fin`-slab version by converting: define `chain (k : ℕ) := u ⟨min k n, ...⟩`? The step property fails at k ≥ n. Alternatively, prove the slab version by strong induction on the index using `Fin.last`:

```lean
theorem energy_mono_slab {n : ℕ} (u : Fin (n+1) → V → ℝ)
    (hstep : ∀ k : Fin n, u k.succ = conjugateHeatStep ... (u k.castSucc)) :
    energy m (u 0) ≤ energy m (u (Fin.last n)) := by
  induction n with
  | zero => simp [Fin.last_zero] -- energy m (u 0) ≤ energy m (u 0)
  | succ n ih =>
      -- u : Fin (n+2) → V → ℝ
      have hstep' : ∀ k : Fin n, (fun i : Fin (n+1) => u i.castSucc) k.succ
          = conjugateHeatStep ... ((fun i : Fin (n+1) => u i.castSucc) k.castSucc) := by
        intro k
        have h := hstep k.castSucc  -- hstep : ∀ k : Fin (n+1), ...
        -- need (k.castSucc : Fin (n+1)).succ = k.succ.castSucc : Fin (n+2)
        ...
      have ih' := ih (fun i => u i.castSucc) hstep'
      -- ih' : energy (u 0) ≤ energy (u (Fin.last n).castSucc)
      have hlast := step_mono ... (u ((Fin.last n).castSucc))  -- energy ≤ energy (step ...)
      have hlaststep : u (Fin.last (n+1)) = conjugateHeatStep ... (u ((Fin.last n).castSucc)) := by
        have h := hstep (Fin.last n)  -- hstep : ∀ k : Fin (n+1), u k.succ = step (u k.castSucc)
        -- (Fin.last n).succ = Fin.last (n+1)
        simpa [Fin.succ_last] using h  -- maybe
      calc energy (u 0) ≤ energy (u ((Fin.last n).castSucc)) := ih'
        _ ≤ energy (u (Fin.last (n+1))) := by rw [hlaststep]; exact step_mono ...
```
The Fin lemmas: `Fin.succ_last : (Fin.last n).succ = Fin.last (n+1)`? I think there's `Fin.succ_last`. And `(k.castSucc).succ = k.succ.castSucc`? There's `Fin.succ_castSucc` or it's `rfl` (both are `⟨k.val + 1, ...⟩`). Might be provable by `rfl` or `Fin.ext rfl`. The induction hypothesis `ih` has type `∀ (u : Fin (n+1) → V → ℝ), (∀ k : Fin n, ...) → energy m (u 0) ≤ energy m (u (Fin.last n))`. Fine.

This is doable but the Fin manipulations may eat time. Given the toy nature, maybe use `Fin (n+1)` with a simpler monotonicity statement that avoids chains: e.g., prove the *one-step* monotonicity and then a two-step, and state the general slab chain via `List`-fold? Hmm.

Actually, maybe I can avoid Fin entirely for the slab by modeling the slab as `α × Fin (n+1)` but the monotonicity as a *pointwise-in-time* statement at each interior time: i.e., for each `k : Fin n`, `energy (u k.castSucc) ≤ energy (u k.succ)`. That's the one-step monotonicity applied to each pair, which is the "slab monotonicity" in the sense that the energy is nondecreasing along the slab. Then the "telescoped" statement is a corollary that I can state as: `∀ k : Fin n, energy (u k.castSucc) ≤ energy (u k.succ)`. That's already a slab monotonicity toy (layer-wise monotonicity). Plus I can add the ℕ-chain telescoping for good measure. The task says "a discrete conjugate-heat slab monotonicity toy" — layer-wise monotonicity is arguably enough, but a global statement is nicer. Let me do the one-step theorem (main), and a `Fin`-slab global theorem via the induction; if Fin fights me, fall back to the ℕ-indexed chain (which is clean) and mention the slab is the finite window.

Actually, here's a cleaner global slab formulation avoiding induction: `Finset` summation of the differences:
`energy (u (Fin.last n)) - energy (u 0) = ∑ k : Fin n, (energy (u k.succ) - energy (u k.castSucc))` by telescoping (`sum_telescope` from the Divergence.Slab module!). Since each term is ≥ 0 (one-step monotonicity), the sum is ≥ 0. That's elegant and reuses `sum_telescope`:
```lean
theorem energy_mono_slab {n} (u : Fin (n+1) → V → ℝ)
    (hstep : ∀ k : Fin n, u k.succ = conjugateHeatStep ... (u k.castSucc)) :
    energy m (u 0) ≤ energy m (u (Fin.last n)) := by
  have htelescope := Poincare.D7.Divergence.sum_telescope (fun k => energy m (u k))
  -- sum_telescope : ∑ i : Fin n, (g i.succ - g i.castSucc) = g (Fin.last n) - g 0
  have hnonneg : 0 ≤ ∑ k : Fin n, (energy m (u k.succ) - energy m (u k.castSucc)) := by
    refine Finset.sum_nonneg (fun k _ => ?_)
    rw [hstep k]
    exact sub_nonneg.mpr (step_mono ... (u k.castSucc))
  linarith
```
This avoids induction entirely. Excellent. `sum_telescope` is in `Poincare.D7.Divergence` namespace, imported from `Poincare.D7.Divergence.Slab`. I'll import that.

So Slab.lean imports `Poincare.D7.Divergence.Slab` (or the whole Divergence umbrella?) and `Laplacian.lean`, defines the step, energy, one-step monotonicity, and the slab global monotonicity via telescoping. 

### Example.lean design

Concrete numbers to demonstrate non-vacuity:
- A two-vertex graph: `V = Fin 2`, `E = Fin 1`, `src 0 = 0`, `tgt 0 = 1`, weight 1.
- mass `m = ![2, 3]`, `R = ![1, 2]`, massDeriv = -R*m = ![-2, -6].
- Region S = {0} or univ.
- Jets with simple functions.
- Prove the formal adjointness identity holds numerically, e.g., both sides equal a specific number, and the boundary form is nonzero.
- Also the slab toy with a concrete 3-layer evolution and energy increase.

For concrete functions, use `![...]` vector notation or `fun i => if i = 0 then a else b`. Since `Fin 2`, `![...]` works (Mathlib `Matrix.cons_val_zero` etc.). Simpler: define functions via pattern matching:
```lean
def u2 : Fin 2 → ℝ
  | 0 => 1
  | 1 => -1
```
For `Fin 2`, pattern matching works? `Fin` pattern matching with `0` and `1` might need `Fin.cases`. Alternatively use `![1, -1]` (Vector notation) with simp lemmas `Matrix.cons_val_zero`, `Matrix.cons_val_one`, `Matrix.head_cons`. That's common in mathlib. For `Fin 2`, `![a, b] 0 = a` by `simp` (there are simp lemmas for `Matrix.cons_val_zero`, `Matrix.cons_val_succ`, etc.). Let me use `![...]`.

Computations with `norm_num [defs]` should evaluate the sums over `Fin 2`/`Fin 1` and the filters. The filters on `Finset.univ : Finset (Fin 1)` should decide by `decide`/`simp`. This might be a bit fiddly but doable. I'll iterate in Lean.

Maybe simpler concrete model: `V = Fin 1` with a single vertex and a self-loop edge? Then the Laplacian is zero for self-loops (both ifs fire: `w(u t - u x) + w(u s - u x) = w(u - u) + w(u-u) = 0`). Boundary form 0. Not great for non-vacuity of the boundary term.

Use `V = Fin 2`, `E = Fin 2` with edges 0→1 and 1→0 (a two-vertex cycle), weights 1 and 2. Then region S={0}: boundary edges both cross; boundary form nonzero. Laplacian at 0: edge0 (src 0, tgt 1): w0 (u1 - u0); edge1 (src 1, tgt 0): w1 (u1 - u0). So `Δu 0 = (m0)⁻¹ (w0 + w1)(u1 - u0)`. At 1: `(m1)⁻¹ (w0 + w1)(u0 - u1)` (edge0 contributes at tgt 1: w0 (u0 - u1); edge1 at src 1: w1 (u0-u1)). Nice symmetric. With `m = ![2,3]`, `w = ![1,2]`, `Δu 0 = 3/2 (u1-u0)`, `Δu 1 = (u0-u1)`. All rational; `norm_num` can handle.

Then the Green identity: `pairingOn m {0} (Δu) v = -dirichlet {0} + boundaryPair {0} u v`. With S={0}, dirichlet over internal edges = 0 (no edge has both endpoints in {0}), boundaryPair = w0(u1-u0)v0 + w1(u1-u0)v0 = (w0+w1)(u1-u0)v0 = 3(u1-u0)v0. And pairingOn = m0 * Δu0 * v0 = 2 * (3/2)(u1-u0) * v0 = 3(u1-u0)v0. ✓.

Green's second: `pairing (Δu)v - pairing u(Δv)` over S={0} = m0(Δu0 v0 - u0 Δv0) = 2*(3/2)((u1-u0)v0 - u0(v1-v0)) = 3(u1 v0 - u0 v1). boundaryForm = boundaryPair u v - boundaryPair v u = 3(u1-u0)v0 - 3(v1-v0)u0 = 3(u1v0 - u0v1). ✓.

Good.

Now the formal adjointness numeric witness: choose jets j = (u, du), k = (v, dv) with specific numbers, compute both sides via the theorem and `norm_num`. The LHS `pairing (forwardHeat j) k - pairing j (backwardHeat k)` and RHS `volumeVariation j k - boundaryForm`. The theorem says they're equal; to show non-vacuity, compute the RHS numerically (or both sides) and show it's a specific value, ideally nonzero, and also show that the boundary term is nonzero.

### Blocked.lean design

State-only Prop for conjugate heat kernel existence. The conjugate heat kernel (fundamental solution) of the conjugate heat equation: for each `(x, t)` with `t < T`, there exists a positive function `K = K(x,t;·,·)` solving the conjugate heat equation backward with a delta initial condition at `(x,t)`, with Gaussian-type bounds. Mathlib lacks: existence/uniqueness of fundamental solutions for parabolic PDEs, heat kernel on manifolds, delta distributions, Gaussian bounds, etc.

Define a schematic structure for a "conjugate heat kernel datum" and a predicate, and a `Prop`:
```lean
def ConjugateHeatKernelExistenceStatement : Prop :=
  ∀ (M : Type) ... [TopologicalSpace M] [MeasurableSpace M] ...,
  ∀ (D : ConjugateHeatData ...), ... → ∃ K : ...,
    IsConjugateHeatKernel K
```
Keep it abstract but meaningful: use a metric-flow interface over a manifold? To keep it state-only and honest, define the statement over an abstract `ConjugateHeatData` on a function space, plus a "kernel" as a function `X → X → ℝ → ℝ → ℝ`? Hmm, without a manifold measure this is vague. The prior task used `ModelWithCorners`, `TangentSpace`, etc. For the conjugate heat kernel, the natural statement involves:
- a compact Riemannian manifold (or a Ricci flow spacetime),
- the conjugate heat equation □* K = 0 in the backward variables,
- K positive,
- K → δ_x as t → t₀ (initial/final condition),
- ∫ K dV = 1 (conservation).

Mathlib lacks distributions/delta, heat kernel, parabolic existence, Gaussian bounds, and the Ricci flow background. So state:

```lean
/-- A schematic conjugate heat kernel datum on a finite-dimensional real inner product space
    (standing in for a Riemannian manifold) ... -/
structure ConjugateHeatKernelDatum (E : Type*) [NormedAddCommGroup E] [InnerProductSpace ℝ E]
    [FiniteDimensional ℝ E] where
  heatKernel : E → E → ℝ → ℝ
  ...
```

Hmm. Let me instead define the blocked statement over the abstract `ConjugateHeatData F` from Basic.lean, parameterized by a "spacetime point type" `X` and a "delta evaluation functional" `eval : X → F →ₗ ℝ`? For existence of a kernel we need an integral representation: `u(t) = ∫ K(x,y,t) u₀(y) dy`. Without measure theory over the abstract F, it's hard.

Alternative: state the blocked Prop in the finite weighted graph model! The conjugate heat kernel on a finite graph *does* exist (it's just the fundamental matrix of an ODE), but proving it requires matrix exponential / linear ODE existence, which mathlib may partially have. But the task wants "missing dependencies", so a genuinely missing theorem. Hmm.

Maybe state the blocked Prop for the smooth manifold case, following the style of the prior `Blocked.lean`: define a `ManifoldConjugateHeatDatum` with a volume measure, a scalar curvature function, a Laplacian operator, and a conjugate heat kernel predicate, then the statement "for every such datum satisfying the Riemannian predicate, there exists a conjugate heat kernel". The missing dependencies: heat kernel existence for the conjugate heat equation on a compact manifold, Gaussian bounds, delta distribution, etc.

Let me design concretely:

```lean
/-- A stated analytic interface for the conjugate heat equation on a smooth manifold:
    the function space, the Laplace–Beltrami operator, the scalar-curvature multiplication,
    the volume measure, and the backward-time derivative operator. -/
structure ManifoldConjugateHeatDatum (F : Type*) [NormedAddCommGroup F] [NormedSpace ℝ F] where
  laplacian : F →L[ℝ] F
  scalarMul : F →L[ℝ] F
  timeDerivative : F →L[ℝ] F
  volume : Measure ...  -- hmm
```

This is getting complicated. Since it's state-only, the Prop can be somewhat schematic but should name the missing mathlib pieces. Let me write:

```lean
/-- The schematic data of the conjugate heat equation on a compact Riemannian manifold
    without boundary, evolving by Ricci flow. The measure `volume t` is the Riemannian volume
    at time `t`; `laplacian t` is the Laplace–Beltrami operator; `scalar t` is multiplication
    by the scalar curvature; `conjugateHeat t u = -∂_t u - Δ_t u + R_t u`. -/
structure ConjugateHeatSpacetime (M : Type*) [TopologicalSpace M] [MeasurableSpace M] where
  time : ℝ
  volume : Measure M
  laplacian : (M → ℝ) →ₗ[ℝ] (M → ℝ)
  scalarMul : (M → ℝ) →ₗ[ℝ] (M → ℝ)
  volume_pos : ...
  ...
```

Then `IsConjugateHeatKernel`:
```lean
def IsConjugateHeatKernel (S : ConjugateHeatSpacetime M) (K : M → M → ℝ → ℝ) : Prop :=
  (∀ y t, 0 < K · y t) ∧
  (∀ y t, ... conjugate heat equation in (x,t)) ∧
  (∀ t, ∫ x, K x y t ∂(S.volume) = 1) ∧
  (∀ f, Continuous f → ... limit ∫ K x y t f x → f y as t → t₀)
```

Then `ConjugateHeatKernelExistenceStatement : Prop := ∀ (M) ..., ∀ S, IsRiemannianConjugateHeatSpacetime S → ∀ x₀ t₀, ∃ K, IsConjugateHeatKernel S K`.

Blockers:
- `B-D7-CONJUGATE-HEAT-KERNEL-EXISTENCE`: no existence/uniqueness theory for parabolic PDEs (fundamental solutions) in mathlib.
- `B-D7-HEAT-KERNEL-MANIFOLD`: no heat kernel on Riemannian manifolds / no spectral theorem for the Laplace–Beltrami operator on compact manifolds.
- `B-D7-DELTA-DISTRIBUTION`: no Dirac delta / distributions / initial-condition convergence in mathlib.
- `B-D7-GAUSSIAN-BOUNDS`: no Gaussian upper/lower bounds or Li–Yau estimates.
- `B-D7-RICCI-FLOW-SPACETIME`: no Ricci flow evolution equation for the metric; the metric-flow interface is axiomatic.
- maybe `B-D7-PARABOLIC-MAXIMUM-PRINCIPLE`.

`MissingMathlibDependencies` list with entries; `PresentMathlibDependencies` list.

Also consistency checks: the predicate is not vacuous? For a state-only Prop, we can show the *statement* is consistent with an empty manifold (like the prior task). Or show `ConjugateHeatKernelExistenceStatement` doesn't imply `False`? That would require proving an instance. For state-only, we can provide a "zero datum" and prove `not_isRiemannian_zero` and `isRiemannian_zero_of_isEmpty` as the prior task did.

### Probe.lean

`#check` present mathlib API (Finset sums, LinearMap.mk₂, Measure, etc.) and `#check_failure` for absent: `MeasureTheory.integral_divergence...`? No, that's present. Absent: `heatKernel`, `Manifold.heatKernel`, `Distributions`, `DiracDelta`, `parabolic`, `GaussianBound`, `HeatSemigroup`, `LaplaceBeltrami` maybe present? Let me probe:
- Present: `LinearMap.mk₂`, `LinearMap.pi`, `Finset.sum_ite_eq'`, `Finset.sum_filter_add_sum_filter_not`, `Finset.sum_nonneg`, `mul_self_nonneg`, `MeasureTheory.Measure`, `MeasureTheory.integral`, `ContMDiff`, `mfderiv`, `ModelWithCorners.boundary`, `MeasureTheory.Measure.haar`.
- Absent (via `#check_failure`): `heatKernel`, `Manifold.heatKernel`, `LaplaceBeltrami` (check), `MeasureTheory.diracDelta`, `Distributions`, `GaussianBound`, `RicciFlow`, `PerelmanEntropy`.

Careful: `#check_failure` must actually fail for the file to compile. I'll verify by compiling.

### Audit.lean

`#print axioms` for all principal declarations in the layer. Need to list them. I'll generate after the files compile.

### Naming and style

Follow the prior file style: header comment, `open Finset`, namespace `Poincare.D7.ConjugateHeat`, docstrings, `set_option linter.style.haveILetI false` maybe.

One important check: the root lakefile has only mathlib requirement; `lake env lean` uses `LEAN_PATH` including `.lake/build/lib/lean` which has the compiled scaffold oleans (including `Poincare.D7.Divergence.Basic` etc.). But when I import `Poincare.D7.Divergence.Basic`, the olean is loaded. When I import my new `Poincare.D7.ConjugateHeat.Laplacian` from `Basic.lean`, the olean for `Laplacian` must exist in `.lake/build/lib/lean/Poincare/D7/ConjugateHeat/Laplacian.olean`. If I only run `lake env lean release/Poincare/D7/ConjugateHeat/Basic.lean`, does it find `Poincare.D7.ConjugateHeat.Laplacian`? Only if the olean exists. `lake env lean` on a file doesn't compile dependencies. So I must either:
- Run `cd release && lake build Poincare.D7.ConjugateHeat.X` to build oleans, or
- Compile files in dependency order and ensure oleans are produced.

Does `lean file.lean` produce an olean? In Lean 4, `lean` does produce a `.olean` in the same directory as the source by default? Hmm. Actually I now recall: `lean Foo.lean` *does* emit `Foo.olean` (in the same directory as `Foo.lean`) by default. Let me test. The prior task's reproduction section says:
```
# 1. build the new modules (produces oleans used by the per-file gate)
(cd release && lake build Poincare.D7.Divergence Poincare.D7.Divergence.Audit)
# 2. per-file compile gate
for f in ...; do lake env lean "$f" || echo "FAIL $f"; done
```
So they built oleans with `lake build` first, then the per-file `lake env lean` gate. And the harness gate presumably runs `lake env lean <file>` on every `.lean` file; for that to work with imports, the oleans must exist in `.lake/build/lib/lean`. The gate may run `lake build` first? The prior card says "harness-gate replication (every `.lean` in the worktree, `lake env lean` from the root): 98/98 exit 0". They replicated by running `lake env lean` on every file after building. So I should build my modules with `lake build` first (from `release/`), then run per-file `lake env lean`.

Note: `lake build` from `release/` writes oleans to `release/.lake/build/lib/lean`, and the root `.lake` symlink points there, so root `lake env lean` finds them. Good.

Wait, does `cd release && lake build Poincare.D7.ConjugateHeat.Laplacian` work with the release lakefile globs `Poincare.+`? Yes.

Alternatively, `lake env lean` from the root with `-o`? Not needed.

Let me now also check the root lakefile: it requires mathlib but has no `lean_lib`; `lake env` from root may complain that the root package has no library? It worked for the scaffold, fine.

Now, let me write the files. I'll start with `Laplacian.lean`. I need to be careful with mathlib API names. Let me first check the names of the lemmas I plan to use via grep in the mathlib source.

Let me check:
- `LinearMap.mk₂` signature
- `Finset.sum_ite_eq'`
- `Finset.sum_filter_add_sum_filter_not`
- `Finset.sum_add_distrib`, `Finset.sum_sub_distrib`, `Finset.sum_neg_distrib`, `Finset.mul_sum`, `Finset.sum_mul`, `Finset.sum_comm`
- `Finset.sum_nonneg`
- `mul_self_nonneg`, `sq_nonneg`
- `LinearMap.sum_apply`
- `LinearMap.fst`, `LinearMap.snd`, `LinearMap.comp`, `LinearMap.sub_apply`, etc.

Let me grep the mathlib directory. The packages are at `/data3/guoshaoyang/workdir/lean_poincare/poincare-lab/.lake/packages/mathlib`. Let me check.
dsh: reasoning:
The grep for `sum_ite_eq'` didn't find in Algebra/BigOperators? Let me search more broadly.
dsh: reasoning:
Good. `LinearMap.pi` and `LinearMap.proj` exist. `LinearMap.mk₂` is in `Mathlib/LinearAlgebra/BilinearMap.lean` (deprecated? `LinearMap.mk₂` at line 318). Let me check its signature and whether it's deprecated. Also check `sum_ite_eq'` exact statement.

Let me read those spots.
dsh: reasoning:
`sum_filter_add_sum_filter_not` isn't in Algebra/BigOperators/Group/Finset? It's used elsewhere, maybe defined in `Mathlib/Algebra/BigOperators/Group/Finset/Basic.lean` with a different name pattern. Let me grep more broadly. Actually the grep found usages in `Analysis/Convex/Radon.lean` etc. The definition might be in `Mathlib/Algebra/BigOperators/Group/Finset/Basic.lean`. Let me grep for "sum_filter" there.

Also note `sum_ite_eq'` is a `to_additive` generated theorem with `@[simp]`, so its statement is `(∑ x ∈ s, ite (x = a) (b x) 0) = ite (a ∈ s) (b a) 0`. Good.

Since `sum_filter_split` is already available from the imported `Poincare.D7.Divergence.Basic`, I don't need `sum_filter_add_sum_filter_not`.

Let me check `LinearMap.proj` requires only `[DecidableEq ι]`? The snippet shows `def proj (i : ι) : ((i : ι) → φ i) →ₗ[R] φ i` — need to check the variable context for `ι`. Let me look at the top of Pi.lean. Actually since V is finite and decidable, either way is fine.

Now, the key question: `LinearMap.mk₂` is in `Mathlib/LinearAlgebra/BilinearMap.lean`, which may not be imported by default in my file unless I import it. The prior files import specific mathlib modules. To be safe, I'll import `Mathlib.LinearAlgebra.BilinearMap` or just `Mathlib` (too heavy). Actually `Mathlib.Tactic` might pull in a lot. Let me import:
```
import Poincare.D7.Divergence.Basic
import Mathlib.LinearAlgebra.BilinearMap
import Mathlib.LinearAlgebra.Pi
import Mathlib.Tactic
```
But wait, is `LinearMap.mk₂` deprecated in favor of `LinearMap.mk₂'`? There might be a deprecation warning; warnings are fine (exit 0), but linters could be errors if `set_option linter...`? Deprecation warnings don't fail.

Alternatively, build the pairing as `LinearMap.mk` with `toFun u := { toFun := fun v => ∑ x, ..., map_add' := ..., map_smul' := ... }` and `map_add'`, `map_smul'`. That requires two nested linear maps. `mk₂` is easier.

Let me check whether `LinearMap.mk₂` is imported by `Poincare.D7.Divergence.Basic` transitively. That file imports `Mathlib.Tactic` which imports basically all of mathlib? `Mathlib.Tactic` is the tactic module which imports many tactics; it may import a large portion but not necessarily all of `LinearAlgebra.BilinearMap`. Actually `Mathlib.Tactic` does import a huge chunk (it's known to import much of mathlib). Let me just add the explicit imports and see.

Now let me think about the `pairingLM` construction using `mk₂`:
```lean
def pairingLM (m : V → ℝ) : (V → ℝ) →ₗ[ℝ] (V → ℝ) →ₗ[ℝ] ℝ :=
  LinearMap.mk₂ ℝ (fun u v => ∑ x, m x * u x * v x)
    (by intro u v w; simp only [Pi.add_apply]; rw [← Finset.sum_add_distrib]; refine Finset.sum_congr rfl (fun x _ => by ring))
    (by intro c u v; simp only [Pi.smul_apply, smul_eq_mul, Finset.mul_sum]; refine Finset.sum_congr rfl (fun x _ => by ring))
    (by intro u v w; simp only [Pi.add_apply]; rw [← Finset.sum_add_distrib]; refine Finset.sum_congr rfl (fun x _ => by ring))
    (by intro c u v; simp only [Pi.smul_apply, smul_eq_mul, Finset.mul_sum]; refine Finset.sum_congr rfl (fun x _ => by ring))
```
Wait, `H2 : ∀ (c : R) (m n), f (c • m) n = c • f m n`. For ℝ, `c • f m n = c * f m n` (smul_eq_mul). The goal after `simp only [Pi.smul_apply, smul_eq_mul]`: LHS `∑ x, m x * (c * u x) * v x`, RHS `c • ∑ x, m x * u x * v x`; `smul_eq_mul` on RHS? The RHS is `c • (∑ ...)`; `simp only [smul_eq_mul]` might not apply since it's a scalar action on ℝ = multiplication; `smul_eq_mul` is `c • a = c * a` for ℝ. It should rewrite. Then `Finset.mul_sum` turns `c * ∑ x, f x` into `∑ x, c * f x`, then sum_congr + ring.

Hmm, direction: goal `∑ x, m x * (c * u x) * v x = c • ∑ x, m x * u x * v x`. Use:
```lean
rw [smul_eq_mul, Finset.mul_sum]
refine Finset.sum_congr rfl (fun x _ => by ring)
```
`rw [smul_eq_mul]` rewrites `c • S` to `c * S`; `Finset.mul_sum` rewrites `c * ∑ x, f x = ∑ x, c * f x`. Then congr+ring. Good.

For `H1`: goal `∑ x, m x * (u x + v x) * w x = ∑ x, m x * u x * w x + ∑ x, m x * v x * w x`. `rw [← Finset.sum_add_distrib]` transforms RHS to `∑ x, (m x * u x * w x + m x * v x * w x)`; then `Finset.sum_congr` + ring. Good.

`LinearMap.mk₂_apply` is a simp theorem: `(mk₂ ...) m n = f m n`. Good, so `pairingLM_apply : pairingLM m u v = ∑ x, m x * u x * v x := rfl` or `by simp [pairingLM]`. I'll add `@[simp]` theorem:
```lean
@[simp] theorem pairingLM_apply (m) (u v) : pairingLM m u v = ∑ x, m x * u x * v x := rfl
```

Now `scalarMulLM`:
```lean
def scalarMulLM (R : V → ℝ) : (V → ℝ) →ₗ[ℝ] (V → ℝ) where
  toFun u := fun x => R x * u x
  map_add' u v := by funext x; simp only [Pi.add_apply]; ring
  map_smul' c u := by funext x; simp only [Pi.smul_apply, smul_eq_mul]; ring
```
`[simp] scalarMulLM_apply`.

`laplaceBeltrami`:
```lean
noncomputable def laplaceBeltrami (D : DivergenceData V E) (w : E → ℝ) (m : V → ℝ) :
    (V → ℝ) →ₗ[ℝ] (V → ℝ) where
  toFun u := fun x => (m x)⁻¹ * graphLaplacian D w u x
  map_add' u v := by
    funext x
    simp only [Pi.add_apply, map_add, Pi.add_apply]  -- hmm
    ring
```
`graphLaplacian D w (u + v) = graphLaplacian D w u + graphLaplacian D w v` by `map_add`; then at x: `(graphLaplacian D w u) x + (graphLaplacian D w v) x`. So goal: `(m x)⁻¹ * (A + B) = (m x)⁻¹ * A + (m x)⁻¹ * B`; `ring`. `simp only [map_add]` might rewrite `graphLaplacian D w (u+v)` to `graphLaplacian D w u + graphLaplacian D w v` (LinearMap.map_add) and then `Pi.add_apply` to `A + B`. Let me write:
```lean
  map_add' u v := by
    funext x
    simp only [Pi.add_apply, map_add, LinearMap.add_apply]
    ring
```
Hmm, `map_add (graphLaplacian D w) u v` has LHS `graphLaplacian D w (u + v)`; `simp only [map_add]` should rewrite it. Then the resulting `(graphLaplacian D w u + graphLaplacian D w v) x` is defeq to `graphLaplacian D w u x + graphLaplacian D w v x` (Pi.add_apply). `simp only [Pi.add_apply]`. Then ring. Let me try.

`map_smul' c u`: `(m x)⁻¹ * graphLaplacian D w (c • u) x = c • ((m x)⁻¹ * graphLaplacian D w u x)`. `map_smul` gives `graphLaplacian D w (c • u) = c • graphLaplacian D w u`; `Pi.smul_apply`, `smul_eq_mul`; ring.

`graphLaplacian_apply`:
```lean
@[simp] theorem graphLaplacian_apply (D) (w) (u) (x) :
    graphLaplacian D w u x = ∑ e, edgeLap D w e u x := by
  simp [graphLaplacian]
```
`graphLaplacian = ∑ e, edgeLap D w e`; `(∑ e, f e) u x = ∑ e, f e u x` by `LinearMap.sum_apply` and `Pi.sum_apply`. `simp [graphLaplacian]` might work. Alternatively `rfl`? `(∑ e, edgeLap D w e) u = ∑ e, edgeLap D w e u` is `LinearMap.sum_apply`; then `(∑ e, g e) x = ∑ e, g e x` is `Finset.sum_apply`. These might be simp lemmas: `LinearMap.sum_apply`, `Finset.sum_apply`. Let me write `by simp [graphLaplacian]` and iterate.

Now `edgeLap` linearity. Let me write:
```lean
def edgeLap (D : DivergenceData V E) (w : E → ℝ) (e : E) : (V → ℝ) →ₗ[ℝ] (V → ℝ) where
  toFun u := fun x =>
    (if x = D.src e then w e * (u (D.tgt e) - u x) else 0)
      + (if x = D.tgt e then w e * (u (D.src e) - u x) else 0)
  map_add' u v := by
    funext x
    by_cases hs : x = D.src e
    · rw [hs]
      by_cases ht : D.src e = D.tgt e
      · -- self-loop
        simp only [if_true, if_pos ht, Pi.add_apply]
        ring
      · simp only [if_true, if_neg ht, Pi.add_apply]
        ring
    · by_cases ht : x = D.tgt e
      · rw [ht]
        simp only [if_neg hs, if_true, Pi.add_apply]
        ring
      · simp only [if_neg hs, if_neg ht, Pi.add_apply]
        ring
```
Hmm, after `rw [hs]` (x → src e), the first if is `if src e = src e` → `if_true`; the second if is `if src e = D.tgt e`, which needs case split. And `u x` became `u (D.src e)` by the rw. Good. Actually simpler: after `rw [hs]`, use `by_cases ht : D.src e = D.tgt e` and `simp [ht]` then `ring`:
```lean
    · rw [hs]
      by_cases ht : D.src e = D.tgt e
      · simp [ht]; ring
      · simp [ht]; ring
```
`simp [ht]` with ht : src = tgt rewrites `D.tgt e` to `D.src e`? `ht : D.src e = D.tgt e` is a rewrite src→tgt; then `u (D.tgt e)` unchanged but `if src e = tgt e` becomes `if tgt e = tgt e` → true. Also the condition in the second if `x = D.tgt e` with x = src e becomes `src e = tgt e` → ht → true. Fine. `ring` closes.

For the non-self-loop branch: `simp [ht]` where ht : ¬(src = tgt): first if true, second if false. Goal: `w * ((u t - u s) + (v t - v s)) = w*(u t - u s) + w*(v t - v s)`; ring.

For the other branches: `x ≠ src`, `x = tgt`: `rw [ht]` then `simp [hs]` where hs : x ≠ src becomes `tgt ≠ src`? Careful: `hs : x = D.src e → False` (i.e. `¬ x = src`). After `rw [ht]` (x → tgt), hs has type `¬ D.tgt e = D.src e`. The first if is `if D.tgt e = D.src e`; `simp [hs]` needs `¬ (tgt = src)`; we have `¬ (tgt = src)`? `hs : ¬ x = src` and x = tgt, so hs becomes `¬ tgt = src` — yes after rw it's exactly that. Then first if false, second if true. ring. Good.

`map_smul'`: similar with `Pi.smul_apply, smul_eq_mul` and ring.

This is fine. Alternatively, I could use `LinearMap.pi`/`proj` to build edgeLap elegantly. Let me try that to reduce proof risk:
```lean
def edgeLap (D) (w) (e : E) : (V → ℝ) →ₗ[ℝ] (V → ℝ) :=
  LinearMap.pi (fun x =>
    (if x = D.src e then w e • (LinearMap.proj (D.tgt e) - LinearMap.proj x) else 0)
      + (if x = D.tgt e then w e • (LinearMap.proj (D.src e) - LinearMap.proj x) else 0))
```
Wait, `LinearMap.pi (f : ∀ x, M →ₗ φ x)` where M = V → ℝ and φ x = ℝ. `LinearMap.proj (D.tgt e) : (V → ℝ) →ₗ ℝ`; `w e • (LinearMap.proj (D.tgt e) - LinearMap.proj x)` is a LinearMap; the `if` branches need both to be LinearMaps; `0` is the zero LinearMap. Then `edgeLap D w e u x = (if x = src e then w e • (u (tgt e) - u x) else 0) + ...`. The apply lemma would need `LinearMap.pi_apply`, `LinearMap.proj_apply`, `LinearMap.sub_apply`, `LinearMap.smul_apply`, `Pi.zero_apply`. These are all simp. The proof of `edgeLap_apply` is `by simp [edgeLap]`. This is much cleaner! But requires `LinearMap.pi` and `LinearMap.proj` availability. They're in `Mathlib.LinearAlgebra.Pi`. Let me use this approach, with a fallback to `mk`.

Does `LinearMap.proj` require `[Fintype ι]`? The def at line 87: `def proj (i : ι) : ((i : ι) → φ i) →ₗ[R] φ i where toFun := Function.eval i ...` — no Fintype needed. Great. And `LinearMap.pi` needs no Fintype either (it's just tupling). 

But wait: `w e • (LinearMap.proj (D.tgt e) - LinearMap.proj x)` — here `•` is scalar multiplication of the module `(V → ℝ) →ₗ[ℝ] ℝ` by ℝ. Fine. `if x = D.src e then ... else 0` requires `Decidable (x = D.src e)` — we have `[DecidableEq V]`. Good.

Then `edgeLap_apply : edgeLap D w e u x = ...` by `simp [edgeLap, Pi.add_apply]`? Let me think about the exact simp set:
- `LinearMap.pi_apply (f) (m) : LinearMap.pi f m = fun i => f i m` — probably `@[simp]`.
- `(LinearMap.proj i) u = u i` — `LinearMap.proj_apply` is `[simp]`? The snippet shows `theorem proj_apply (i) (b) : (proj i) b = b i := ...` — let me check if `@[simp]`. Likely yes.
- `(A - B) u = A u - B u`: `LinearMap.sub_apply` simp.
- `(c • A) u = c • A u`: `LinearMap.smul_apply` simp.
- `(0 : M →ₗ ℝ) u = 0`: `LinearMap.zero_apply` simp.
- `(if p then A else B) u = if p then A u else B u`: `ite_apply`? There's `Pi.ite_apply`? Hmm, for LinearMap there's `LinearMap.ite_apply`? Actually the `if` is at the level of linear maps: `(if p then A else 0) u`. There's a general `ite_apply : (if p then f else g) a = if p then f a else g a` in `Pi` or `Function`. `Function.ite_apply`? For `DFunLike`, there's `ite_apply`. Since LinearMap has `FunLike`, `ite_apply` should apply. Let me just use `by simp [edgeLap]` and see.

Then `graphLaplacian_apply`:
```lean
@[simp] theorem graphLaplacian_apply ... : graphLaplacian D w u x = ∑ e, edgeLap D w e u x := by
  simp [graphLaplacian]
```
`(∑ e, edgeLap D w e) u = ∑ e, edgeLap D w e u` — `LinearMap.sum_apply` simp; then `(∑ e, F e) x = ∑ e, F e x` — `Finset.sum_apply` simp. Good.

Now `laplaceBeltrami` via `LinearMap.mk`:
```lean
noncomputable def laplaceBeltrami (D) (w) (m : V → ℝ) : (V → ℝ) →ₗ[ℝ] (V → ℝ) where
  toFun u := fun x => (m x)⁻¹ * graphLaplacian D w u x
  map_add' u v := by
    funext x
    simp only [Pi.add_apply, map_add, LinearMap.add_apply]
    ring
  map_smul' c u := by
    funext x
    simp only [Pi.smul_apply, map_smul, LinearMap.smul_apply, smul_eq_mul]
    ring
```
Hmm, `map_smul` for LinearMap: `graphLaplacian D w (c • u) = c • graphLaplacian D w u`; then `(c • ...) x = c • (...) x`; `smul_eq_mul`. Goal: `(m x)⁻¹ * (c * L u x) = c * ((m x)⁻¹ * L u x)`; ring. Good.

Now `green_first`. Let me write it carefully. I'll define:
```lean
def pairingOn (m : V → ℝ) (S : Finset V) (u v : V → ℝ) : ℝ := ∑ x ∈ S, m x * u x * v x
def dirichletForm (D) (w) (S) (u v) : ℝ := ∑ e ∈ univ.filter (fun e => D.src e ∈ S ∧ D.tgt e ∈ S), w e * (u (D.tgt e) - u (D.src e)) * (v (D.tgt e) - v (D.src e))
def boundaryPair (D) (w) (S) (u v) : ℝ :=
  (∑ e ∈ univ.filter (fun e => D.src e ∈ S ∧ D.tgt e ∉ S), w e * (u (D.tgt e) - u (D.src e)) * v (D.src e))
  + (∑ e ∈ univ.filter (fun e => D.tgt e ∈ S ∧ D.src e ∉ S), w e * (u (D.src e) - u (D.tgt e)) * v (D.tgt e))
```

Proof of green_first:
```lean
theorem green_first (D) (w) (m) (hm : ∀ x, m x ≠ 0) (S) (u v) :
    pairingOn m S (laplaceBeltrami D w m u) v = -dirichletForm D w S u v + boundaryPair D w S u v := by
  -- Step A: remove the mass
  have hA : pairingOn m S (laplaceBeltrami D w m u) v = ∑ x ∈ S, graphLaplacian D w u x * v x := by
    refine Finset.sum_congr rfl (fun x _ => ?_)
    simp only [pairingOn, laplaceBeltrami, LinearMap.coe_mk, AddHom.coe_mk]
    rw [← mul_assoc, mul_inv_cancel₀ (hm x), one_mul]
  rw [hA]
  -- Step B: expand graphLaplacian
  have hB : (∑ x ∈ S, graphLaplacian D w u x * v x) = ∑ e, ∑ x ∈ S, edgeLap D w e u x * v x := by
    rw [Finset.sum_comm]
    refine Finset.sum_congr rfl (fun x _ => ?_)  -- careful direction
    ...
```
Let me restructure:
`∑ x ∈ S, graphLaplacian D w u x * v x`
= `∑ x ∈ S, (∑ e, edgeLap D w e u x) * v x` (graphLaplacian_apply)
= `∑ x ∈ S, ∑ e, edgeLap D w e u x * v x` (Finset.sum_mul)
= `∑ e, ∑ x ∈ S, edgeLap D w e u x * v x` (Finset.sum_comm)

`Finset.sum_comm` in the form `∑ x ∈ s, ∑ y ∈ t, f x y = ∑ y ∈ t, ∑ x ∈ s, f x y`. Here the inner sum is over `univ : Finset E` without a membership binder: `∑ e, g x e` is notation for `∑ e ∈ univ, g x e`. `Finset.sum_comm` should still apply: `rw [Finset.sum_comm]` might rewrite `∑ x ∈ S, ∑ e, ...` to `∑ e, ∑ x ∈ S, ...`. Let me check `Finset.sum_comm` statement:
```
theorem sum_comm [DecidableEq γ] (s : Finset α) (t : Finset β) (f : α → β → γ) :
    ∑ a ∈ s, ∑ b ∈ t, f a b = ∑ b ∈ t, ∑ a ∈ s, f a b
```
Actually I recall `Finset.sum_comm` might be stated without membership: `∑ x, ∑ y, f x y = ∑ y, ∑ x, f x y`? There's `Finset.sum_comm` and `Finset.sum_comm'`. The divergence task used `rw [Finset.sum_comm]` on `∑ j ∈ S, ∑ i ∈ s, ...`. So the membership version exists. For inner `∑ e` (over univ), `Finset.sum_comm` may require both sums with binders; `∑ e, g e` is `∑ e ∈ univ, g e` notationally, so it should unify.

Then per-edge:
```lean
  have hC : ∀ e, (∑ x ∈ S, edgeLap D w e u x * v x)
      = w e * ((if D.src e ∈ S then (u (D.tgt e) - u (D.src e)) * v (D.src e) else 0)
             + (if D.tgt e ∈ S then (u (D.src e) - u (D.tgt e)) * v (D.tgt e) else 0)) := by
    intro e
    ...
```
Then:
```lean
  rw [Finset.sum_congr rfl (fun e _ => hC e)]
```
Hmm, `Finset.sum_congr rfl h` where h : ∀ e ∈ univ, ...; then rewrite the outer sum. Then proceed with the splits.

Let me write the per-edge lemma as a standalone theorem `sum_edgeLap_mul`:
```lean
lemma sum_edgeLap_mul (D) (w) (e) (S) (u v) :
    ∑ x ∈ S, edgeLap D w e u x * v x
      = w e * ((if D.src e ∈ S then (u (D.tgt e) - u (D.src e)) * v (D.src e) else 0)
             + (if D.tgt e ∈ S then (u (D.src e) - u (D.tgt e)) * v (D.tgt e) else 0)) := by
  have hpoint : ∀ x, edgeLap D w e u x * v x
      = (if x = D.src e then w e * (u (D.tgt e) - u x) * v x else 0)
        + (if x = D.tgt e then w e * (u (D.src e) - u x) * v x else 0) := by
    intro x
    simp only [edgeLap, LinearMap.pi_apply, LinearMap.sub_apply, LinearMap.smul_apply,
      LinearMap.proj_apply, Pi.add_apply, zero_apply, smul_eq_mul]
    -- now goal: ((if x = s then w * (u t - u x) else 0) + (if x = t then w * (u s - u x) else 0)) * v x = ...
    rw [add_mul]
    congr 1 <;> (by_cases h : x = D.src e <;> simp [h])
```
Hmm, let me not over-specify; I'll iterate in Lean. A robust approach for hpoint:
```lean
  have hpoint : ∀ x, edgeLap D w e u x * v x = ... := by
    intro x
    unfold edgeLap
    simp only [LinearMap.pi_apply, LinearMap.sub_apply, LinearMap.smul_apply, LinearMap.proj_apply,
      zero_apply, Pi.add_apply, smul_eq_mul]
    by_cases h1 : x = D.src e <;> by_cases h2 : x = D.tgt e <;> simp [h1, h2, add_mul] <;> ring
```
After unfolding and simp, the goal should be an expression in `u`, `v`, and `w e`; case-splitting and `ring` should close. I'll iterate.

Then:
```lean
  calc ∑ x ∈ S, edgeLap D w e u x * v x
      = ∑ x ∈ S, ((if x = D.src e then w e * (u (D.tgt e) - u x) * v x else 0)
          + (if x = D.tgt e then w e * (u (D.src e) - u x) * v x else 0)) :=
        Finset.sum_congr rfl (fun x _ => hpoint x)
    _ = (∑ x ∈ S, if x = D.src e then w e * (u (D.tgt e) - u x) * v x else 0)
        + ∑ x ∈ S, if x = D.tgt e then w e * (u (D.src e) - u x) * v x else 0 := by
        rw [Finset.sum_add_distrib]
    _ = w e * (...) := by
        rw [Finset.sum_ite_eq', Finset.sum_ite_eq']
        by_cases hs : D.src e ∈ S <;> by_cases ht : D.tgt e ∈ S <;> simp [hs, ht] <;> ring
```

Then green_first's final assembly. Let me define the three edge filters and use `DivergenceData.sum_filter_split`:
```lean
set Eint := (Finset.univ : Finset E).filter (fun e => D.src e ∈ S ∧ D.tgt e ∈ S)
set Eout := (Finset.univ : Finset E).filter (fun e => D.src e ∈ S ∧ D.tgt e ∉ S)
set Ein  := (Finset.univ : Finset E).filter (fun e => D.tgt e ∈ S ∧ D.src e ∉ S)
```
Actually with `let` or just inline.

After `rw [hB, Finset.sum_congr ...]`, the goal is:
`∑ e, w e * (A_e + B_e) = -dirichlet + boundaryPair` where A_e, B_e are the if-expressions.

Step F: distribute:
```lean
  have hF : (∑ e, w e * (A e + B e)) = (∑ e, w e * A e) + (∑ e, w e * B e) := by
    rw [← Finset.sum_add_distrib]
    refine Finset.sum_congr rfl (fun e _ => by ring)
```
where A e = `if D.src e ∈ S then X e else 0`, etc.

Step G: convert to filtered sums:
```lean
  have hA' : (∑ e, w e * (if D.src e ∈ S then X e else 0)) = ∑ e ∈ (univ.filter (fun e => D.src e ∈ S)), w e * X e := by
    rw [Finset.sum_filter]
    refine Finset.sum_congr rfl (fun e _ => by by_cases h : D.src e ∈ S <;> simp [h])
```
`Finset.sum_filter : ∑ x ∈ s.filter p, f x = ∑ x ∈ s, if p x then f x else 0`. To go from `∑ e, if p e then w e * X e else 0` to filtered, use `rw [← Finset.sum_filter]`. Then the LHS `∑ e, w e * (if p e then X e else 0)` needs `w e * (if ...) = if ... then w e * X e else 0` pointwise (`mul_ite`, `mul_zero`). So:
```lean
  have hA' : (∑ e, w e * (if D.src e ∈ S then X e else 0))
      = ∑ e ∈ (Finset.univ : Finset E).filter (fun e => D.src e ∈ S), w e * X e := by
    rw [← Finset.sum_filter]
    refine Finset.sum_congr rfl (fun e _ => ?_)
    by_cases h : D.src e ∈ S <;> simp [h]
```
The pointwise goal: `w e * (if p then X else 0) = if p then w e * X else 0`. `by_cases h : p <;> simp [h]` closes.

Step H: apply `DivergenceData.sum_filter_split` to the src sum and the tgt sum:
```lean
  have hsrc := DivergenceData.sum_filter_split (s := (Finset.univ : Finset E))
      (p := fun e => D.src e ∈ S) (q := fun e => D.tgt e ∈ S) (f := fun e => w e * X e)
  -- hsrc : ∑ e ∈ univ.filter (fun e => D.src e ∈ S), w e * X e
  --      = ∑ e ∈ univ.filter (fun e => D.src e ∈ S ∧ D.tgt e ∈ S), w e * X e
  --        + ∑ e ∈ univ.filter (fun e => D.src e ∈ S ∧ ¬ D.tgt e ∈ S), w e * X e
```
And similarly `htgt` for the tgt part with `q := fun e => D.src e ∈ S`.

Then:
```lean
  rw [hA', hB', hsrc, htgt]  -- hmm, need to rewrite inside the goal
```
The goal after hF is `(∑ e, w e * A e) + (∑ e, w e * B e) = -dirichlet + boundaryPair`. Rewrite hA' and hB' then hsrc/htgt:
```
  rw [hA', hB', hsrc, htgt]
```
Now the goal has four sums: Eint-X, Eout-X, Eint-Y, Ein-Y, where Eint appears twice, Eout and Ein once. The RHS `-dirichlet + boundaryPair` unfolds to `-(∑ Eint, w (u_t-u_s)(v_t-v_s)) + ((∑ Eout, ...) + (∑ Ein, ...))`. Combine the two Eint sums:
```lean
  have hcombine : (∑ e ∈ Eint, w e * X e) + (∑ e ∈ Eint, w e * Y e)
      = -dirichletForm D w S u v := by
    rw [← Finset.sum_add_distrib]
    simp only [dirichletForm]
    rw [← Finset.sum_neg_distrib]  -- or refine sum_congr with ring
    refine Finset.sum_congr rfl (fun e _ => ?_)
    ring
```
Wait, the filters: `hsrc`'s first RHS filter is `univ.filter (fun e => D.src e ∈ S ∧ D.tgt e ∈ S)`, and `htgt`'s first RHS filter is `univ.filter (fun e => D.tgt e ∈ S ∧ D.src e ∈ S)`. These are syntactically different (order of conjunction). To combine with `Finset.sum_add_distrib` we need the same filter. So first prove:
```lean
  have hEint_eq : (Finset.univ.filter (fun e => D.tgt e ∈ S ∧ D.src e ∈ S))
      = (Finset.univ.filter (fun e => D.src e ∈ S ∧ D.tgt e ∈ S)) := by
    refine Finset.filter_congr (fun e _ => ?_)
    exact propext ⟨fun h => ⟨h.2, h.1⟩, fun h => ⟨h.2, h.1⟩⟩
```
Or `ext e; simp [and_comm]`. Then rewrite. 

Then the final combination: after combining, the goal is something like `-dirichlet + (A_out + A_in) = -dirichlet + boundaryPair`; unfold `boundaryPair` and `ring`/`rfl`. Since the boundaryPair def's first sum integrand is `w e * (u t - u s) * v s` = X e, and the second is `w e * (u s - u t) * v t` = Y e, and the filters match Eout/Ein. Might be `rfl` after `rw [hcombine]` and `unfold boundaryPair; ring`. Let me structure the final step as:
```lean
  rw [hcombine]
  simp only [boundaryPair]
  ring
```
But `ring` needs to see the exact matching of sums; if the sums are identical atoms, ring closes. The remaining goal would be `-D + (S_out + S_in) = -D + (S_out + S_in)` up to atom equality — `ring` should handle if the atoms match syntactically. If the filter expressions differ slightly (`¬ t ∈ S` vs `t ∉ S`), they're definitionally equal so `rfl`/`ring` should see them as the same. Let me hope.

Actually, hmm, `hsrc` second RHS filter is `univ.filter (fun e => D.src e ∈ S ∧ ¬D.tgt e ∈ S)` and `boundaryPair`'s first filter is `univ.filter (fun e => D.src e ∈ S ∧ D.tgt e ∉ S)`. `¬a ∈ S` and `a ∉ S` are definitionally equal (`Not (Membership.mem ...)` vs `Membership.mem ... → False`? `a ∉ s` is notation for `¬ a ∈ s`? Actually `x ∉ s` is notation for `¬ x ∈ s` — defeq. Good.

OK. This is a solid plan. Let me write the file now. I'll write it, then compile and iterate.

One more consideration: `Laplacian.lean` will be long (~300 lines). Let me write it in pieces, compiling early. Actually, maybe I should first write a minimal version with the LinearMap constructions and the pointwise edge lemma, compile, then add the Green identity.

Let me create the directory and write the first version of `Laplacian.lean`. I'll include:
- imports
- namespace
- `pairingLM`, `scalarMulLM`
- `edgeLap`, `graphLaplacian`, `laplaceBeltrami`
- `pairingOn`, `dirichletForm`, `boundaryPair`, `boundaryForm`
- basic apply lemmas
- `sum_edgeLap_mul`
- `green_first`, `green_second`
- `dirichletForm_nonneg`
- `boundaryPair_univ`, `boundaryForm_univ`, self-adjointness on closed graphs
- symmetry lemmas

Let me write it now.

Actually, let me reconsider whether to import `Poincare.D7.Divergence.Basic` or just re-derive the incidence structure. Reusing is good for cohesion. But note: importing it means the olean must exist. It does (scaffold built). Fine.

Also note the file `Poincare.D7.Divergence.Basic` has `open Finset` and namespace `Poincare.D7.Divergence`. My namespace `Poincare.D7.ConjugateHeat` is a sibling. I'll `open Poincare.D7.Divergence` to use `DivergenceData`, `sum_filter_split` etc. But `DivergenceData` is a structure in `Poincare.D7.Divergence`, so after `open Poincare.D7.Divergence`, `DivergenceData` is accessible. Let me `open Poincare.D7.Divergence` and `open Finset`.

For `DivergenceData.sum_filter_split`, after `open Poincare.D7.Divergence`, the name `DivergenceData.sum_filter_split` resolves (namespace `Poincare.D7.Divergence.DivergenceData`). Good.

Now write the file.

Let me think about `Finset.filter_congr`: statement `Finset.filter_congr (h : ∀ a ∈ s, p a ↔ q a) : s.filter p = s.filter q`? Let me check. In mathlib: `Finset.filter_congr (h : ∀ x ∈ s, p x ↔ q x) : s.filter p = s.filter q`. Yes.

Let me now write Laplacian.lean. I'll be verbose with docstrings. Let me draft the whole file.

```lean
/-
Copyright ...
Authors: Poincaré project (D7-conjugate-heat-interface)
-/

import Poincare.D7.Divergence.Basic
import Mathlib.LinearAlgebra.BilinearMap
import Mathlib.LinearAlgebra.Pi
import Mathlib.Tactic

set_option linter.style.haveILetI false

/-!
# Poincare.D7.ConjugateHeat.Laplacian

...
-/

open Finset
open Poincare.D7.Divergence

namespace Poincare.D7.ConjugateHeat

variable {V E : Type*} [Fintype V] [Fintype E] [DecidableEq V]

/-! ## The mass-weighted pairing as a bilinear form -/

def pairingLM (m : V → ℝ) : (V → ℝ) →ₗ[ℝ] (V → ℝ) →ₗ[ℝ] ℝ :=
  LinearMap.mk₂ ℝ (fun u v => ∑ x, m x * u x * v x)
    (by
      intro u v w
      simp only [Pi.add_apply]
      rw [← Finset.sum_add_distrib]
      refine Finset.sum_congr rfl (fun x _ => ?_)
      ring)
    (by
      intro c u v
      rw [smul_eq_mul, Finset.mul_sum]
      refine Finset.sum_congr rfl (fun x _ => ?_)
      ring)
    (by
      intro u v w
      simp only [Pi.add_apply]
      rw [← Finset.sum_add_distrib]
      refine Finset.sum_congr rfl (fun x _ => ?_)
      ring)
    (by
      intro c u v
      rw [smul_eq_mul, Finset.mul_sum]
      refine Finset.sum_congr rfl (fun x _ => ?_)
      ring)
```

Hmm, for `H1` I need the LHS `∑ x, m x * (u x + v x) * w x` and RHS `∑ x, m x * u x * w x + ∑ x, m x * v x * w x`. `rw [← Finset.sum_add_distrib]` on the goal: the goal is `LHS = RHS`; `rw [← Finset.sum_add_distrib]` rewrites occurrences of `∑ f + ∑ g` to `∑ (f+g)`. But careful, it might rewrite inside LHS? LHS is a single sum, no. RHS gets rewritten. Then goal `∑ x, m x * (u x + v x) * w x = ∑ x, (m x * u x * w x + m x * v x * w x)`. `Finset.sum_congr rfl (fun x _ => by ring)` proves it. Good. But the `simp only [Pi.add_apply]` before is needed? The goal has `(u + v) x`; `Pi.add_apply` rewrites to `u x + v x`. Good.

For `H2`: goal `∑ x, m x * (c • u) x * v x = c • ∑ x, m x * u x * v x`. `(c • u) x = c • u x`; for ℝ, `c • u x = c * u x`. `simp only [Pi.smul_apply, smul_eq_mul]` then `rw [Finset.mul_sum]`? The RHS `c • ∑ ...` → `c * ∑ ...` via `smul_eq_mul`; then `Finset.mul_sum` gives `∑ x, c * (m x * u x * v x)`. Then congr+ring. Let me write:
```lean
    (by
      intro c u v
      simp only [Pi.smul_apply, smul_eq_mul]
      rw [Finset.mul_sum]
      refine Finset.sum_congr rfl (fun x _ => ?_)
      ring)
```
Note `Finset.mul_sum` is `b * ∑ f = ∑ b * f`. Good.

Then:
```lean
@[simp] theorem pairingLM_apply (m : V → ℝ) (u v : V → ℝ) :
    pairingLM m u v = ∑ x, m x * u x * v x := rfl
```

`scalarMulLM`:
```lean
def scalarMulLM (R : V → ℝ) : (V → ℝ) →ₗ[ℝ] (V → ℝ) where
  toFun u := fun x => R x * u x
  map_add' u v := by funext x; simp only [Pi.add_apply]; ring
  map_smul' c u := by funext x; simp only [Pi.smul_apply, smul_eq_mul]; ring

@[simp] theorem scalarMulLM_apply (R : V → ℝ) (u : V → ℝ) (x : V) :
    scalarMulLM R u x = R x * u x := rfl
```

`edgeLap`:
```lean
def edgeLap (D : DivergenceData V E) (w : E → ℝ) (e : E) : (V → ℝ) →ₗ[ℝ] (V → ℝ) :=
  LinearMap.pi (fun x =>
    (if x = D.src e then w e • (LinearMap.proj (D.tgt e) - LinearMap.proj x) else 0)
      + (if x = D.tgt e then w e • (LinearMap.proj (D.src e) - LinearMap.proj x) else 0))
```
Wait: `LinearMap.pi (f : ∀ i, M →ₗ[R] φ i)` where the components are linear maps from `(V → ℝ)` to ℝ. `w e • (LinearMap.proj (D.tgt e) - LinearMap.proj x) : (V → ℝ) →ₗ[ℝ] ℝ`. Good. `0 : (V → ℝ) →ₗ[ℝ] ℝ`. `+` of linear maps. Then `LinearMap.pi ... : (V → ℝ) →ₗ (V → ℝ)`. Good.

Apply lemma:
```lean
theorem edgeLap_apply (D) (w) (e) (u : V → ℝ) (x : V) :
    edgeLap D w e u x =
      (if x = D.src e then w e * (u (D.tgt e) - u x) else 0)
        + (if x = D.tgt e then w e * (u (D.src e) - u x) else 0) := by
  simp [edgeLap]
```
Will `simp [edgeLap]` handle `(w e • A) u = w e • A u = w e * (...)`. `LinearMap.smul_apply` gives `(w e • A) u = w e • A u`; `smul_eq_mul` converts to `w e * A u`. `LinearMap.sub_apply`, `LinearMap.proj_apply`. The `if` at linear-map level: `(if p then A else 0) u` — need `ite_apply`. `simp` should include it if `ite_apply` is a simp lemma for FunLike. There is `[simp] theorem ite_apply` maybe in `Mathlib/Logic/Function/Basic`? Let me just try. If it fails, I'll prove it with `by_cases`.

Hmm, `LinearMap.pi_apply` might be `(LinearMap.pi f) m = fun i => f i m` (a function equality), so `((LinearMap.pi f) u) x = f x u`; simp with `LinearMap.pi_apply` and `Pi` should handle. Let me test.

Then `graphLaplacian`:
```lean
def graphLaplacian (D) (w) : (V → ℝ) →ₗ[ℝ] (V → ℝ) := ∑ e, edgeLap D w e

theorem graphLaplacian_apply (D) (w) (u) (x) :
    graphLaplacian D w u x = ∑ e, edgeLap D w e u x := by
  simp [graphLaplacian]
```

`laplaceBeltrami`:
```lean
noncomputable def laplaceBeltrami (D) (w) (m : V → ℝ) : (V → ℝ) →ₗ[ℝ] (V → ℝ) where
  toFun u := fun x => (m x)⁻¹ * graphLaplacian D w u x
  map_add' u v := by
    funext x
    simp only [Pi.add_apply, map_add]
    ring
  map_smul' c u := by
    funext x
    simp only [Pi.smul_apply, map_smul, smul_eq_mul]
    ring
```
Wait, `map_add` for `graphLaplacian D w` : `graphLaplacian D w (u+v) = graphLaplacian D w u + graphLaplacian D w v`. `simp only [map_add]` rewrites it. Then the expression `(graphLaplacian D w u + graphLaplacian D w v) x`; `Pi.add_apply` gives `+`. Then `(m x)⁻¹ * (A + B) = (m x)⁻¹ * A + (m x)⁻¹ * B`; `ring`. For smul: `map_smul` gives `graphLaplacian D w (c • u) = c • graphLaplacian D w u`; `Pi.smul_apply` gives `c • (graphLaplacian D w u x)`; `smul_eq_mul` gives `c * ...`. Then ring. But `simp only [Pi.smul_apply, map_smul, smul_eq_mul]` — the goal RHS is `c • ((m x)⁻¹ * graphLaplacian D w u x)`; `smul_eq_mul` handles. Good.

`laplaceBeltrami_apply`:
```lean
@[simp] theorem laplaceBeltrami_apply (D) (w) (m) (u) (x) :
    laplaceBeltrami D w m u x = (m x)⁻¹ * graphLaplacian D w u x := rfl
```

Then the forms and Green.

Let me write the file and compile the first part. I'll write the complete file and iterate.

One concern: `LinearMap.mk₂` is deprecated and might produce a warning. Let me check if `LinearMap.mk₂` is deprecated in this mathlib version. Search for "deprecated" near it. Actually in newer mathlib, `LinearMap.mk₂` still exists but there's `LinearMap.mk₂'`. Deprecation warnings are fine.

Let me now write the file.
dsh: reasoning:
Interesting: the scaffold copied includes `Divergence.lean`, `RicciScalar.lean`, `Volume.lean`, `Curvature.lean` at `release/Poincare/D7/`. Wait, the scaffold was from D7-divergence-ibp, which had added `Divergence.lean` and `Divergence/`. But `RicciScalar` and `Volume` come from the D6 release. Fine.

Now write `Laplacian.lean`.
dsh: reasoning:
Now compile it. From the worktree root: `lake env lean release/Poincare/D7/ConjugateHeat/Laplacian.lean`. Let me run with a generous timeout. Note it imports `Poincare.D7.Divergence.Basic`, which has an olean, so it should load quickly-ish; the compile of the file itself may take 1-3 min.

Let me run it.
dsh: reasoning:
Several errors:

1. `map_smul'` in `scalarMulLM`: goal `R x * c * u x = R x * u x * (RingHom.id ℝ) c`. The `c • u` is `(RingHom.id ℝ) c`? In a Module over ℝ, `c • u x` where `u x : ℝ` is `(RingHom.id ℝ) c * u x` or `c * u x`? The goal shows RHS `R x * u x * (RingHom.id ℝ) c`, so `smul` on ℝ is defined as `a * b`? Actually `c • u x` for ℝ is `c * u x`; after `Pi.smul_apply`, `(c • u) x = c • u x`; `smul_eq_mul` rewrote `c • u x` to `u x * c`? Hmm, `smul_eq_mul` is `a • b = b * a`? Let me check: in `Mathlib.Algebra.SMulWithZero`/`Algebra.Order...`, `smul_eq_mul : a • b = a * b` for `ℝ`. But the goal shows `(RingHom.id ℝ) c` on the right — this suggests `smul_eq_mul` rewrote `c • (u x)` to `(u x) * c`? Actually there are two versions: `smul_eq_mul : a • b = a * b` and `smul_eq_mul' : a • b = b * a`. The `smul_eq_mul` used here apparently rewrote to `... * (RingHom.id ℝ) c`. So after rewriting, `ring` should handle `(RingHom.id ℝ) c = c`? `RingHom.id ℝ c` is defeq to `c`, but `ring` may not unfold it. The goal `R x * c * u x = R x * u x * (RingHom.id ℝ) c`: `ring` should treat `RingHom.id ℝ c` as an atom, so it fails. Add `show` or `simp only [RingHom.id_apply]` to reduce. Or use `smul_eq_mul` differently. Let me use `rw [Pi.smul_apply]` and then `change R x * (c * u x) = c * (R x * u x)`; `ring`. Hmm, `change` may work if the smul on ℝ is defeq to multiplication.

Simplest fix: after `funext x; simp only [Pi.smul_apply]`, use `ring_nf`? Or add `RingHom.id_apply` to the simp set: `simp only [Pi.smul_apply, smul_eq_mul, RingHom.id_apply]`. Then `ring`. Let me do that.

Similarly `laplaceBeltrami` map_smul' has the same issue.

2. `edgeLap` definition: "typeclass instance problem is stuck" at line 136:59 — `LinearMap.pi` with a dependent function whose codomain is a constant ℝ may have trouble inferring `Module` instances. The error mentions `(i : V) → Module (?m x) (?m i)`. Hmm, `LinearMap.pi (f : (i : ι) → M₂ →ₗ[R] φ i)` should work with `φ i = ℝ`. The issue might be that `LinearMap.proj (D.tgt e) - LinearMap.proj x` requires the target of proj to be a specific type, and the `if` branches plus `+` create ambiguity. Or `LinearMap.pi`'s implicit `φ` is a metavariable and unification struggles because the function body involves `if`.

Let me use an explicit type annotation:
```lean
def edgeLap (D : DivergenceData V E) (w : E → ℝ) (e : E) : (V → ℝ) →ₗ[ℝ] (V → ℝ) :=
  LinearMap.pi (φ := fun _ : V => ℝ) (fun x =>
    (if x = D.src e then w e • (LinearMap.proj (D.tgt e) - LinearMap.proj x) else 0)
      + if x = D.tgt e then w e • (LinearMap.proj (D.src e) - LinearMap.proj x) else 0)
```
Hmm, `LinearMap.pi` signature: `def pi (f : (i : ι) → M₂ →ₗ[R] φ i) : M₂ →ₗ[R] (i : ι) → φ i`. The parameters are `R, M₂, φ, ι`? If I write `LinearMap.pi (φ := ...)`, the argument name might not be `φ`. Let me check the full signature in Pi.lean around line 56.

3. `edgeLap_apply` used `simp [edgeLap]` and failed with `sorry D w e` — because `edgeLap`'s definition failed (stuck), so the error cascades.

4. `sum_edgeLap_mul` warning: `add_mul` unused in simp. Minor.

5. `laplaceBeltrami` map_smul' same RingHom issue.

Let me check `LinearMap.pi` signature and fix `edgeLap`. Let me read the Pi.lean section.
dsh: reasoning:
`LinearMap.pi`'s implicit `φ` can be specified as `(φ := fun _ => ℝ)`. The instance issue: `[(i : ι) → Module R (φ i)]` — with `φ := fun _ => ℝ`, the instance should resolve. The problem earlier was likely `φ` not inferred due to the `if` at the linear-map level: `if x = D.src e then w e • (...) else 0` — the `0` could be a LinearMap to any target, and `+` unifies, but the `LinearMap.proj` has type `(V → ℝ) →ₗ[ℝ] ℝ` forcing target ℝ. It should unify... but the error says `Module (?m.106 x) (?m.108 x i)`. Maybe the issue is `LinearMap.proj` needs `[(i : ι) → AddCommGroup (φ i)]`? It resolved fine for `φ = ℝ`. Hmm, the error is at the `LinearMap.pi` call. Let me just annotate `(φ := fun _ : V => ℝ)`.

Also `smul_eq_mul` grep found nothing in `Mathlib/`? Odd. Let me search for it differently. It's likely in `Mathlib/Algebra/Group/Action/...` or `Mathlib/Algebra/Field/...`. Actually `smul_eq_mul` might be in `Mathlib.Algebra.SMulWithZero` or `Mathlib.Algebra.Module.Basic`. The error output showed `(RingHom.id ℝ) c`, so the lemma used was likely `smul_eq_mul` rewriting `c • x` to `x * (algebraMap ... c)`? For ℝ-modules, `c • x` with `x : ℝ` uses `SMul ℂ ℝ`? No, `ℝ` acting on itself: `Module ℝ ℝ` and `SMul ℝ ℝ`; the simp lemma might be `smul_eq_mul : a • b = a * b`. But the goal had `(RingHom.id ℝ) c`, so maybe `smul_eq_mul` is `a • b = b * (RingHom.id ℝ) a`? Whatever. Adding `RingHom.id_apply` to simp should reduce it. Or use `smul_eq_mul` plus `mul_comm`? Let me just replace the smul proofs with `ring_nf` after `simp only [Pi.smul_apply, smul_eq_mul, RingHom.id_apply]`.

Actually, simpler: for `scalarMulLM.map_smul'`, use:
```lean
  map_smul' c u := by
    funext x
    show c * (R x * u x) = R x * (c * u x)
    ring
```
But `show` needs the goal to be syntactically/defeqly that. After `funext x`, the goal is `(c • scalarMulLM.toFun u) x = (scalarMulLM.toFun (c • u)) x`? No wait, `toFun (c • u) x = R x * (c • u) x` and RHS... Let me just do `funext x; simp only [Pi.smul_apply]; ring_nf` and see. `ring_nf` handles `RingHom.id`? It normalizes `(RingHom.id ℝ) c` to `c`? `ring_nf` does push through ring homs; for `RingHom.id` it should simplify. Let me try `simp only [Pi.smul_apply, smul_eq_mul, RingHom.id_apply]` then `ring`.

Wait, in the error for `scalarMulLM`, the goal was:
`R x * c * u x = R x * u x * (RingHom.id ℝ) c`
So `smul_eq_mul` turned `c • u x` into `u x * (RingHom.id ℝ) c`. This suggests `smul_eq_mul` is stated as `a • b = b * (RingHom.id R) a`? That's the `smul_eq_mul` in `Mathlib/Algebra/Module/Defs` maybe: for `Algebra R A`, `a • b = b * algebraMap R A a`. For ℝ with `Algebra.id`, `algebraMap ℝ ℝ = RingHom.id ℝ`. So `simp only [RingHom.id_apply]` will reduce `(RingHom.id ℝ) c` to `c`. Good.

Let me fix:
- `edgeLap`: annotate φ.
- `scalarMulLM.map_smul'`: add `RingHom.id_apply`.
- `laplaceBeltrami.map_smul'`: same.
- `pairingLM` H2/H4: I used `rw [smul_eq_mul, Finset.mul_sum]` — the goal there had `c • f m n` where `f m n : ℝ`; `smul_eq_mul` might give `f m n * RingHom.id c`. The compile didn't report errors at lines 70-80? The first errors were at line 106 (scalarMulLM) and 136. So pairingLM's H2/H4 passed? Interesting — maybe because `rw [smul_eq_mul]` with `Finset.mul_sum` works differently. Wait, the errors listed: line 106 scalarMulLM map_smul', line 136 edgeLap, line 144 edgeLap_apply, line 165 laplaceBeltrami map_smul'. So pairingLM was fine. Good.

Also `pairingLM_apply` unused variable warnings; add `omit [DecidableEq V] in` or disable the linter. The prior files used `set_option linter.style.haveILetI false`. I can add `set_option linter.unusedSectionVars false` to silence. Since warnings don't fail, but cleanliness matters for the final gate? The gate only checks exit 0. But let me silence them for tidiness: `set_option linter.unusedSectionVars false`.

Let me apply the fixes.
dsh: reasoning:
Progress. Remaining issues:

1. `edgeLap` still stuck: `(i : V) → Module (?m.105 x) (?m.107 x i)`. The `LinearMap.pi` with `φ := fun _ : V => ℝ` still gives instance issue. The error mentions `Module (?m.105 x) (?m.107 x i)` — the ring `R` is also a metavariable? Since `LinearMap.pi` has `{R : Type u}` and the target `φ i` with `Module R (φ i)`; when I annotate `φ`, R should be inferred from the result type `(V → ℝ) →ₗ[ℝ] (V → ℝ)`. Hmm, the error persists. Maybe the problem is `w e • (LinearMap.proj (D.tgt e) - LinearMap.proj x)`: scalar multiplication `w e • φ` where `φ : (V → ℝ) →ₗ[ℝ] ℝ` requires `SMul ℝ ((V → ℝ) →ₗ[ℝ] ℝ)` which is fine. The stuck instance is `(i : V) → Module (?m.105 x) (?m.107 x i)` — the dependent instance argument of `LinearMap.pi`. This should be `(i : V) → Module ℝ ℝ`. The metavariables suggest Lean hasn't unified `R` and `φ` before elaborating the instance. Maybe specifying `(R := ℝ)` too helps:
```lean
LinearMap.pi (R := ℝ) (φ := fun _ : V => ℝ) (fun x => ...)
```
Let me check the parameter order of `LinearMap.pi`: variables `{R} {M₂} {φ}` and the def `pi (f : (i : ι) → M₂ →ₗ[R] φ i)`. So named args `(R := ℝ) (φ := fun _ => ℝ)`. Let me add `(R := ℝ)`.

Actually, maybe the issue is the `if ... then ... else 0` at the *linear map* level: the `0` literal for the zero linear map. Lean might have trouble. Let me restructure using a helper `edgeLapAt` per vertex:

```lean
def edgeLapAt (D) (w) (e) (x : V) : (V → ℝ) →ₗ[ℝ] ℝ :=
  (if x = D.src e then w e • (LinearMap.proj (D.tgt e) - LinearMap.proj x) else 0)
    + if x = D.tgt e then w e • (LinearMap.proj (D.src e) - LinearMap.proj x) else 0

def edgeLap (D) (w) (e) : (V → ℝ) →ₗ[ℝ] (V → ℝ) :=
  LinearMap.pi (edgeLapAt D w e)
```
This gives a concrete function for the family, so `φ` is inferred from `edgeLapAt`'s return type. Let me try that. If `edgeLapAt` itself fails, annotate its type explicitly (already done). The `if ... else 0` should infer from the annotated return type. Let me do this.

2. `hsrc`/`htgt` rewrite failed: `rw [← Finset.sum_filter]` didn't match because the goal has `w e * if ... then ... else 0` (with `w e *` outside the if), whereas `Finset.sum_filter` expects `∑ e, if p e then f e else 0`. Need to first pull `w e` inside the if: pointwise `w e * (if p then X else 0) = if p then w e * X else 0`. So:
```lean
  have hsrc : ... := by
    rw [show (∑ e : E, w e * (if D.src e ∈ S then X e else 0))
        = ∑ e : E, (if D.src e ∈ S then w e * X e else 0) from
      Finset.sum_congr rfl (fun e _ => by by_cases h : D.src e ∈ S <;> simp [h])]
    rw [← Finset.sum_filter]
```
Then `rfl`/sum_congr.

3. `hinter`: `rw [← Finset.sum_add_distrib]` failed because the two sums have *different* filters (`src∈S ∧ tgt∈S` vs `tgt∈S ∧ src∈S`). Need to first rewrite the second sum's filter to the first's. Let me add a `have hfilter : (Finset.univ.filter (fun e => D.tgt e ∈ S ∧ D.src e ∈ S)) = (Finset.univ.filter (fun e => D.src e ∈ S ∧ D.tgt e ∈ S))` and `rw [hfilter]` before combining. Or use `Finset.sum_congr` to rewrite the integrand/filter. Let me restructure `hinter`:
```lean
  have hfilter : (Finset.univ : Finset E).filter (fun e => D.tgt e ∈ S ∧ D.src e ∈ S)
      = (Finset.univ : Finset E).filter (fun e => D.src e ∈ S ∧ D.tgt e ∈ S) := by
    refine Finset.filter_congr (fun e _ => ?_)
    constructor <;> intro h <;> exact ⟨h.2, h.1⟩
  have hinter : ... := by
    rw [hfilter]
    rw [← Finset.sum_add_distrib]
    simp only [dirichletForm]
    rw [← Finset.sum_neg_distrib]
    refine Finset.sum_congr rfl (fun e _ => ?_)
    ring
```
Careful: after `rw [hfilter]` in the goal (which is a statement about the LHS), the LHS second sum's filter changes. Then `rw [← Finset.sum_add_distrib]` should match. Then the goal is `∑ e ∈ Eint, (w e * (u t - u s) * v s + w e * (u s - u t) * v t) = -dirichletForm`. Then `simp only [dirichletForm]` changes RHS to `-(∑ e ∈ Eint, w e * ...)`. `rw [← Finset.sum_neg_distrib]` turns RHS into `∑ e ∈ Eint, -(w e * ...)`. Then sum_congr + ring. Good.

Let me also double check the `boundaryPair` filter in the final `simp only [boundaryPair]; ring`: after `rw [hinter]`, the goal LHS has `Eout` and `Ein` sums from `hsplit_src`/`hsplit_tgt` with filters `univ.filter (fun e => D.src e ∈ S ∧ ¬D.tgt e ∈ S)` and `univ.filter (fun e => D.tgt e ∈ S ∧ ¬D.src e ∈ S)`, while `boundaryPair` uses `D.tgt e ∉ S` / `D.src e ∉ S`. These are defeq, so after unfolding boundaryPair, `ring` should treat them as the same atoms if the terms are syntactically identical up to reducible defeq. `ring` uses `Ring` normalization with atoms; if the atoms are not syntactically identical but defeq, it might fail. We'll see. If it fails, use `simp only [boundaryPair]` with `Finset.filter_congr` rewrites or just `refine add_right_cancel ?_` etc. Let me handle when it arises.

4. `sum_edgeLap_mul`: unused `add_mul` in simp. Remove it (the `simp [h1, h2]` closes by itself per the hint).

Let me apply these fixes.
dsh: reasoning:
Progress. Issues:

1. `edgeLap` still stuck at line 136: `(i : V) → Module ?m.33 (?m.36 i)`. The problem is `LinearMap.pi (edgeLapAt D w e)` — the `R` is a metavariable. The expected type is `(V → ℝ) →ₗ[ℝ] (V → ℝ)`, so `R := ℝ` and `M₂ := V → ℝ`, `φ := ℝ`. But `LinearMap.pi`'s `M₂` is also implicit. The elaboration order: `LinearMap.pi` elaborates its argument `f` first, which is `edgeLapAt D w e` with a fully determined type `(i : V) → (V → ℝ) →ₗ[ℝ] ℝ`. That determines `φ i = ℝ` and `R = ℝ`. But the error shows `?m.33` and `?m.36 i` — the instance argument `[(i : ι) → Module R (φ i)]` is stuck. Hmm, maybe because `LinearMap.pi` requires the instance to be provided before `f` elaboration (instance implicit). 

Alternative: use `LinearMap.pi` with explicit `R`:
```lean
def edgeLap ... :=
  @LinearMap.pi ℝ V (fun _ => ℝ) _ _ (fun i => inferInstance) (fun i => inferInstance) (edgeLapAt D w e)
```
That's ugly. Let me instead build `edgeLap` with `LinearMap.mk`:
```lean
def edgeLap (D) (w) (e) : (V → ℝ) →ₗ[ℝ] (V → ℝ) where
  toFun u := fun x => (edgeLapAt D w e x) u
  map_add' u v := by
    funext x
    exact (edgeLapAt D w e x).map_add u v
  map_smul' c u := by
    funext x
    exact (edgeLapAt D w e x).map_smul c u
```
Then `edgeLap_apply : edgeLap D w e u x = (edgeLapAt D w e x) u := rfl`. And `edgeLapAt_apply`:
```lean
theorem edgeLapAt_apply (D) (w) (e) (x) (u) :
    edgeLapAt D w e x u =
      (if x = D.src e then w e * (u (D.tgt e) - u x) else 0)
        + if x = D.tgt e then w e * (u (D.src e) - u x) else 0 := by
  simp [edgeLapAt]
```
The earlier `edgeLap_apply` error showed the goal `(edgeLapAt D w e x) u = ...` unsolved after `simp [edgeLap]`. So I need a proper `edgeLapAt_apply` lemma. Let me prove it by unfolding:
```lean
  simp only [edgeLapAt, LinearMap.add_apply, LinearMap.ite_apply?...]
```
Hmm, the expression is `(if p then w • A else 0) u + (if q then w • B else 0) u`. Need `ite_apply`. Let me try `by by_cases h1 : x = D.src e <;> by_cases h2 : x = D.tgt e <;> simp [edgeLapAt, h1, h2]`. With `simp [edgeLapAt]` and the if conditions, `ite_apply` should resolve via `if_pos`/`if_neg` on the linear map. Let me test. Since `edgeLapAt` is defined with the annotated type, `simp [edgeLapAt, h1, h2]` should reduce `(if x = src then ... else 0) u` using `if_pos h1` (at the function level) — but `if x = src e then A else 0` is an `ite` on `LinearMap`; `simp [h1]` rewrites the condition to `True` and reduces. Then `LinearMap.smul_apply`, `LinearMap.sub_apply`, `LinearMap.proj_apply`, `smul_eq_mul` (with RingHom.id_apply). Let me write it and iterate.

2. `hsrc`/`htgt` pointwise goals: `w e * ((u t - u s) * v s) = w e * (u t - u s) * v s` — need associativity. My `by_cases h <;> simp [h]` left `w e * (A * B) = w e * A * B`. Add `ring` or `mul_assoc`. Use `<;> ring`? `by_cases h : ... <;> simp [h] <;> ring`. But after `simp [h]`, goal `w e * (A * B) = w e * A * B`; `ring` closes. Let me change to `by_cases h : ... <;> simp [h] <;> ring`.

3. The final combination: after `rw [hsplit_src, hsplit_tgt]`, the target is:
`(A_int + A_out) + (B_int + B_in) = -dirichlet + boundaryPair`? The error shows:
```
∑ Eint_A ... + ∑ Eout_A ... + (∑ Eint_B ... + ∑ Ein_B ...) = -dirichlet + boundaryPair
```
and `rw [hinter]` failed because `hinter`'s LHS is `∑ Eint_A + ∑ Eint_B` but the target has them separated by `A_out` in between. Need to rearrange first. Use `ring_nf` or `abel`? The target is a sum of real numbers (the sums are atoms); `abel` can reassociate/additively. Let me do:
```lean
  rw [show (∑ Eint_A + ∑ Eout_A + (∑ Eint_B + ∑ Ein_B))
      = ((∑ Eint_A + ∑ Eint_B) + (∑ Eout_A + ∑ Ein_B)) from by ring]
  rw [hinter]
```
But `ring` treats each Finset sum as an atom and reassociates; should work. Or use `have hrearr : ... := by ring`. Let me add that.

Then final goal: `(-dirichlet) + (A_out + B_in) = -dirichlet + boundaryPair`; unfold boundaryPair and check atoms. Let me handle.

Actually, let me restructure more simply using `linarith`-style: after getting the target `LHS = -dirichlet + boundaryPair`, I can prove it by `rw [hinter]` after rearranging, then `simp only [boundaryPair]`. Let me define `hrearr` with the exact LHS pattern shown in the error:
`(Aint + Aout) + (Bint + Bin) = ((Aint + Bint) + (Aout + Bin))`.
Then `rw [hrearr, hinter]` and goal `-dirichlet + (Aout + Bin) = -dirichlet + boundaryPair`. `simp only [boundaryPair]` makes RHS `-dirichlet + (Aout + Bin)` where the sums match up to `¬ t ∈ S` vs `t ∉ S` (defeq). Then `rfl` might close if the atom expressions are definitionally equal. Let me try `rfl` after `simp only [boundaryPair]`; if not, `ring`/`add_left_cancel`.

Hmm, one subtlety: `Aout` from `hsplit_src` is `∑ e ∈ univ.filter (fun e => D.src e ∈ S ∧ ¬D.tgt e ∈ S), ...`, and `boundaryPair`'s first sum is `∑ e ∈ univ.filter (fun e => D.src e ∈ S ∧ D.tgt e ∉ S), ...`. `¬D.tgt e ∈ S` vs `D.tgt e ∉ S`: `∉` is notation for `¬ · ∈ ·`, so they're syntactically the same after notation expansion. The integrands match. So `rfl` should work after unfolding `boundaryPair`.

Let me apply these fixes.
dsh: reasoning:
Wait, I need to check the structure of `green_first` around the `hinter` part. The edit may have introduced an indentation/logic issue: the `hinter` have-block now ends with `exact Finset.sum_congr ...`, then I added the `rw [show ...]` at the same level. But I need to verify the file section. Let me read the relevant part.
dsh: reasoning:
The structure looks right. Note line 342's `rw [show ... from by ring]` — the LHS pattern in the `show` is the current target LHS. The target after `rw [hsplit_src, hsplit_tgt]` is:
`(Aint + Aout) + (Bint + Bin) = -dirichlet + boundaryPair`
where the exact parenthesization from `hsplit_src`: `Aint + Aout`, and `hsplit_tgt`: `Bint + Bin`, and the overall sum from `hdistrib` is `(...) + (...)`? Let's see: after `rw [hdistrib]`, target LHS = `(∑ src-all) + (∑ tgt-all)`. Then `rw [hsrc, htgt]` makes it `(∑ Fsrc f) + (∑ Ftgt g)`. Then `rw [hsplit_src]` rewrites the first sum to `Aint + Aout`; `rw [hsplit_tgt]` rewrites the second to `Bint + Bin`. So target LHS = `(Aint + Aout) + (Bint + Bin)`. My `show` LHS has the same form? Let me look at lines 342-349:
```
((Aint) + (Aout) + ((Bint) + Bin))
```
The parentheses: line 342 starts `rw [show ((Aint) + (Aout) + ((Bint) + Bin))`. In Lean, `a + b + (c + d)` parses as `(a + b) + (c + d)` — matches. Good.

Then after `rw [show ... from by ring]`, target becomes `((Aint + Bint) + (Aout + Bin)) = -dirichlet + boundaryPair`. Then `rw [hinter]` rewrites `Aint + Bint` (which appears as the first component) to `-dirichlet`, giving `(-dirichlet + (Aout + Bin)) = -dirichlet + boundaryPair`. Then `simp only [boundaryPair]` unfolds RHS to `-dirichlet + (Aout' + Bin')` where primes differ only by `¬ ∈` vs `∉` notation and `Finset` membership notation `∑ e ∈ s.filter ...` vs `∑ e with ...`. These should be syntactically identical after unfolding `boundaryPair`; then the goal is closed by `rfl`? I removed the final `ring`, leaving the goal possibly not closed. Let me add a closing tactic: `rfl` or `ring`. The goal after `simp only [boundaryPair]` should be `-dirichlet + (Aout + Bin) = -dirichlet + (Aout + Bin)` if the atoms match exactly; `rfl` closes. But if there's a slight difference (e.g., `¬D.tgt e ∈ S` vs `D.tgt e ∉ S` are the same), `rfl` should work. If not, `ring` would fail too (different atoms). Let me add `rfl` after the simp. Actually `simp only [boundaryPair]` at the end without a closing tactic means the goal must be closed by `simp only` itself, which it won't be. So add `rfl`.

Wait, `simp only [boundaryPair]` might close the goal if it normalizes both sides to `True`? No, it won't. Let me add `rfl`. Hmm, but the goal after `rw [hinter]` is `-dirichlet + (Aout + Bin) = -dirichlet + boundaryPair`; after `simp only [boundaryPair]`, RHS becomes `-dirichlet + (Aout + Bin)` with possibly defeq atoms. `rfl` checks definitional equality, which should hold. Let me add it.

Let me also check `hinter`'s `rw [hfilter, ← Finset.sum_add_distrib]`: after `rw [hfilter]`, the target is `Aint + Bint' = -dirichlet` where `Bint'` has filter `src∧tgt`; then `rw [← Finset.sum_add_distrib]` rewrites `Aint + Bint'` (with the same filter) to `∑ e ∈ Eint, (integrandA + integrandB)`. Good. Then `simp only [dirichletForm]`; `rw [← Finset.sum_neg_distrib]` — the RHS is `-(∑ e ∈ Eint, w e * ...)`. `Finset.sum_neg_distrib : ∑ x ∈ s, -f x = -∑ x ∈ s, f x`; so `rw [← Finset.sum_neg_distrib]` rewrites `-∑` to `∑ -`. Good. Then `exact Finset.sum_congr rfl (fun e _ => by ring)` — after the rw, the target is `∑ e ∈ Eint, (A + B) = ∑ e ∈ Eint, -(w e * ...)`; `Finset.sum_congr rfl` reduces to pointwise equality of integrands, which `ring` closes. Good.

Now the `edgeLap` linearity: `map_add' u v := by funext x; exact (edgeLapAt D w e x).map_add u v`. Goal: `edgeLap D w e (u+v) x = edgeLap D w e u x + edgeLap D w e v x`. Since `edgeLap.toFun u := fun x => edgeLapAt D w e x u`, LHS = `edgeLapAt D w e x (u+v)`, RHS = `edgeLapAt D w e x u + edgeLapAt D w e x v`. `(edgeLapAt D w e x).map_add u v` gives exactly `edgeLapAt D w e x (u+v) = edgeLapAt D w e x u + edgeLapAt D w e x v`. `exact` should work since `edgeLap` is defined via `toFun`, and the projections are defeq. Good.

Let me add `rfl` at the end and recompile.
dsh: reasoning:
Key remaining error: `edgeLapAt` definition itself has the stuck typeclass at line 136. Let me look at line 136. It's the `edgeLapAt` def:
```lean
def edgeLapAt (D : DivergenceData V E) (w : E → ℝ) (e : E) (x : V) :
    (V → ℝ) →ₗ[ℝ] ℝ :=
  (if x = D.src e then w e • (LinearMap.proj (D.tgt e) - LinearMap.proj x) else 0)
    + if x = D.tgt e then w e • (LinearMap.proj (D.src e) - LinearMap.proj x) else 0
```
Error: `(i : V) → Module ?m.33 (?m.36 i)`. This is about `LinearMap.proj`! `LinearMap.proj (i : ι) : ((i : ι) → φ i) →ₗ[R] φ i` requires the dependent function type `(i : V) → φ i`. Here the domain is `V → ℝ` which is `(i : V) → (fun _ => ℝ) i`. The instance `[(i : ι) → AddCommMonoid (φ i)]` and `[(i : ι) → Module R (φ i)]` need to be inferred for `φ := fun _ => ℝ`; for `V → ℝ`, Lean uses `Pi.instAddCommMonoid`/`Pi.instModule` which are instances for `∀ i, φ i`... The error `(i : V) → Module ?m.33 (?m.36 i)` suggests that `LinearMap.proj`'s implicit `φ` is not inferred because the domain `(V → ℝ)` is a reducible Pi type but the instance search is stuck. Hmm. Maybe the issue is `LinearMap.proj` requires `[(i : ι) → Module R (φ i)]` as a *typeclass argument*, and for `V → ℝ` the instance is `Pi.instModule` which is `[(i : ι) → Module R (φ i)]`-shaped? It should work.

Wait, maybe the issue is that `V → ℝ` is notation for `∀ _ : V, ℝ` and `LinearMap.proj` expects `((i : ι) → φ i)` where `φ : ι → Type`; with `φ := fun _ => ℝ`, the instance argument `[(i : ι) → Module ℝ (φ i)]` = `[(i : V) → Module ℝ ℝ]`. Lean needs to synthesize this *dependent function instance*, which is an instance Pi type `(i : V) → Module ℝ ℝ`. There's an instance `Pi.module`? For `∀ i, Module R (φ i)` (a Pi of typeclasses), Lean has instance `instModuleForAll`? Actually `[(i : ι) → Module R (φ i)]` is a dependent function of instances, and there is a `Pi` instance for it? Hmm, for `∀ i, AddCommMonoid (φ i)`, the Pi type `(i : ι) → AddCommMonoid (φ i)` has an instance `Pi.addCommMonoid`? No — these are *typeclass-valued* functions, and Lean treats `[(i : ι) → C (φ i)]` as a "dependent function" instance, which is synthesized via `instInhabitedForall`? Actually, for `∀ i, Module R (φ i)` there is indeed an instance: it's a Pi type of structures, and Lean automatically has `Pi.instModule`? Hmm, I think typeclass resolution can synthesize `∀ i, Module R (φ i)` by lambda abstraction if each `Module R (φ i)` is available — this is the "outParam" mechanism? In Lean 4, instance resolution for a goal `∀ i, C i` (a Pi type) can be solved by `fun i => inferInstance`? I don't think that's automatic in general. But `LinearMap.proj` is used widely on function spaces, so it must work. Let me check how `LinearMap.proj` is used in mathlib: e.g., `(LinearMap.proj i : (ι → M) →ₗ[R] M)`. For a constant family, mathlib often uses `LinearMap.proj i`. So it should work.

The error mentions `?m.33` and `?m.36 i` — maybe the problem is the `0` in `else 0` combined with `+`: the type of `if ... then (w e • (LinearMap.proj (D.tgt e) - LinearMap.proj x)) else 0` needs to be inferred; the `if` branches must have the same type. `0` is ambiguous. With the return type annotation `(V → ℝ) →ₗ[ℝ] ℝ`, it should be fixed. Hmm, but the annotation is on the def, and the body is elaborated with the expected type known. 

Actually, the error location `136:57` — let me count: line 136 is likely the `edgeLapAt` body line with `LinearMap.proj`. Let me look at the file lines 130-140.

Let me take a different, more robust approach for `edgeLapAt`: build it with `LinearMap.mk` explicitly, avoiding `LinearMap.proj`:

```lean
def edgeLapAt (D) (w) (e) (x : V) : (V → ℝ) →ₗ[ℝ] ℝ where
  toFun u := (if x = D.src e then w e * (u (D.tgt e) - u x) else 0)
    + if x = D.tgt e then w e * (u (D.src e) - u x) else 0
  map_add' u v := by
    by_cases h1 : x = D.src e <;> by_cases h2 : x = D.tgt e <;>
      simp [h1, h2, Pi.add_apply] <;> ring
  map_smul' c u := by
    by_cases h1 : x = D.src e <;> by_cases h2 : x = D.tgt e <;>
      simp [h1, h2, Pi.smul_apply, smul_eq_mul, RingHom.id_apply] <;> ring
```
This is direct and avoids `LinearMap.proj` entirely. Then `edgeLapAt_apply` is `rfl` (or `by rfl`). Then `edgeLap` via `LinearMap.mk` as before. This should work.

Let me rewrite that section.

Then the `laplaceBeltrami_selfAdjoint_univ` error: `rw [boundaryPair_univ, boundaryPair_univ] at h` — the target h is `pairingOn m univ (lap u) v - pairingOn m univ (lap v) u = boundaryForm D w univ u v`, and `boundaryForm` is a def that hasn't been unfolded, so `boundaryPair` doesn't appear syntactically. I need `simp only [boundaryForm] at h` first, then `rw [boundaryPair_univ, boundaryPair_univ] at h`, then `simp at h`. Let me fix:
```lean
  have h := green_second D w m hm Finset.univ u v
  simp only [boundaryForm, boundaryPair_univ, sub_zero] at h
  rw [h]
  ring
```
Wait, `boundaryForm D w univ u v = boundaryPair D w univ u v - boundaryPair D w univ v u`; `simp only [boundaryForm, boundaryPair_univ, sub_zero]` gives `pairingOn ... - pairingOn ... = 0`, i.e. `h : A - B = 0`. Then `rw [h]` in goal `A = B`? The goal is `A = B`; `rw [h]` rewrites `A - B` — not present. Use `sub_eq_zero.mp h`. Let me do:
```lean
  have h := green_second D w m hm Finset.univ u v
  simp only [boundaryForm, boundaryPair_univ, sub_zero] at h
  exact sub_eq_zero.mp h
```
`sub_eq_zero.mp h : A = B`. Good.

Also line 361 "No goals to be solved" — that's the `rfl` I added after `simp only [boundaryPair]`; apparently `simp only [boundaryPair]` already closed the goal. So remove the `rfl`. Wait, the error says line 361:2: No goals to be solved. Hmm, but `simp only [boundaryPair]` closing the goal means the two sides became identical. Good. Remove `rfl`.

Also the unused `pairingOn` simp arg at line 268: `simp only [pairingOn, laplaceBeltrami_apply]` — `pairingOn` unused because the goal is about `∑ x ∈ S, m x * ... * v x` and `pairingOn` isn't in the goal after `refine sum_congr`? Actually in hA, the goal after `Finset.sum_congr rfl` is `m x * (laplaceBeltrami D w m u) x * v x = graphLaplacian D w u x * v x`; `pairingOn` is not present. Remove it: `simp only [laplaceBeltrami_apply]`.

Let me apply all these fixes.
dsh: reasoning:
`Laplacian.lean` compiles with exit 0 (only style warnings). Excellent! The Green identities are proven.

Now let me write `Basic.lean` with the abstract interface, `ConjugateHeatData`, formal adjointness, and the certificate.

Design recap:
```lean
import Poincare.D7.ConjugateHeat.Laplacian

namespace Poincare.D7.ConjugateHeat

/-- Jets -/
abbrev Jet (F : Type*) := F × F

structure MetricFlowInterface (F : Type*) [AddCommGroup F] [Module ℝ F] where
  pairing : F →ₗ[ℝ] F →ₗ[ℝ] ℝ
  laplacian : F →ₗ[ℝ] F
  scalarMul : F →ₗ[ℝ] F
  boundaryForm : F → F → ℝ
  volumeVariation : Jet F → Jet F → ℝ
  volumeVariation_apply : ∀ j k, volumeVariation j k
    = pairing j.2 k.1 + pairing j.1 k.2 - pairing (scalarMul j.1) k.1
  pairing_symm : ∀ u v, pairing u v = pairing v u
  laplacian_ibp : ∀ u v, pairing (laplacian u) v - pairing u (laplacian v) = boundaryForm u v
  scalarMul_selfAdjoint : ∀ u v, pairing (scalarMul u) v = pairing u (scalarMul v)
  boundaryForm_antisymm : ∀ u v, boundaryForm v u = -boundaryForm u v
```

Then:
```lean
structure ConjugateHeatData (F : Type*) [AddCommGroup F] [Module ℝ F]
    extends MetricFlowInterface F where
  forwardHeat : Jet F →ₗ[ℝ] F
  backwardHeat : Jet F →ₗ[ℝ] F
  forwardHeat_apply : ∀ j, forwardHeat j = j.2 - laplacian j.1
  backwardHeat_apply : ∀ j, backwardHeat j = -j.2 - laplacian j.1 + scalarMul j.1
```

Constructors:
```lean
def forwardHeatLM (I : MetricFlowInterface F) : Jet F →ₗ[ℝ] F :=
  LinearMap.snd ℝ F F - I.laplacian.comp (LinearMap.fst ℝ F F)

def backwardHeatLM (I : MetricFlowInterface F) : Jet F →ₗ[ℝ] F :=
  -LinearMap.snd ℝ F F - I.laplacian.comp (LinearMap.fst ℝ F F)
    + I.scalarMul.comp (LinearMap.fst ℝ F F)
```
Wait: `Jet F = F × F`; `LinearMap.fst ℝ F F : F × F →ₗ F`. Is the product type `F × F` an alias for `Jet F`? `Jet F` is an `abbrev`, so it unfolds to `F × F`. Good.

`ConjugateHeatData.ofInterface (I) : ConjugateHeatData F` with fields. The `forwardHeat_apply` proof:
```lean
  forwardHeat_apply := fun j => by
    simp [forwardHeatLM]
```
Let me check: `(LinearMap.snd ℝ F F - I.laplacian.comp (LinearMap.fst ℝ F F)) j = snd j - (I.laplacian.comp fst) j = j.2 - I.laplacian j.1`. `simp [forwardHeatLM]` should work with `LinearMap.sub_apply`, `LinearMap.comp_apply`, `LinearMap.snd_apply`, `LinearMap.fst_apply`. Are `fst_apply`/`snd_apply` simp lemmas? `LinearMap.fst_apply : LinearMap.fst R M M₂ x = x.1` probably `rfl`/`@[simp]`. Let me use `rfl` first; if not, `simp`.

Actually `LinearMap.snd ℝ F F j` where `j : F × F` reduces to `j.2` definitionally. `LinearMap.sub_apply` is a theorem. `rfl` might work if the subtraction is at the function level: `(A - B) j` is `A j - B j` by `sub_apply` which is `rfl`? `LinearMap.sub_apply` is likely `rfl`. Let me try `rfl` for both; fallback `simp [forwardHeatLM]`.

Then the derived pairing derivative: since `volumeVariation` is a field, use `D.volumeVariation j k` in the theorem. 

The theorem:
```lean
theorem ConjugateHeatData.formal_adjoint (D : ConjugateHeatData F) (j k : Jet F) :
    D.pairing (D.forwardHeat j) k.1 - D.pairing j.1 (D.backwardHeat k)
      = D.volumeVariation j k - D.boundaryForm j.1 k.1 := by
  rw [D.forwardHeat_apply, D.backwardHeat_apply, D.volumeVariation_apply]
  simp only [map_sub, map_add, map_neg, LinearMap.sub_apply, LinearMap.add_apply,
    LinearMap.neg_apply]
  linarith [D.laplacian_ibp j.1 k.1, D.scalarMul_selfAdjoint j.1 k.1]
```

Wait: `map_sub` for `D.pairing` in the first argument: `D.pairing (j.2 - Δj₁) = D.pairing j.2 - D.pairing (Δj₁)`. And in the second argument: `D.pairing j.1 (-k.2 - Δk₁ + Rk₁)`. `simp only [map_sub, map_add, map_neg]` should rewrite both. But `map_sub` is a generic lemma `map_sub : f (a - b) = f a - f b` for `f` a LinearMap; `simp` with `map_sub` may rewrite `D.pairing (x - y)` to `D.pairing x - D.pairing y` and also `(D.pairing x) (y - z)` to `D.pairing x y - D.pairing x z` (since `D.pairing x` is also a linear map). Good. `LinearMap.sub_apply` etc. turn the resulting linear map operations applied to k.1 into real operations.

Potential issue: `linarith` sees terms like `D.pairing (D.laplacian j.1) k.1` and the hypothesis `D.laplacian_ibp j.1 k.1 : D.pairing (D.laplacian j.1) k.1 - D.pairing j.1 (D.laplacian k.1) = D.boundaryForm j.1 k.1`. `linarith` treats applications as atoms; should work.

Then the certificate:
```lean
structure ConjugateHeatIBPCertificate (D : ConjugateHeatData F) (j k : Jet F) where
  heatPairing : ℝ
  conjugatePairing : ℝ
  volumeVariation : ℝ
  boundaryForm : ℝ
  ibp : heatPairing - conjugatePairing = volumeVariation - boundaryForm

def conjugateHeatIBPCertificate (D) (j k) : ConjugateHeatIBPCertificate D j k where
  heatPairing := D.pairing (D.forwardHeat j) k.1
  conjugatePairing := D.pairing j.1 (D.backwardHeat k)
  volumeVariation := D.volumeVariation j k
  boundaryForm := D.boundaryForm j.1 k.1
  ibp := D.formal_adjoint j k
```

Corollaries:
- `formal_adjoint_of_boundaryForm_eq_zero`
- `formal_adjoint_of_volumeVariation_eq_zero` (stationary metric)
- `formal_adjoint_closed`
- `backwardHeat_self` (the conjugate heat equation is solvable by choosing the time derivative)
- `IsConjugateHeatJet` predicate.

Also maybe define the backward heat operator's "scalar curvature term" explicitly:
```lean
/-- The scalar-curvature term of the conjugate-heat operator. -/
def scalarCurvatureTerm (D) (j : Jet F) : F := D.scalarMul j.1
```
And a lemma `backwardHeat_eq : D.backwardHeat j = -D.forwardHeat (j.1, -j.2) + ...`? Skip.

Let me also add the heat operator equation and conjugate heat equation:
```lean
def IsHeatJet (D) (j : Jet F) : Prop := D.forwardHeat j = 0
def IsConjugateHeatJet (D) (j : Jet F) : Prop := D.backwardHeat j = 0
theorem isConjugateHeatJet_iff (D) (j) : D.IsConjugateHeatJet j ↔ j.2 = -D.laplacian j.1 + D.scalarMul j.1 := by
  simp [IsConjugateHeatJet, D.backwardHeat_apply, sub_eq_zero] -- need to check
```
`D.backwardHeat j = 0 ↔ -j.2 - Δj₁ + Rj₁ = 0 ↔ j.2 = -Δj₁ + Rj₁`. Proof: `rw [D.backwardHeat_apply]; constructor <;> intro h <;> linarith` or use `sub_eq_zero`. Let me write:
```lean
theorem isConjugateHeatJet_iff (D) (j : Jet F) :
    D.IsConjugateHeatJet j ↔ j.2 = -D.laplacian j.1 + D.scalarMul j.1 := by
  rw [IsConjugateHeatJet, D.backwardHeat_apply]
  constructor <;> intro h <;> linarith
```
Should work.

Then a theorem `backwardHeat_self`:
```lean
theorem backwardHeat_self (D) (u : F) :
    D.backwardHeat (u, -D.laplacian u + D.scalarMul u) = 0 := by
  rw [D.backwardHeat_apply]; abel
```
Check: `-(-Δu + Ru) - Δu + Ru = Δu - Ru - Δu + Ru = 0`. `abel` handles.

Also `forwardHeat_self`:
```lean
theorem forwardHeat_self (D) (u : F) : D.forwardHeat (u, D.laplacian u) = 0 := by
  rw [D.forwardHeat_apply]; abel
```

These show the operators are non-vacuous (they annihilate the appropriate jets).

Let me write Basic.lean. I also want to make `Jet` a structure instead of a product for readability? A structure with `val` and `deriv` fields would be nicer for documentation, and `Jet F` would need Module instance (deriving). Let me use a structure:
```lean
structure Jet (F : Type*) where
  val : F
  deriv : F
```
with `deriving`? For Module, I'd need to provide instances. Product is easier. I'll use `abbrev Jet (F) := F × F` and document `j.1`/`j.2`. To make it readable, add accessors:
```lean
namespace Jet
def val (j : Jet F) : F := j.1
def deriv (j : Jet F) : F := j.2
end Jet
```
Hmm, `Jet` is an abbrev without parameters in scope? `abbrev Jet (F : Type*) := F × F`. Then `Jet.val` works. But since `Jet F` reduces to `F × F`, `Jet.val j` is just `j.1`. I could use `j.1`/`j.2` directly with comments. Fine, but for elegance let me define:
```lean
abbrev Jet (F : Type*) := F × F

namespace Jet
/-- The value component of a jet. -/
def val (j : Jet F) : F := j.1
/-- The time-derivative component of a jet. -/
def deriv (j : Jet F) : F := j.2
end Jet
```
Then in statements use `j.1`/`j.2` for simplicity. Or use `Jet.val`/`Jet.deriv` for readability. Since `Jet.val j = j.1` by rfl, both work. I'll use `j.1` and `j.2` with clear docstrings to avoid simp friction.

Let me write Basic.lean now.
dsh: reasoning:
Now I need to compile Basic.lean, but it imports `Poincare.D7.ConjugateHeat.Laplacian`, whose olean doesn't exist yet (I only ran `lake env lean` which may or may not produce an olean). Let me check if `release/Poincare/D7/ConjugateHeat/Laplacian.olean` exists. If not, I need to build it with `lake build` or compile with `-o`. Let me check and then build.

Actually, the standard workflow: `cd release && lake build Poincare.D7.ConjugateHeat.Laplacian`. Let me do that. But first check whether `lake env lean` created an olean next to the source.
dsh: reasoning:
No oleans produced by `lake env lean`. So I need to `lake build` to produce oleans for imports. Let me build Laplacian from `release/`:

`cd release && lake build Poincare.D7.ConjugateHeat.Laplacian`

This will check the release lakefile globs `Poincare.+`. Let me run it in the background (may take a couple minutes for mathlib deps? They're prebuilt). Then compile Basic.lean via `lake env lean` from root (which will find the olean).

Let me run `lake build` now.
dsh: reasoning:
Built. Now compile Basic.lean with `lake env lean` from root. It will import the Laplacian olean. Let me run.
dsh: reasoning:
Errors:

1. `linarith` fails in `isConjugateHeatJet_iff` because the ambient type `F` is a general module, not ℝ. `linarith` works only over linear ordered fields; here the equation is in `F`. Need `abel`/`add` group reasoning instead. For `IsConjugateHeatJet j ↔ j.2 = -Δu + Ru`:
   - `rw [IsConjugateHeatJet, D.backwardHeat_apply]`; goal `(-j.2 - Δu + Ru = 0) ↔ (j.2 = -Δu + Ru)`. Use `constructor <;> intro h`:
     - mp: from `-j.2 - Δu + Ru = 0`, need `j.2 = -Δu + Ru`. `linarith` doesn't work over modules. Use `rw [← sub_eq_zero] at h`? Let's manipulate: `h : -j.2 - Δu + Ru = 0`. We want `j.2 = -Δu + Ru`. `have : j.2 = -(-j.2 - Δu + Ru) + ...` hmm. Simplest: `rw [← neg_eq_iff_add_eq_zero]`? Or use `eq_neg_of_add_eq_zero_left`? Let me use `nth_rewrite` or just `linear_combination -h`? `linear_combination` works over rings/modules? There's `linear_combination (norm := abel) -h` maybe. Or simply:
       `have h' : -j.2 = Δu - Ru := by linarith` — no.
       Use `add_group` reasoning: from `-j.2 - Δu + Ru = 0`, we get `j.2 = -Δu + Ru`:
       `calc j.2 = -(-j.2 - D.laplacian j.1 + D.scalarMul j.1) + (-D.laplacian j.1 + D.scalarMul j.1) := by abel`
       `_ = ...` hmm.
     Easier: use `eq_neg_iff_add_eq_zero`, or `sub_eq_zero.mp`, or transform the goal:
     ```lean
     constructor
     · intro h
       have h' : j.2 = -D.laplacian j.1 + D.scalarMul j.1 := by
         rw [← sub_eq_zero]  -- goal becomes j.2 - (...) = 0
         -- need to derive from h by abel
         ...
     ```
     The cleanest: `simpa [sub_eq_add_neg, add_assoc, add_comm, add_left_comm] using h`? Let's see: `h : -j.2 - Δu + Ru = 0`. Goal `j.2 = -Δu + Ru`. Taking `neg` of both sides: `-(-j.2 - Δu + Ru) = 0` → `j.2 + Δu - Ru = 0`. Not directly.
     
     Use `eq_neg_of_add_eq_zero_left`? Hmm.

     Alternative: state the iff with a different form that's easier: `D.backwardHeat j = 0 ↔ j.2 + D.laplacian j.1 - D.scalarMul j.1 = 0`? Still same issue.

     Use `abel` with the equation: 
     ```lean
     constructor
     · intro h
       have h2 : j.2 = -D.laplacian j.1 + D.scalarMul j.1 := by
         rw [← sub_eq_zero] at h ⊢? 
     ```
     Let me think: `sub_eq_zero` : `a - b = 0 ↔ a = b`. From `h : -j.2 - Δu + Ru = 0`, I want `j.2 = -Δu + Ru`. Note `-j.2 - Δu + Ru = -(j.2 - (-Δu + Ru))`. Indeed `-(j.2 - (-Δu + Ru)) = -j.2 + (-Δu + Ru) = -j.2 - Δu + Ru`. So `h` is `-(j.2 - (-Δu + Ru)) = 0`, hence `j.2 - (-Δu + Ru) = 0` by `neg_eq_zero.mp`, hence by `sub_eq_zero.mp`. So:
     ```lean
     · intro h
       have h' : j.2 - (-D.laplacian j.1 + D.scalarMul j.1) = 0 := by
         have := neg_eq_zero.mp (show -(j.2 - (-D.laplacian j.1 + D.scalarMul j.1)) = 0 by
           simpa [sub_eq_add_neg, add_assoc, add_comm, add_left_comm] using h)
         exact this
       exact sub_eq_zero.mp h'
     · intro h
       rw [h]
       abel
     ```
     Simpler: use `abel` at the goal level after `rw [h]`:
     For mp: `rw [← sub_eq_zero]` transforms goal `j.2 = -Δu + Ru` to `j.2 - (-Δu + Ru) = 0`; then `simpa [sub_eq_add_neg, add_assoc, add_comm, add_left_comm] using h` — need to check if `h` normalizes to that. `h : -j.2 - Δu + Ru = 0`; target after rw: `j.2 - (-Δu + Ru) = 0`. Expanding target: `j.2 + (-(-Δu + Ru)) = 0` = `j.2 + (Δu - Ru) = 0`. Expanding h: `-j.2 + (-Δu + Ru) = 0`. These differ by negation: target = -h. So `simpa` won't work directly. Need `neg_eq_zero`. 

     Let me use `abel` in a calc:
     ```lean
     constructor
     · intro h
       have : j.2 - (-D.laplacian j.1 + D.scalarMul j.1) = -(-j.2 - D.laplacian j.1 + D.scalarMul j.1) := by abel
       rw [this, h, neg_zero]
     · intro h
       rw [h]; abel
     ```
     That should work.

2. `isConjugateHeatJet_self`: `rw [IsConjugateHeatJet, D.backwardHeat_apply]; abel` left a goal with `-1 •` scalars: `-1 • D.laplacian u + (D.scalarMul u + -1 • (-1 • D.laplacian u + D.scalarMul u)) = 0`. `abel` failed; the hint says `abel_nf`. Let me use `abel_nf` or `module`. Actually `abel` should handle `-1 •`; maybe `abel_nf` suggested. Use `abel_nf`.

3. `formal_adjoint_closed`: `rw [D.formal_adjoint, hb, hv]` fails because the goal is an equality without subtraction; `rw` looks for the LHS pattern `pairing - pairing`. Use `D.formal_adjoint` with `sub_eq_zero.mp`:
   ```lean
   theorem formal_adjoint_closed ... := by
     have h := D.formal_adjoint j k
     rw [hb, hv] at h
     have h2 : D.pairing (D.forwardHeat j) k.1 - D.pairing j.1 (D.backwardHeat k) = 0 := by
       simpa using h
     exact sub_eq_zero.mp h2
   ```
   `h : A - B = 0 - 0`; `simpa` gives `A - B = 0`; `sub_eq_zero.mp`. Good.

4. Unused variable warnings `j` in `forwardHeatLM_apply`/`backwardHeatLM_apply`? Lines 147-148: those are the `@[simp] theorem ... (j : Jet F) : ... := rfl` — the variable `j` is used? The warning says "Variable name `j` is not explicitly referenced." for the binders in `(j : Jet F)`? Weird. Maybe because `rfl` doesn't reference j and the statement is elaborated by unification? No, `j` appears in the statement. Hmm, line 147 is `(I : MetricFlowInterface F) (j : Jet F) :`? The linter might complain about `j` not used in the proof term (since `rfl` is the whole proof). It's a style warning only. I can rename to `_j`? But then the statement changes binder name; fine. Or ignore warnings. Let me leave them; they don't fail the build.

5. Unused simp args in formal_adjoint: `LinearMap.add_apply`, `LinearMap.neg_apply`. Remove them if unused. `map_add`/`map_neg` handle the linear map level and `LinearMap.sub_apply` handles subtraction; the addition/negation applied to k.1 might be handled by `map_add`/`map_neg` at the function level and then `Pi.add_apply`? Wait, `D.pairing j.1 (-k.2 - Δk.1 + Rk.1)` — `map_add` rewrites `D.pairing j.1 (a + b)` to `D.pairing j.1 a + D.pairing j.1 b` (no need for add_apply). `map_neg` rewrites `D.pairing j.1 (-a)` to `-D.pairing j.1 a`. So `LinearMap.add_apply`/`neg_apply` are indeed unused. Remove them.

6. `formal_adjoint_of_heat_and_conjugate` has unused `hj`, `hk` — it's just a restatement. Maybe remove the hypotheses or use them. Let me make it meaningful: with `hj : IsHeatJet j` and `hk : IsConjugateHeatJet k`, then `D.forwardHeat j = 0` and `D.backwardHeat k = 0`, so the conclusion becomes `0 = 0`. That's trivial. The conservation statement is better phrased as: `volumeVariation j k = boundaryForm j.1 k.1` when both are solutions. Let me state:
   ```lean
   theorem volumeVariation_eq_boundaryForm_of_heat_and_conjugate
       (hj : D.IsHeatJet j) (hk : D.IsConjugateHeatJet k) :
       D.volumeVariation j k = D.boundaryForm j.1 k.1 := by
     have h := D.formal_adjoint j k
     rw [show D.forwardHeat j = 0 from hj, show D.backwardHeat k = 0 from hk] at h
     simp at h  -- 0 - 0 = vol - bdry
     linarith  -- over ℝ, fine
   ```
   `h : D.pairing 0 k.1 - D.pairing j.1 0 = vol - bdry`; `D.pairing 0 k.1 = 0` and `D.pairing j.1 0 = 0` by `map_zero`. `simp` gives `0 = vol - bdry`; then `linarith` or `sub_eq_zero.mp` reversed. Let me write:
   ```lean
     have h2 : D.volumeVariation j k - D.boundaryForm j.1 k.1 = 0 := by
       rw [← h]; simp
     linarith
   ```
   Actually `h : A - B = vol - bdry`; with hj,hk, `A - B = 0`, so `vol - bdry = 0`, so `vol = bdry` by `sub_eq_zero.mp`. Let me:
   ```lean
     have h := D.formal_adjoint j k
     rw [hj, hk] at h
     simp only [map_zero] at h
     exact sub_eq_zero.mp h.symm
   ```
   `h : 0 - 0 = vol - bdry` → after simp: `0 = vol - bdry`; `h.symm : vol - bdry = 0`; `sub_eq_zero.mp h.symm : vol = bdry`. Good. This is the conservation statement: the volume variation equals the boundary form for a heat jet and a conjugate-heat jet.

Let me apply these fixes.
dsh: reasoning:
Errors:

1. `isConjugateHeatJet_iff` mp: I wrote `rw [h', h, neg_zero]` but the target is `j.2 = ...` and `h'` rewrites `j.2 - (...)` which doesn't occur in the target. I need `sub_eq_zero.mp`. Let me fix:
```lean
  · intro h
    have h' : j.2 - (-D.laplacian j.1 + D.scalarMul j.1)
        = -(-j.2 - D.laplacian j.1 + D.scalarMul j.1) := by abel
    have h0 : j.2 - (-D.laplacian j.1 + D.scalarMul j.1) = 0 := by
      rw [h', h, neg_zero]
    exact sub_eq_zero.mp h0
```

2. `isHeatJet_iff` mp: I wrote `h' : j.2 - Δu = -(j.2 - Δu)` then `by rw [h', h, neg_zero]` — but `h : j.2 - Δu = 0` and goal `j.2 = Δu`. Same fix: use `sub_eq_zero.mp`. Actually there's a simpler approach: from `h : j.2 - Δu = 0`, `sub_eq_zero.mp h` directly gives `j.2 = Δu`! No need for h'. Let me simplify:
```lean
  · intro h
    exact sub_eq_zero.mp h
  · intro h
    rw [h]; abel
```
For the conjugate case, `h : -j.2 - Δu + Ru = 0`. I can rearrange to `j.2 - (-Δu + Ru) = 0` via abel:
```lean
  · intro h
    have h0 : j.2 - (-D.laplacian j.1 + D.scalarMul j.1) = 0 := by
      have h' : j.2 - (-D.laplacian j.1 + D.scalarMul j.1)
          = -(-j.2 - D.laplacian j.1 + D.scalarMul j.1) := by abel
      rw [h', h, neg_zero]
    exact sub_eq_zero.mp h0
```
That's what I'll do. (The earlier error was because `sub_eq_zero.mp` was applied to `h'` instead of `h0`.)

3. `isConjugateHeatJet_self`: `abel_nf` made no progress? The error at 181:77 is `ring_nf made no progress` — hmm, line 181 is the `abel_nf`? The error says "ring_nf made no progress on the goal" — `abel_nf` internally uses `ring_nf` and complains? The goal has `-1 •` scalars. Let me use `module` tactic? Or `simp only [smul_neg, one_smul, neg_smul]` then `abel`. The goal: `-1 • Δu + (Ru + -1 • (-1 • Δu + Ru)) = 0`. `simp only [neg_smul, one_smul, smul_add, smul_neg]`? Let me think: `-1 • x = -x` (`neg_one_smul`). So `simp only [neg_one_smul]` converts `-1 • Δu` to `-Δu` and `-1 • (-1 • Δu + Ru)` to `-(-Δu + Ru)`. Then `abel`. Let me write:
```lean
  rw [IsConjugateHeatJet, D.backwardHeat_apply]
  simp only [neg_one_smul]
  abel
```
Wait, the goal after `rw [D.backwardHeat_apply]` is `-j.2 - Δu + Ru = 0` where `j = (u, -Δu + Ru)`. So `j.2` is `-Δu + Ru`. The goal becomes `-(-Δu + Ru) - Δu + Ru = 0`. No `-1 •` should appear... but the error showed `-1 • D.laplacian u + (D.scalarMul u + -1 • (-1 • D.laplacian u + D.scalarMul u)) = 0`. That's from `j.2 = -1 • Δu + Ru`? Hmm, `-D.laplacian u + D.scalarMul u` was parsed as `(-1) • Δu + Ru` after `rw`. The `-` on a module element elaborates to `Neg.neg` or `(-1) •`? It shows `-1 •`. So `simp only [neg_one_smul]` then `abel` should work. Actually, maybe `neg_eq_neg_one_smul` etc. Let me use `module` tactic? There's a `module` tactic for module equalities. Or use `abel_nf` with the right setup. Let me try `simp only [neg_one_smul]` then `abel`.

Hmm, actually the issue might be that `j.2` is not syntactically `-Δu + Ru` but `-1 • Δu + Ru`, and after substitution the goal is as shown; `abel` should handle `-1 •` if it knows `-1 • x = -x`; the suggestion was `abel_nf`. `abel_nf` failed with "ring_nf made no progress"? That's odd. Let me just do:
```lean
  rw [IsConjugateHeatJet, D.backwardHeat_apply]
  simp only [neg_one_smul]
  abel
```

4. `volumeVariation_eq_boundaryForm_of_heat_and_conjugate`: `h` after rw/simp is `0 k.1 - 0 = vol - bdry`? The error says `Eq.symm h` has type `D.volumeVariation j k - D.boundaryForm j.1 k.1 = 0 k.1 - 0`. So `simp only [map_zero]` turned `D.pairing 0 k.1` into `0 k.1`? Hmm, `D.pairing 0` is a linear map, and `D.pairing 0 k.1`; `map_zero` gives `D.pairing 0 = 0`, then `0 k.1` should simplify via `LinearMap.zero_apply` to `0`. But it shows `0 k.1`. Maybe `map_zero` rewrote `D.pairing 0` to `0` but the application `0 k.1` isn't simplified because `ZeroHom`? Add `LinearMap.zero_apply` to the simp set, or `simp` (full) instead of `simp only [map_zero]`. Let me use `simp only [map_zero, LinearMap.zero_apply, sub_zero]` at h. Then `h : 0 = vol - bdry`, and `sub_eq_zero.mp h.symm` works.

Actually, simpler: 
```lean
  have h := D.formal_adjoint j k
  rw [hj, hk] at h
  simp at h
  exact sub_eq_zero.mp h.symm
```
Full `simp` should close `D.pairing 0 k.1` to 0. Let me use that.

Let me apply these fixes.
dsh: reasoning:
`Basic.lean` compiles (exit 0). Warnings only. Let me clean up the warnings later or now:
- Lines 147-148: unused variable `j` in `forwardHeatLM_apply`/`backwardHeatLM_apply`. The binder `(j : Jet F)` — I can rename to `_j`? But the statement uses `j` in the conclusion. The warning is about the variable not being *explicitly referenced* in the proof (rfl). This is the `linter.unusedVariables` complaining about the proof term. I can add `set_option linter.unusedVariables false` at the top, or write the theorem differently. Let me add the linter option.
- `neg_one_smul` unused in `isConjugateHeatJet_self` — remove it.

Let me fix these minor warnings.

Then build Basic olean and move to Instance.lean.
dsh: reasoning:
Now write `Instance.lean`: the concrete finite weighted-graph instance of `MetricFlowInterface` and `ConjugateHeatData`.

The concrete interface:
```lean
noncomputable def metricFlowInterface (D : DivergenceData V E) (w : E → ℝ) (m R massDeriv : V → ℝ)
    (hm : ∀ x, m x ≠ 0) (hmassDeriv : ∀ x, massDeriv x = -R x * m x) (S : Finset V) :
    MetricFlowInterface (V → ℝ) where
  pairing := pairingLM m
  laplacian := laplaceBeltrami D w m
  scalarMul := scalarMulLM R
  boundaryForm := fun u v => boundaryForm D w S u v
  volumeVariation := fun j k => ∑ x, massDeriv x * j.1 x * k.1 x
      + (∑ x, m x * j.2 x * k.1 x) + (∑ x, m x * j.1 x * k.2 x)
  volumeVariation_apply := ...
  pairing_symm := ...
  laplacian_ibp := ...
  scalarMul_selfAdjoint := ...
  boundaryForm_antisymm := ...
```

`volumeVariation_apply`:
Goal: `∑ massDeriv * j₁ * k₁ + ∑ m * j₂ * k₁ + ∑ m * j₁ * k₂
      = pairingLM m j.2 k.1 + pairingLM m j.1 k.2 - pairingLM m (scalarMulLM R j.1) k.1`.
Unfold `pairingLM`, `scalarMulLM` via simp lemmas:
- `pairingLM_apply`, `scalarMulLM_apply`.
Then the RHS is `∑ m * j₂ * k₁ + ∑ m * j₁ * k₂ - ∑ m * (R * j₁) * k₁`.
LHS first sum: `∑ massDeriv * j₁ * k₁`. With `hmassDeriv x : massDeriv x = -R x * m x`, rewrite to `∑ (-R x * m x) * j₁ x * k₁ x`, and show it equals `-∑ m x * (R x * j₁ x) * k₁ x`. Then `ring`/`linarith` over ℝ after treating sums as atoms? Better:
```lean
  volumeVariation_apply := fun j k => by
    simp only [pairingLM_apply, scalarMulLM_apply]
    have hterm : ∀ x : V, massDeriv x * j.1 x * k.1 x = -(m x * (R x * j.1 x) * k.1 x) := by
      intro x
      rw [hmassDeriv x]
      ring
    rw [Finset.sum_congr rfl (fun x _ => hterm x), Finset.sum_neg_distrib]
    ring
```
Check: after `simp only [pairingLM_apply, scalarMulLM_apply]`, LHS is `(∑ x, massDeriv x * j.1 x * k.1 x) + (∑ x, m x * j.2 x * k.1 x) + ∑ x, m x * j.1 x * k.2 x`. RHS is `(∑ x, m x * j.2 x * k.1 x) + (∑ x, m x * j.1 x * k.2 x) - ∑ x, m x * (R x * j.1 x) * k.1 x`. Then `rw [sum_congr..., sum_neg_distrib]` transforms LHS first sum to `-∑ m*(R*j₁)*k₁`. Then `ring` closes with sums as atoms. 

Hmm, wait: `pairingLM m j.2 k.1` unfolds to `∑ x, m x * j.2 x * k.1 x` — but `j.2` is `Jet.deriv`? `j.2 : V → ℝ`, so `(j.2) x`. Good.

`pairing_symm`: `pairingLM m u v = pairingLM m v u` — use `pairingLM_symm`.

`laplacian_ibp`: `pairingLM m (laplaceBeltrami D w m u) v - pairingLM m u (laplaceBeltrami D w m v) = boundaryForm D w S u v`. 
Note `pairingLM m u v = pairingOn m univ u v` (by `pairingOn_univ`). And `green_second D w m hm S u v` gives `pairingOn m S (lap u) v - pairingOn m S (lap v) u = boundaryForm`. But that's over S, while `pairingLM` is over univ! Mismatch. The interface's `pairing` should be the *global* pairing (over the whole function space), while the IBP boundary form for a region S. Hmm. The abstract formal adjointness uses the same pairing for both. If I instantiate with S ≠ univ, the Laplacian's IBP is w.r.t. the region pairing `pairingOn m S`, not the global pairing `pairingLM m`.

So the concrete interface should use the region pairing: `pairing := fun u => (pairingOn m S) u ...` as a bilinear form. Is `pairingOn m S` bilinear? Yes, and it's the restriction of `pairingLM` to S. I need a LinearMap for `pairingOn m S`:
```lean
noncomputable def pairingOnLM (m : V → ℝ) (S : Finset V) : (V → ℝ) →ₗ[ℝ] (V → ℝ) →ₗ[ℝ] ℝ :=
  (pairingLM m).compl₁₂? 
```
Simplest: build with `mk₂` using `∑ x ∈ S, ...`:
```lean
def pairingOnLM (m : V → ℝ) (S : Finset V) : (V → ℝ) →ₗ[ℝ] (V → ℝ) →ₗ[ℝ] ℝ :=
  LinearMap.mk₂ ℝ (fun u v => ∑ x ∈ S, m x * u x * v x) ...same proofs but with sum over S...
```
Or define it as `(pairingLM m).comp (LinearMap.id) (??)` — restriction to S isn't a composition on the function space. Alternatively, note that `pairingOn m S u v = pairingLM (fun x => if x ∈ S then m x else 0) u v`. Indeed `∑ x, (if x ∈ S then m x else 0) * u x * v x = ∑ x ∈ S, m x * u x * v x`. So define:
```lean
def massOn (m : V → ℝ) (S : Finset V) : V → ℝ := fun x => if x ∈ S then m x else 0
def pairingOnLM (m : V → ℝ) (S : Finset V) : (V → ℝ) →ₗ[ℝ] (V → ℝ) →ₗ[ℝ] ℝ :=
  pairingLM (massOn m S)
```
Then `pairingOnLM_apply : pairingOnLM m S u v = ∑ x ∈ S, m x * u x * v x` by `simp [pairingOnLM, massOn, Finset.sum_filter]`? Let me see: `pairingLM (massOn m S) u v = ∑ x, (if x ∈ S then m x else 0) * u x * v x`. Rewrite to `∑ x ∈ S, m x * u x * v x` using `Finset.sum_filter` and pointwise `if` handling. Proof:
```lean
theorem pairingOnLM_apply (m) (S) (u v) :
    pairingOnLM m S u v = ∑ x ∈ S, m x * u x * v x := by
  simp only [pairingOnLM, pairingLM_apply, massOn]
  rw [← Finset.sum_filter]
  refine Finset.sum_congr rfl (fun x _ => ?_)
  by_cases h : x ∈ S <;> simp [h]
```
`Finset.sum_filter : ∑ x ∈ s.filter p, f x = ∑ x ∈ s, if p x then f x else 0`. Our sum is `∑ x, (if x ∈ S then m x else 0) * u x * v x`. We want `∑ x ∈ S, m x * u x * v x` = `∑ x ∈ univ.filter (fun x => x ∈ S), m x * u x * v x`. `rw [← Finset.sum_filter]` rewrites RHS to `∑ x, if x ∈ S then m x * u x * v x else 0`. Then sum_congr: `(if h then m x else 0) * u x * v x = if h then m x * u x * v x else 0`. `by_cases h <;> simp [h]`. Good.

Then the concrete interface uses `pairingOnLM m S` and the boundary form from `green_second`:
`laplacian_ibp := fun u v => by rw [pairingOnLM_apply, pairingOnLM_apply]; exact green_second D w m hm S u v`.
Note `green_second` statement: `pairingOn m S (lap u) v - pairingOn m S (lap v) u = boundaryForm`. And `pairingOn` is the plain def. `pairingOnLM_apply m S (lap u) v` gives `∑ x ∈ S, m x * lap u x * v x` which is definitionally `pairingOn m S (lap u) v`? `pairingOn` is defined as `∑ x ∈ S, m x * u x * v x`. Yes, defeq. So `simpa [pairingOn] using green_second ...`.

`scalarMul_selfAdjoint`: `pairingOnLM m S (scalarMulLM R u) v = pairingOnLM m S u (scalarMulLM R v)`. Prove:
```lean
  scalarMul_selfAdjoint := fun u v => by
    rw [pairingOnLM_apply, pairingOnLM_apply]
    refine Finset.sum_congr rfl (fun x _ => ?_)
    simp only [scalarMulLM_apply]
    ring
```

`boundaryForm_antisymm`: `boundaryForm D w S v u = -boundaryForm D w S u v` — use `boundaryForm_antisymm`.

`pairing_symm`: `pairingOnLM m S u v = pairingOnLM m S v u` — via `pairingOnLM_apply` + sum_congr + ring. Or use `pairingLM_symm (massOn m S)`:
```lean
  pairing_symm := fun u v => pairingLM_symm (massOn m S) u v
```
Since `pairingOnLM m S = pairingLM (massOn m S)`. Good.

Then:
```lean
noncomputable def conjugateHeatData (D : DivergenceData V E) (w : E → ℝ) (m R massDeriv : V → ℝ)
    (hm : ∀ x, m x ≠ 0) (hmassDeriv : ∀ x, massDeriv x = -R x * m x) (S : Finset V) :
    ConjugateHeatData (V → ℝ) :=
  ConjugateHeatData.ofInterface (metricFlowInterface D w m R massDeriv hm hmassDeriv S)
```

Then a bridge lemma: the formal adjointness theorem instantiated:
```lean
theorem conjugateHeatData_formal_adjoint ... := (conjugateHeatData ...).formal_adjoint j k
```
Not needed; the theorem is generic.

Also, maybe define the forward/backward heat operators concretely to show the pinning equations hold (ofInterface uses rfl). Fine.

One issue: `MetricFlowInterface` has `boundaryForm : F → F → ℝ` as a plain function; the concrete uses `boundaryForm D w S` (the Laplacian one). Name clash: `Poincare.D7.ConjugateHeat.boundaryForm` (the graph one) vs the field `MetricFlowInterface.boundaryForm`. Inside the structure literal, `boundaryForm := fun u v => boundaryForm D w S u v` — the RHS `boundaryForm` refers to the namespace-level def since the structure field name doesn't shadow at expression level? Actually inside the structure literal, field names are just labels, so `boundaryForm D w S u v` resolves to the namespace def. But there might be ambiguity because `boundaryForm` is also a projection `MetricFlowInterface.boundaryForm`; the namespace def is `Poincare.D7.ConjugateHeat.boundaryForm` in the same namespace, so unqualified `boundaryForm` should resolve to it. OK.

Also `massDeriv` parameter: should we require `massDeriv` explicitly or define it as `-R * m`? The interface's volume variation is `∑ massDeriv * j₁ * k₁ + ...`; the relation `massDeriv = -R m` is the metric-flow content. Passing `massDeriv` with the proof is good. Alternatively, define `volumeVariation` using `-R*m` directly and prove `volumeVariation_apply` — that's simpler (no extra parameter):
```lean
  volumeVariation := fun j k =>
    (∑ x, (-(R x * m x)) * j.1 x * k.1 x) + (∑ x, m x * j.2 x * k.1 x)
      + (∑ x, m x * j.1 x * k.2 x)
```
Then the proof uses `massDeriv := -R*m` definitionally. This avoids a parameter and its proof. But including `massDeriv` with the relation explicitly states the metric-flow hypothesis. Hmm, the interface field `volumeVariation_apply` already states the relation. Let me include `massDeriv` and the hypothesis for clarity: "the logarithmic derivative of the volume density is minus the scalar curvature". It's more faithful to "over a stated metric-flow interface".

Actually, to reduce parameters and proof burden, I could define:
```lean
noncomputable def metricFlowInterface (D) (w) (m R : V → ℝ) (hm : ∀ x, m x ≠ 0) (S : Finset V) : MetricFlowInterface (V → ℝ) where
  ...
  volumeVariation := fun j k => ...
  volumeVariation_apply := ...
```
with `volumeVariation` using `-R*m` directly. The Ricci-flow relation is then built into the definition, and `volumeVariation_apply` proves the stated formula. This is fine and cleaner. Let me do that. I'll add a comment that `∂_t m = -R m` is used.

Let me write Instance.lean.

Also, I should double check `ConjugateHeatData.ofInterface` works with the concrete `MetricFlowInterface`: it uses `forwardHeatLM I`/`backwardHeatLM I` and rfl proofs. Good.

Let me also add concrete versions of the heat operators to Instance:
```lean
theorem conjugateHeatData_forwardHeat_apply ... := (conjugateHeatData ...).forwardHeat_apply
```
Not needed.

Additionally, a nice bridge: the concrete `volumeVariation` equals the mass-derivative formula. Already the proof.

Let me write the file.
dsh: reasoning:
I need to build Basic.lean olean first, then compile Instance.lean. Let me build Basic and then compile Instance.
dsh: reasoning:
The `lake build` re-checked Basic.lean and failed at `isConjugateHeatJet_self`? The error shows the same goal `-1 • D.laplacian u + ... = 0`. But `lake env lean` said EXIT=0 earlier! Why does `lake build` fail? Because `lake build` uses different options? Hmm — maybe `lake env lean` compiles without the `linter` but the build uses `lean` with different settings? No, the error is a proof failure, not a warning.

Wait, earlier I ran `lake env lean Basic.lean` and it exited 0 with warnings. Then I edited the file (removed `simp only [neg_one_smul]`, changed `abel_nf` to `abel`), and now `lake build` fails at that proof. So my last edit broke it: `rw [IsConjugateHeatJet, D.backwardHeat_apply]; abel` fails because of the `-1 •` representation. `abel` alone doesn't handle `-1 •`; the earlier version with `simp only [neg_one_smul]; abel` had `neg_one_smul` unused (meaning `simp only` already normalized it), and then `abel` worked? Actually the earlier EXIT=0 run had `simp only [neg_one_smul]` present (warning: unused simp argument) and `abel` — so the proof worked, just the simp arg was unused. After removing the simp line, `abel` fails. So `simp only []` (with no args) was doing the normalization? No: the warning said `neg_one_smul` unused, meaning `simp only [neg_one_smul]` didn't use that lemma but `simp only` itself (with the `[]`-like behavior after filtering) normalized the goal? Hmm, `simp only [neg_one_smul]` performs simplification with just that lemma; if unused, the goal unchanged. Then `abel` succeeded in that run. But now `abel` fails? That doesn't make sense unless the goal differs.

Wait, looking at the current error: the goal is `-1 • D.laplacian u + (D.scalarMul u + -1 • (-1 • D.laplacian u + D.scalarMul u)) = 0`. In the successful `lake env lean` run, the warning said `neg_one_smul` unused and EXIT=0, so `abel` closed it after `simp only [neg_one_smul]`. Then I removed the simp line, leaving `abel`, which now fails. But `simp only [neg_one_smul]` was reported unused... Confusing. Maybe the linter message "unused simp argument" refers to `neg_one_smul` not being used because `simp only` with it still applies `dsimp`-like reduction? No.

Actually, maybe the difference: `abel` succeeds only when there are no scalar `•`; `simp only [neg_one_smul]` may rewrite `-1 • x` to `-x` via `neg_one_smul`, and the linter considers it unused because the simp set automatically includes `neg_one_smul` as a `simp` lemma regardless (it's `@[simp]`), so passing it explicitly is redundant — the linter flags explicitly-listed lemmas that are already simp lemmas as "unused" (because `simp only` deduplicates?). Hmm, "unused simp argument" typically means the lemma wasn't used. But `simp only` still uses default `dsimp`? No.

Let me just restore `simp only [neg_one_smul]` before `abel`, or use a more robust proof:
```lean
  rw [IsConjugateHeatJet, D.backwardHeat_apply]
  simp only [neg_one_smul]
  abel
```
and accept the warning (or add `set_option linter.unusedSimpArgs false`). Alternatively, prove it via the `iff` lemma:
```lean
  rw [D.isConjugateHeatJet_iff]
  abel
```
Wait, `D.isConjugateHeatJet_iff (u, -Δu + Ru)` gives `IsConjugateHeatJet j ↔ j.2 = -Δu + Ru`; for our jet, `j.2 = -Δu + Ru` is true. So:
```lean
theorem isConjugateHeatJet_self (D) (u : F) :
    D.IsConjugateHeatJet (u, -D.laplacian u + D.scalarMul u) :=
  (D.isConjugateHeatJet_iff _).mpr rfl
```
That's clean! Similarly `isHeatJet_self`:
```lean
theorem isHeatJet_self (D) (u : F) : D.IsHeatJet (u, D.laplacian u) :=
  (D.isHeatJet_iff _).mpr rfl
```
Let me use that. Much cleaner and avoids the abel issue.

Also, the `lake build` of Basic failed, so no olean was produced. Let me fix and rebuild.

Also note: `lake build` produced the failure at the same proof but the file compiled via `lake env lean` earlier — because my edit after that run removed the simp line. Right.

Let me apply.
dsh: reasoning:
Wait, I used `(D.isConjugateHeatJet_iff _).mpr rfl`. The iff states `D.IsConjugateHeatJet j ↔ j.2 = -D.laplacian j.1 + D.scalarMul j.1`. For `j = (u, -D.laplacian u + D.scalarMul u)`, `j.1 = u`, `j.2 = -D.laplacian u + D.scalarMul u`. So the RHS is `-D.laplacian u + D.scalarMul u = -D.laplacian u + D.scalarMul u`, which `rfl` proves. Good.

Now rebuild Basic and compile Instance.
dsh: reasoning:
`Unknown identifier rfl_nf` at line 198. That's because `(D.isConjugateHeatJet_iff _).mpr rfl` — the `_` placeholder may be causing elaboration issues? Actually "rfl_nf" is a strange identifier — it looks like the parser parsed `rfl` followed by `_nf`? Hmm, "Unknown identifier `rfl_nf`". Perhaps the `_` in `(D.isConjugateHeatJet_iff _).mpr rfl` is fine, but the `rfl` term in the `.mpr` position... no. Let me look at line 198.

Actually, the previous line probably ends with `rfl` and the next line begins with something. The error "Unknown identifier `rfl_nf`" suggests tokenization: `rfl_nf` — maybe I wrote `rfl` at the end of a line and `_nf`? No. Let me read lines 190-205.
dsh: reasoning:
Line 198 has `rfl_nf` — a typo from my edit (I must have accidentally typed `rfl_nf`). Let me fix to `rfl`.
dsh: reasoning:
Errors in Instance.lean:

1. `pairingOnLM_apply`: `rw [← Finset.sum_filter]` didn't match because the target has `(if x ∈ S then m x else 0) * u x * v x` (the if is nested in the product) rather than `if p x then f x else 0` at the top. I need to first push the ite out: `(if p then m x else 0) * u x * v x = if p then m x * u x * v x else 0`. Use `by_cases`/`simp`. Let me restructure:
```lean
theorem pairingOnLM_apply ... := by
  simp only [pairingOnLM, pairingLM_apply, massOn]
  rw [show (∑ x, (if x ∈ S then m x else 0) * u x * v x)
      = ∑ x, (if x ∈ S then m x * u x * v x else 0) from
    Finset.sum_congr rfl (fun x _ => by by_cases h : x ∈ S <;> simp [h])]
  rw [← Finset.sum_filter]
```
`Finset.sum_filter` expects `∑ x ∈ univ.filter p, f x = ∑ x ∈ univ, if p x then f x else 0`; `rw [← Finset.sum_filter]` on `∑ x, (if x ∈ S then m x * u x * v x else 0)` gives `∑ x ∈ univ.filter (fun x => x ∈ S), m x * u x * v x`. The filter `univ.filter (fun x => x ∈ S)` is not syntactically `S`, but `simp` can turn it into `S`. Hmm, `Finset.filter_mem_eq_inter`/`Finset.filter_true_of_mem`. There's `Finset.filter_mem_univ_eq_self`? Let me instead prove the reverse: `∑ x ∈ S, f x = ∑ x, if x ∈ S then f x else 0` via `Finset.sum_filter`? `Finset.sum_filter` with `s := univ`, `p := fun x => x ∈ S`: `∑ x ∈ univ.filter (fun x => x ∈ S), f x = ∑ x ∈ univ, if x ∈ S then f x else 0`. The LHS `univ.filter (fun x => x ∈ S)` = `S`? There's a simp lemma `Finset.filter_mem_univ_eq_self`? Actually `Finset.filter (fun x => x ∈ s) univ = s` — maybe `Finset.filter_mem_univ_eq_self` or just `by ext x; simp`. Let me avoid this entirely by using `Finset.sum_filter` in the direction that keeps S:
```lean
  rw [← Finset.sum_filter (s := S) (p := fun x => True) ...]? 
```
No. Alternative: prove `pairingOnLM m S u v = pairingOn m S u v` directly using the `Finset.sum_filter` lemma differently. Actually the cleanest: define `pairingOnLM` not via `massOn`/`pairingLM`, but directly with `LinearMap.mk₂` on `∑ x ∈ S`. That's a bit more code but avoids the filter rewriting. Or use `pairingLM` and prove the apply lemma via `Finset.sum_congr` over `S`:

Claim: `∑ x, (if x ∈ S then m x else 0) * u x * v x = ∑ x ∈ S, m x * u x * v x`.
Rewrite LHS to `∑ x, if x ∈ S then m x * u x * v x else 0` (as above). Then use the `Finset.sum_filter` lemma in reverse but simplify the filter:
```lean
  rw [Finset.sum_filter]  -- this rewrites the RHS? no
```
Let me use a calc:
```lean
  calc ∑ x, (if x ∈ S then m x else 0) * u x * v x
      = ∑ x, (if x ∈ S then m x * u x * v x else 0) := by
        exact Finset.sum_congr rfl (fun x _ => by by_cases h : x ∈ S <;> simp [h])
    _ = ∑ x ∈ (Finset.univ : Finset V).filter (fun x => x ∈ S), m x * u x * v x := by
        rw [Finset.sum_filter]
    _ = ∑ x ∈ S, m x * u x * v x := by
        congr 1
        ext x
        simp
```
`Finset.sum_filter` direction: `∑ x ∈ s.filter p, f x = ∑ x ∈ s, if p x then f x else 0`. So to go from `∑ x, if ...` to `∑ x ∈ filter`, I need `rw [← Finset.sum_filter]` on the second line. Then the filter `univ.filter (fun x => x ∈ S)` needs to become `S`: `congr 1; ext x; simp`. Good. Let me write:
```lean
    _ = ∑ x ∈ S, m x * u x * v x := by
        congr 1
        ext x
        simp
```

2. `volumeVariation_apply`: after `simp only [pairingOnLM_apply, ...]`, the RHS has `∑ x ∈ S` while LHS has `∑ x` (univ). The `pairingOnLM_apply` rewrites `pairingOnLM m S j.2 k.1` to `∑ x ∈ S, ...`, but the LHS `volumeVariation` uses `∑ x` (univ). So the identity as stated is false unless S = univ! Indeed, the volume variation should be computed with the same pairing over S. Since the pairing is over the region S, the volume variation should also be over S:
`volumeVariation := (∑ x ∈ S, (-R x * m x) * j.1 x * k.1 x) + (∑ x ∈ S, m x * j.2 x * k.1 x) + (∑ x ∈ S, m x * j.1 x * k.2 x)`.
That makes the proof work with the same sums. Let me change `volumeVariation` to sums over S. Then the hterm rewrite and ring close.

3. `laplacian_ibp`: `green_second` has `pairingOn m S (lap v) u` = `∑ x ∈ S, m x * (lap v) x * u x`, while our goal from `pairingOnLM_apply` is `∑ x ∈ S, m x * u x * (lap v) x`. The difference is commutativity of the product: `m x * (lap v) x * u x` vs `m x * u x * (lap v) x`. Need to commute. Use `pairingOn_comm` or rearrange. In the proof:
```lean
  laplacian_ibp := by
    intro u v
    rw [pairingOnLM_apply, pairingOnLM_apply]
    have h := green_second D w m hm S u v
    -- h : pairingOn m S (lap u) v - pairingOn m S (lap v) u = boundaryForm
    rw [pairingOn] at h  -- maybe unfold
    -- need to match terms; use `pairingOn_comm` for the second term
    ...
```
Simplest: rewrite the goal's second term using `pairingOn_comm`: 
`∑ x ∈ S, m x * u x * (lap v) x = ∑ x ∈ S, m x * (lap v) x * u x` by sum_congr + ring. Then `simpa [pairingOn] using green_second ...`.
```lean
  laplacian_ibp := by
    intro u v
    rw [pairingOnLM_apply, pairingOnLM_apply]
    have hsymm : (∑ x ∈ S, m x * u x * laplaceBeltrami D w m v x)
        = ∑ x ∈ S, m x * laplaceBeltrami D w m v x * u x :=
      Finset.sum_congr rfl (fun x _ => by ring)
    rw [hsymm]
    simpa [pairingOn] using green_second D w m hm S u v
```

4. `boundaryForm_antisymm`: the field expects `boundaryForm v u = -boundaryForm u v` for the *interface's* boundaryForm function `fun u v => boundaryForm D w S u v`. The lemma `boundaryForm_antisymm D w S v u` has type `boundaryForm D w S u v = -boundaryForm D w S v u` (since the lemma statement is `boundaryForm D w S v u = -boundaryForm D w S u v` with v u substituted). Let me check: the lemma is
```
theorem boundaryForm_antisymm (D) (w) (S) (u v) : boundaryForm D w S v u = -boundaryForm D w S u v
```
The interface field wants `boundaryForm v u = -boundaryForm u v` where `boundaryForm := fun u v => boundaryForm D w S u v`. So we need `boundaryForm D w S v u = -boundaryForm D w S u v` — exactly the lemma with its own `u := u, v := v`. So `boundaryForm_antisymm D w S u v` (not `v u`). I mistakenly wrote `v u`. Fix.

Let me apply these fixes.
dsh: reasoning:
Instance.lean compiles. Now `Slab.lean`: the discrete conjugate-heat slab monotonicity toy.

Design:
```lean
import Poincare.D7.ConjugateHeat.Instance
import Poincare.D7.Divergence.Slab  -- for sum_telescope

namespace Poincare.D7.ConjugateHeat

/-- Energy: mass-weighted L² energy of a field. -/
def energy (m : V → ℝ) (u : V → ℝ) : ℝ := ∑ x, m x * u x ^ 2

/-- The conjugate-heat step with scalar-curvature term: u⁺ = u + R•u - Δu. -/
def conjugateHeatStep (D) (w) (m R : V → ℝ) (u : V → ℝ) : V → ℝ :=
  u + scalarMulLM R u - laplaceBeltrami D w m u

/-- One-step energy monotonicity. -/
theorem energy_le_energy_conjugateHeatStep (D) (w) (m R : V → ℝ)
    (hm : ∀ x, 0 < m x) (hw : ∀ e, 0 ≤ w e) (hR : ∀ x, 0 ≤ R x) (u : V → ℝ) :
    energy m u ≤ energy m (conjugateHeatStep D w m R u) := by
  ...
```

Proof plan:
Let `X := scalarMulLM R u - laplaceBeltrami D w m u`, so `step u = u + X`.
`energy m (step u) = ∑ x, m x * (u x + X x)^2 = ∑ x, (m x * u x^2 + 2 * (m x * u x * X x) + m x * X x^2)`.
So `energy (step u) - energy u = 2 * (∑ x, m x * u x * X x) + ∑ x, m x * X x^2`.
Then:
- `P := ∑ x, m x * u x * X x = ∑ x, m x * u x * (R x * u x) - ∑ x, m x * u x * Δu x` (linearity).
- `∑ x, m x * u x * (R x * u x) = ∑ x, m x * R x * u x^2 ≥ 0` (since m>0, R≥0, square ≥0).
- `∑ x, m x * u x * Δu x = -dirichletForm D w univ u u` (from `green_first` with S=univ and boundary 0: `pairingOn m univ (Δu) u = -dirichlet + 0`; and `pairingOn m univ u (Δu) = pairingOn m univ (Δu) u` by symmetry). Need the pairing to be `pairingOn m univ u (Δu) = ∑ x, m x * u x * Δu x`. So `∑ x, m x * u x * Δu x = -dirichletForm D w univ u u`, hence `-∑ x, m x * u x * Δu x = dirichletForm ... ≥ 0`.
- `∑ x, m x * X x^2 ≥ 0` since m > 0 and square ≥ 0.

Then combine with `linarith` (over ℝ). But the sums are atoms; `linarith` can handle linear arithmetic with atoms. Let me define:
```lean
  have hdecomp : energy m (conjugateHeatStep D w m R u)
      = energy m u + 2 * (∑ x, m x * u x * X x) + ∑ x, m x * X x ^ 2 := by
    simp only [energy, conjugateHeatStep]
    rw [← Finset.sum_add_distrib, ← Finset.sum_add_distrib]  -- maybe
    refine Finset.sum_congr rfl (fun x _ => ?_)
    ring
```
Hmm, the LHS `∑ x, m x * (u + X) x ^ 2`; `(u + X) x = u x + X x` via `Pi.add_apply`. Actually `conjugateHeatStep D w m R u = u + scalarMulLM R u - laplaceBeltrami D w m u`; define `X` as that difference. Then `(u + X) x = u x + X x`. In the sum, after `simp only [conjugateHeatStep, Pi.add_apply, Pi.sub_apply]`, the expression is `m x * (u x + (R x * u x - lap u x))^2`. The decomposition with `X x = R x * u x - lap u x` should match. Let me define `X : V → ℝ := fun x => R x * u x - laplaceBeltrami D w m u x`, and `conjugateHeatStep ... u = u + X` by `rfl`/`funext`. Then:
```lean
  have hstep : conjugateHeatStep D w m R u = u + X := rfl
```
If `X` is defined exactly as the expression, `rfl` might work (pointwise add/sub). Let me define `X` and use `change`/`rfl`.

Then:
```lean
  have hdecomp : energy m (conjugateHeatStep D w m R u)
      = energy m u + 2 * (∑ x, m x * u x * X x) + ∑ x, m x * X x ^ 2 := by
    rw [show conjugateHeatStep D w m R u = u + X from rfl]
    simp only [energy, Pi.add_apply]
    rw [← Finset.sum_add_distrib, ← Finset.sum_add_distrib]
    refine Finset.sum_congr rfl (fun x _ => ?_)
    ring
```
Hmm, the RHS after `simp only [energy]` is `∑ x, m x * u x ^ 2 + 2 * (∑ x, m x * u x * X x) + ∑ x, m x * X x ^ 2`. Rewriting with `← Finset.sum_add_distrib` twice: first `∑ A + ∑ B`? The expression is `(∑ A + 2 * ∑ B) + ∑ C`. The `2 * ∑ B` needs `Finset.mul_sum` to become `∑ x, 2 * (m x * u x * X x)`. Let me handle:
```lean
    rw [Finset.mul_sum]
    rw [← Finset.sum_add_distrib, ← Finset.sum_add_distrib]
    refine Finset.sum_congr rfl (fun x _ => ?_)
    ring
```
After `rw [Finset.mul_sum]`: `2 * ∑ x, f x = ∑ x, 2 * f x`. Then the LHS `∑ x, m x * (u x + X x)^2` and RHS `∑ x, m x * u x^2 + ∑ x, 2 * (m x * u x * X x) + ∑ x, m x * X x^2`. `rw [← Finset.sum_add_distrib]` rewrites the last two sums? It matches `∑ f + ∑ g` patterns anywhere: first it might rewrite `∑ (2*f) + ∑ g` into `∑ (2*f + g)`, then `∑ A + ∑ (2f+g)` into `∑ (A + (2f+g))`. Order might differ. Then `Finset.sum_congr` + ring. Let me use `simp only [Finset.sum_add_distrib]` in reverse via `←` and hope. Alternatively, prove pointwise and use `Finset.sum_congr`:
```lean
    have hpt : ∀ x : V, m x * (u x + X x) ^ 2
        = m x * u x ^ 2 + 2 * (m x * u x * X x) + m x * X x ^ 2 := by
      intro x; ring
    rw [show (∑ x, m x * (u x + X x) ^ 2)
        = ∑ x, (m x * u x ^ 2 + 2 * (m x * u x * X x) + m x * X x ^ 2) from
      Finset.sum_congr rfl (fun x _ => hpt x)]
    rw [Finset.sum_add_distrib, Finset.sum_add_distrib, Finset.mul_sum]
    ring
```
Wait, `∑ x, (A + B + C)` → `Finset.sum_add_distrib` gives `∑ (A+B) + ∑ C`? It rewrites `∑ (f + g) = ∑ f + ∑ g`, matching `(A + B) + C` as `f = A+B, g = C`, giving `∑ (A+B) + ∑ C`; then rewrite again `∑ (A+B) = ∑ A + ∑ B`. `rw [Finset.sum_add_distrib, Finset.sum_add_distrib]` should do both. Then `Finset.mul_sum` for `2 * ∑ x, ...`. Then `ring`. Good.

Then:
```lean
  have hP : 0 ≤ ∑ x, m x * u x * X x := by
    have hexp : ∑ x, m x * u x * X x
        = (∑ x, m x * R x * u x ^ 2) - ∑ x, m x * u x * laplaceBeltrami D w m u x := by
      simp only [X]
      rw [← Finset.sum_sub_distrib]
      refine Finset.sum_congr rfl (fun x _ => ?_)
      ring
    rw [hexp]
    have hA : 0 ≤ ∑ x, m x * R x * u x ^ 2 := by
      refine Finset.sum_nonneg (fun x _ => ?_)
      have h1 : 0 ≤ m x * R x := mul_nonneg (le_of_lt (hm x)) (hR x)
      calc (0:ℝ) ≤ (m x * R x) * (u x * u x) := mul_nonneg h1 (mul_self_nonneg _)
        _ = m x * R x * u x ^ 2 := by ring
    have hB : ∑ x, m x * u x * laplaceBeltrami D w m u x
        = -dirichletForm D w Finset.univ u u := by
      -- pairingOn m univ (Δu) u = -dirichlet + boundaryPair univ = -dirichlet
      have hg := green_first D w m (fun x => ne_of_gt (hm x)) Finset.univ u u
      -- hg : pairingOn m univ (lap u) u = -dirichlet + boundaryPair univ u u
      rw [boundaryPair_univ] at hg
      -- pairingOn m univ (lap u) u = -dirichlet + 0
      have hsymm : pairingOn m Finset.univ (laplaceBeltrami D w m u) u
          = ∑ x, m x * u x * laplaceBeltrami D w m u x := by
        simp only [pairingOn]
        exact Finset.sum_congr rfl (fun x _ => by ring)
      rw [hsymm] at hg
      linarith
    rw [hB]
    have hE : 0 ≤ dirichletForm D w Finset.univ u u :=
      dirichletForm_nonneg D w Finset.univ u hw
    linarith
  have hQ : 0 ≤ ∑ x, m x * X x ^ 2 := by
    refine Finset.sum_nonneg (fun x _ => mul_nonneg (le_of_lt (hm x)) (sq_nonneg _))
  have h := hdecomp
  linarith
```
Careful with `green_first`'s `hm : ∀ x, m x ≠ 0` — I have `hm : ∀ x, 0 < m x`; pass `fun x => ne_of_gt (hm x)`.

Also `hB`: `green_first` gives `pairingOn m univ (lap u) u = -dirichlet + boundaryPair`. `boundaryPair_univ` gives `boundaryPair D w univ u u = 0`. Then `pairingOn m univ (lap u) u = -dirichlet`. We need `∑ x, m x * u x * lap u x = -dirichlet`, and by symmetry `∑ x, m x * u x * lap u x = pairingOn m univ (lap u) u`. Good.

Then the slab global theorem via telescoping:
```lean
theorem energy_mono_slab {n : ℕ} (D) (w) (m R) (hm) (hw) (hR) (u : Fin (n+1) → V → ℝ)
    (hstep : ∀ k : Fin n, u k.succ = conjugateHeatStep D w m R (u k.castSucc)) :
    energy m (u 0) ≤ energy m (u (Fin.last n)) := by
  have htelescope := Poincare.D7.Divergence.sum_telescope (fun k => energy m (u k))
  have hnonneg : 0 ≤ ∑ k : Fin n, (energy m (u k.succ) - energy m (u k.castSucc)) := by
    refine Finset.sum_nonneg (fun k _ => ?_)
    rw [hstep k]
    exact sub_nonneg.mpr (energy_le_energy_conjugateHeatStep D w m R hm hw hR (u k.castSucc))
  linarith
```
`sum_telescope` is in namespace `Poincare.D7.Divergence`; after `open Poincare.D7.Divergence`, `sum_telescope` should resolve. But note `Poincare.D7.ConjugateHeat.Laplacian` already opens `Poincare.D7.Divergence`? That's in that file's namespace scope; `open` is file-local. In Slab.lean I need `open Poincare.D7.Divergence` too. Also `Finset` open.

Careful: `sum_telescope (g : Fin (n+1) → ℝ)`: with `g := fun k => energy m (u k)`, `∑ i : Fin n, (g i.succ - g i.castSucc) = g (Fin.last n) - g 0`. So `htelescope : ∑ k : Fin n, (energy m (u k.succ) - energy m (u k.castSucc)) = energy m (u (Fin.last n)) - energy m (u 0)`. Then `linarith [htelescope, hnonneg]` gives `0 ≤ energy(last) - energy(0)`, hence `energy 0 ≤ energy last`. Good.

One concern: `Fin (n+1)` with `n = 0`: `Fin n = Fin 0` is empty, `Finset.sum` over empty = 0, `sum_telescope` says `0 = g (last 0) - g 0`, and `last 0 = 0`, so fine.

Also, the import of `Poincare.D7.Divergence.Slab` — `Poincare.D7.ConjugateHeat.Instance` imports `Basic` which imports `Laplacian` which imports `Poincare.D7.Divergence.Basic`. I need `sum_telescope` from `Poincare.D7.Divergence.Slab`; add the import.

Let me write Slab.lean.
dsh: reasoning:
Need to build Instance olean before compiling Slab. Let me build Instance (which will also build Basic/Laplacian if needed) and then compile Slab.
dsh: reasoning:
Errors:
1. `conjugateHeatStep` must be `noncomputable` because it uses `laplaceBeltrami` (noncomputable). Add `noncomputable def`.
2. `conjugateHeatStep_eq_add_generator`: after `funext x; simp [conjugateHeatStep]`, the goal is `u x + R x * u x - L = u x + (R x * u x - L)`; need `ring` or `add_assoc`. `simp` left it; add `ring` after. Actually `u + R u - L = u + (R u - L)` is `add_sub_assoc`/`sub_eq_add_neg`; `ring` closes. Let me change to `funext x; simp [conjugateHeatStep]; ring`. Hmm, `simp` might close it partially. Let me write `by funext x; simp only [conjugateHeatStep, Pi.add_apply, Pi.sub_apply, scalarMulLM_apply, laplaceBeltrami_apply]; ring`. Since the goal shown is exactly `u x + R x * u x - L = u x + (R x * u x - L)`, `ring` closes.
3. Line 93 "No goals to be solved": in `hdecomp`, after `rw [Finset.sum_add_distrib, Finset.sum_add_distrib, Finset.mul_sum]`, then `ring` — maybe the `rw`s already closed the goal (because the sums matched exactly after `Finset.mul_sum` and `sum_add_distrib`), leaving `ring` with no goals. Remove the `ring` or use `try ring`. Let me restructure: after the pointwise sum_congr and the rw's, the goal might be closed by `rfl`; but `ring` says no goals. So remove `ring`. But to be safe, use `ring_nf`? No—if no goals, anything after fails. Let me replace `ring` with nothing... but then if the rw doesn't close, we need something. Let me look: after `rw [Finset.sum_congr ...]`, LHS = `∑ x, (m x * u x^2 + 2*(...) + m x*X^2)`. RHS = `energy m u + 2 * ∑ ... + ∑ ...`. `simp only [energy]` was already applied before, so RHS = `(∑ x, m x * u x^2) + 2 * (∑ x, m x*u x*X x) + ∑ x, m x*X x^2`. `rw [Finset.sum_add_distrib, Finset.sum_add_distrib]` on LHS turns `∑ (A+B+C)` into `∑ A + ∑ B + ∑ C`? The first rw: `∑ ((A+B)+C)` → `∑ (A+B) + ∑ C`; second: `∑ (A+B)` → `∑ A + ∑ B`. So LHS becomes `(∑ A + ∑ B) + ∑ C`. Then `Finset.mul_sum` on RHS `2 * ∑ B` → `∑ x, 2 * B x`. Then LHS B-sum is `∑ x, 2 * (m x * u x * X x)`? Wait, the LHS B term after expansion is `2 * (m x * u x * X x)`, so `∑ x, 2 * (...)`. RHS after `mul_sum` is `∑ x, 2 * (m x * u x * X x)`. They match exactly, so the goal closes by `rfl` during the `rw`? `rw` closes the goal if it becomes `rfl`-provable. Hence "No goals". So remove the `ring`.

Let me apply the fixes.
dsh: reasoning:
Slab.lean compiles. Now `Example.lean` with concrete numeric witnesses. This is important for non-vacuity.

Plan:
- `V = Fin 2`, `E = Fin 2` with edges 0→1 and 1→0.
- `w : Fin 2 → ℝ = ![1, 2]`.
- `m : Fin 2 → ℝ = ![2, 3]`.
- `R : Fin 2 → ℝ = ![1, 2]` (nonnegative for the slab toy).
- `S : Finset (Fin 2) = {0}`.
- `hm : ∀ x, m x ≠ 0` by fin_cases.
- Functions: `u = ![1, -1]`, `v = ![3, 5]`.
- Jets `j = (u, du)`, `k = (v, dv)` with `du = ![2, 4]`, `dv = ![-1, 2]`.

Then compute:
- `laplaceBeltrami D w m u`: at 0: `(m0)⁻¹ * (w0*(u1-u0) + w1*(u1-u0)) = 1/2 * (1*(-2) + 2*(-2)) = 1/2*(-6) = -3`. At 1: `(m1)⁻¹ * (w0*(u0-u1) + w1*(u0-u1)) = 1/3 * (3 + 6) = 3`. So `Δu = ![-3, 3]`.
- `scalarMulLM R u = ![1*1, 2*(-1)] = ![1, -2]`.
- `forwardHeat j = du - Δu = ![2 - (-3), 4 - 3] = ![5, 1]`.
- `backwardHeat k = -dv - Δv + R*v`. `Δv`: at 0: `1/2 * (1*(5-3) + 2*(5-3)) = 1/2*6 = 3`; at 1: `1/3*(1*(3-5) + 2*(3-5)) = 1/3*(-6) = -2`. So `Δv = ![3, -2]`. `R*v = ![3, 10]`. `-dv = ![1, -2]`. `backwardHeat k = ![1 - 3 + 3, -2 - (-2) + 10] = ![1, 10]`.
- `pairingOnLM m S (forwardHeat j) k.1` with S={0}: `m0 * (forwardHeat j) 0 * v0 = 2*5*3 = 30`.
- `pairingOnLM m S j.1 (backwardHeat k) = m0 * u0 * (backwardHeat k)0 = 2*1*1 = 2`.
- LHS = 30 - 2 = 28.
- `volumeVariation j k = ∑_{x∈S} (-R x * m x) * j.1 x * k.1 x + ∑_{x∈S} m x * j.2 x * k.1 x + ∑_{x∈S} m x * j.1 x * k.2 x`
  = at x=0: `(-1*2)*1*3 + 2*2*3 + 2*1*(-1) = -6 + 12 - 2 = 4`.
- `boundaryForm D w S u v = boundaryPair u v - boundaryPair v u`. `boundaryPair u v`: edges with src∈S,tgt∉S: edge0 (0→1): `w0*(u1-u0)*v0 = 1*(-2)*3 = -6`. Edges with tgt∈S,src∉S: edge1 (1→0): `w1*(u0-u1)*v1 = 2*(2)*5 = 20`. So boundaryPair u v = 14. `boundaryPair v u`: edge0: `w0*(v1-v0)*u0 = 1*2*1 = 2`; edge1: `w1*(v0-v1)*u1 = 2*(-2)*(-1) = 4`. Total = 6. So boundaryForm = 14 - 6 = 8.
- RHS = volumeVariation - boundaryForm = 4 - 8 = -4.
- LHS = 28, RHS = -4. They should be equal by the theorem, but my hand computation gives 28 ≠ -4. Let me recheck the theorem statement and signs.

The theorem: `pairing (forwardHeat j) k.1 - pairing j.1 (backwardHeat k) = volumeVariation j k - boundaryForm j.1 k.1`.

LHS = 30 - 2 = 28. RHS = 4 - 8 = -4. Contradiction! So either my computation is wrong or the theorem's concrete instance has a sign issue. Let me recompute carefully.

The abstract identity (from the formal_adjoint proof):
`pairing (H j) k₁ - pairing j₁ (H* k) = volumeVariation j k - boundaryForm j₁ k₁`.
Expansion:
`pairing (j₂ - Δj₁) k₁ - pairing j₁ (-k₂ - Δk₁ + Rk₁)`
= `pairing j₂ k₁ - pairing (Δj₁) k₁ + pairing j₁ k₂ + pairing j₁ (Δk₁) - pairing j₁ (Rk₁)`.
`volumeVariation = pairing j₂ k₁ + pairing j₁ k₂ - pairing (Rj₁) k₁`.
So LHS - RHS = `-pairing (Δj₁) k₁ + pairing j₁ (Δk₁) - pairing j₁ (Rk₁) + pairing (Rj₁) k₁ + boundaryForm`.
Using `scalarMul_selfAdjoint`: `pairing (Rj₁) k₁ = pairing j₁ (Rk₁)`. So = `-pairing (Δj₁) k₁ + pairing j₁ (Δk₁) + boundaryForm`.
Using `laplacian_ibp`: `pairing (Δj₁) k₁ - pairing j₁ (Δk₁) = boundaryForm`. So the expression = `-boundaryForm + boundaryForm = 0`. Good, the theorem is correct.

Now my numeric computation: 
- `pairing (Δj₁) k₁` over S: `m0 * (Δu)0 * v0 = 2 * (-3) * 3 = -18`.
- `pairing j₁ (Δk₁)`: `m0 * u0 * (Δv)0 = 2 * 1 * 3 = 6`.
- `laplacian_ibp` says `pairing (Δu) v - pairing u (Δv) = boundaryForm` = `-18 - 6 = -24`. But I computed boundaryForm = 8. So something's off in my hand computation of the boundary form or the Green identity.

Let me recheck Green's second identity: `pairingOn m S (lap u) v - pairingOn m S (lap v) u = boundaryForm D w S u v`. Note the second term is `pairingOn m S (lap v) u`, i.e., `∑ x∈S m x * (Δv) x * u x`, NOT `pairingOn m S u (Δv)`. I used `pairing j₁ (Δk₁) = ∑ m x * u x * (Δv) x`. By commutativity, `∑ m x * (Δv) x * u x = ∑ m x * u x * (Δv) x`. So it's the same. So `pairing (Δu) v - pairing u (Δv) = -18 - 6 = -24`, but the boundaryForm I computed is 8. Let me recompute the boundary form from the Green identity machinery.

`boundaryPair D w S u v`:
= `∑_{src∈S, tgt∉S} w e * (u (tgt e) - u (src e)) * v (src e)` + `∑_{tgt∈S, src∉S} w e * (u (src e) - u (tgt e)) * v (tgt e)`.

Edges: e0: src=0, tgt=1, w=1. e1: src=1, tgt=0, w=2. S={0}.
- e0: src 0∈S, tgt 1∉S → first sum: `w0*(u1-u0)*v0 = 1*(-1-1)*3 = -6`.
- e1: tgt 0∈S, src 1∉S → second sum: `w1*(u0-u1)*v0? No: v (tgt e) = v 0 = 3`. So `2*(u0-u1)*v0 = 2*(1-(-1))*3 = 12`. Wait, I previously wrote `v1` — that was wrong! The second sum evaluates `v` at `tgt e = 0`, so `v0 = 3`, not `v1 = 5`. So boundaryPair u v = -6 + 12 = 6.
- boundaryPair v u: first sum e0: `w0*(v1-v0)*u0 = 1*(5-3)*1 = 2`. Second sum e1: `w1*(v0-v1)*u0 = 2*(3-5)*1 = -4`. Total = -2.
- boundaryForm = 6 - (-2) = 8. Still 8.

Hmm. And `pairing (Δu) v - pairing u (Δv) = -18 - 6 = -24`? Let me recompute `pairing u (Δv)`: `∑_{x∈S} m x * u x * (Δv) x = m0 * u0 * (Δv)0 = 2 * 1 * 3 = 6`. And `pairing (Δu) v = 2 * (-3) * 3 = -18`. Difference = -24. But Green says 8. So my Laplacian values or the Green identity is wrong. Let me recheck the Laplacian computation.

Laplacian: `laplaceBeltrami D w m u x = (m x)⁻¹ * graphLaplacian D w u x`, where `graphLaplacian u x = ∑ e, edgeLap D w e u x`, and `edgeLap e u x = (if x = src e then w e * (u (tgt e) - u x) else 0) + (if x = tgt e then w e * (u (src e) - u x) else 0)`.

For x=0:
- e0: src=0 → `w0*(u1-u0) = 1*(-1-1) = -2`.
- e1: tgt=0 → `w1*(u(src=1)-u0) = 2*(-1-1) = -4`.
Total graphLaplacian u 0 = -6. `(m0)⁻¹ = 1/2`. Δu 0 = -3. ✓.

For x=1:
- e0: tgt=1 → `w0*(u0-u1) = 1*(1-(-1)) = 2`.
- e1: src=1 → `w1*(u0-u1) = 2*(1-(-1)) = 4`.
Total = 6, `(m1)⁻¹ = 1/3`, Δu 1 = 2. Hmm, earlier I said 3, but it's 2. Let me redo: 6/3 = 2. ✓. So `Δu = ![-3, 2]`, not ![-3, 3].

For v = ! [3,5]:
x=0:
- e0: `w0*(v1-v0) = 1*(5-3) = 2`.
- e1: `w1*(v1-v0) = 2*(5-3) = 4`.
Total = 6, Δv 0 = 3. ✓.
x=1:
- e0: `w0*(v0-v1) = 1*(3-5) = -2`.
- e1: `w1*(v0-v1) = 2*(3-5) = -4`.
Total = -6, Δv 1 = -2. ✓.

Now Green first identity check: `pairingOn m S (Δu) v = -dirichlet S + boundaryPair S`. S={0}: no internal edges (both endpoints in {0}? none), so dirichlet = 0. boundaryPair u v = 6 (computed above). So LHS should be 6: `m0 * (Δu)0 * v0 = 2*(-3)*3 = -18`. That's not 6! So the Green identity as I proved it has a sign/statement issue, OR my boundaryPair evaluation is wrong, OR the Laplacian is not what I think.

Wait, let me recheck the Green identity proof. In `green_first`, I claimed `pairingOn m S (lap u) v = -dirichletForm + boundaryPair`. Let me re-derive with the actual `edgeLap`:

`∑_{x∈S} (∑_e edgeLap e u x) * v x = ∑_e ∑_{x∈S} edgeLap e u x * v x`.

For e0 (src=0, tgt=1, w=1), u = ![1,-1], v = ![3,5], S={0}:
`∑_{x∈{0}} edgeLap e0 u x * v x = edgeLap e0 u 0 * v 0 = (w0*(u1-u0)) * v0 = (1*(-2))*3 = -6`.
My `sum_edgeLap_mul` says this equals `w e * ((if src e ∈ S then (u t - u s)*v s else 0) + if tgt e ∈ S then (u s - u t)*v t else 0)`. For e0: src=0∈S, tgt=1∉S: `1 * ((-2)*3 + 0) = -6`. ✓.

For e1 (src=1, tgt=0, w=2): `edgeLap e1 u 0 * v 0 = (w1*(u1-u0))*v0 = (2*(-2))*3 = -12`. My formula: src=1∉S, tgt=0∈S: `2 * (0 + (u s - u t)*v t) = 2 * ((u1-u0)*v0) = 2*(-2)*3 = -12`. ✓.

Total = -18. And `boundaryPair` for u,v over S={0}: first sum (src∈S,tgt∉S) includes e0: `w0*(u1-u0)*v0 = -6`. Second sum (tgt∈S,src∉S) includes e1: `w1*(u0-u1)*v0 = 2*(2)*3 = 12`. Total boundaryPair = -6 + 12 = 6. But the actual sum is -18, not 6. So `sum_edgeLap_mul`'s formula for the e1 case gives `w1*(u s - u t)*v t` = `2*(u1-u0)*v0` = `2*(-2)*3 = -12`, whereas `boundaryPair`'s second sum uses `w1*(u0-u1)*v0 = +12`. Sign mismatch!

So the boundaryPair definition's second sum has the wrong sign relative to `sum_edgeLap_mul`. Let me recheck: In `sum_edgeLap_mul`, the t-part is `if D.tgt e ∈ S then (u (D.src e) - u (D.tgt e)) * v (D.tgt e) else 0`. For e1: tgt=0∈S, so `(u1 - u0)*v0 = (-2)*3 = -6`, times w=2 gives -12. In `boundaryPair`'s second sum I wrote `w e * (u (D.src e) - u (D.tgt e)) * v (D.tgt e)` — that's `(u1-u0)*v0`, which matches! Wait, `u (src e) - u (tgt e) = u1 - u0 = -2`, `v (tgt e) = v0 = 3`, so `2*(-2)*3 = -12`. But earlier I computed boundaryPair's second sum as `2*(u0-u1)*v0 = +12` — I confused myself. Let me recompute `boundaryPair` as defined in Laplacian.lean:

```lean
def boundaryPair ... :=
  (∑ e ∈ filter (src ∈ S ∧ tgt ∉ S), w e * (u (tgt e) - u (src e)) * v (src e))
    + ∑ e ∈ filter (tgt ∈ S ∧ src ∉ S), w e * (u (src e) - u (tgt e)) * v (tgt e)
```
Second sum for e1: `w1 * (u (src) - u (tgt)) * v (tgt) = 2 * (u1 - u0) * v0 = 2*(-2)*3 = -12`. So boundaryPair = -6 + (-12) = -18. ✓ matches the pairing sum. I previously miscomputed the second sum sign in my hand calculation. 

So `boundaryPair u v = -18`. `boundaryPair v u`:
- e0 (src∈S,tgt∉S): `w0*(v1-v0)*u0 = 1*2*1 = 2`.
- e1 (tgt∈S,src∉S): `w1*(v1-v0)*u0 = 2*2*1 = 4`.
Total = 6.
`boundaryForm = -18 - 6 = -24`. And `pairing (Δu) v - pairing u (Δv) = -18 - 6 = -24`. ✓ Green second identity works.

Now the formal adjointness LHS/RHS:
- LHS = `pairing (H j) k₁ - pairing j₁ (H* k)`.
  - `H j = du - Δu = ![2 - (-3), 4 - 2] = ![5, 2]`.
  - `H* k = -dv - Δv + Rv = ![-(-1) - 3 + 1*3, -2 - (-2) + 2*5] = ![1 - 3 + 3, -2 + 2 + 10] = ![1, 10]`.
  - `pairing (H j) k₁` over S={0}: `m0 * (Hj)0 * v0 = 2 * 5 * 3 = 30`.
  - `pairing j₁ (H*k)` = `m0 * u0 * (H*k)0 = 2 * 1 * 1 = 2`.
  - LHS = 28.
- RHS = `volumeVariation - boundaryForm`.
  - `volumeVariation = ∑_{x∈S} (-R x * m x) * u x * v x + ∑_{x∈S} m x * du x * v x + ∑_{x∈S} m x * u x * dv x`
    = `(-1*2)*1*3 + 2*2*3 + 2*1*(-1) = -6 + 12 - 2 = 4`.
  - `boundaryForm = -24`.
  - RHS = 4 - (-24) = 28. ✓ 

So the numeric witness should have LHS = RHS = 28, and boundaryForm = -24, volumeVariation = 4.

Now let me write Example.lean with these numbers. I'll use `Fin 2` and `![...]` vectors. I need to define the graph data:
```lean
def exampleGraph : DivergenceData (Fin 2) (Fin 2) where
  src := ![0, 1]
  tgt := ![1, 0]
```
Wait, `DivergenceData` has fields `src tgt : E → V`; for `E = Fin 2`, `![0, 1] : Fin 2 → Fin 2` works.

`w : Fin 2 → ℝ := ![1, 2]`, `m := ![2, 3]`, `R := ![1, 2]`.
`S : Finset (Fin 2) := {0}`.
`hm : ∀ x, m x ≠ 0 := by intro x; fin_cases x <;> norm_num [m]`.
Functions: `u := ![1, -1]`, `v := ![3, 5]`, `du := ![2, 4]`, `dv := ![-1, 2]`.

Computing sums over `Fin 2` with filters: `norm_num [exampleGraph, ...]` or `decide`+`norm_num`. The filters `Finset.univ.filter (fun e => ...)` on `Fin 2` should evaluate via `decide` if the predicate is decidable; `norm_num` can handle `Finset.sum` over explicit `Fin`? Maybe `decide` can't handle ℝ equalities. Let me use `simp` with `Fin.sum_univ_two` (there's `Fin.sum_univ_two`? For `Fin 2`, `Fin.sum_univ_succ` twice gives explicit sums). `norm_num` might evaluate `∑ i : Fin 2, f i` via `Fin.sum_univ_two` if it's a simp lemma. Let me check what's available. The D7-divergence Example.lean has concrete computations; let me look at it for techniques.

Let me read the scaffold's Example.lean (D7-divergence-ibp) for the concrete computation style.
dsh: reasoning:
The style uses `fun v => if v = 0 then 1 else 2` and `simp [...]` + `norm_num` with `Fin.sum_univ_succ`. Good.

Let me write Example.lean with the two-vertex cycle and numeric witnesses. I'll define functions with `if` conditions, and use `simp` + `norm_num` + `Fin.sum_univ_succ` to evaluate.

Let me set up:
```lean
def cycleData : DivergenceData (Fin 2) (Fin 2) where
  src := fun e => if e = 0 then 0 else 1
  tgt := fun e => if e = 0 then 1 else 0
```
Hmm, `src := ![0, 1]` might be simpler but pattern matching on `Fin 2` with if is fine.

Actually, for evaluation, using `if e = 0 then ... else ...` with `Fin.sum_univ_succ` gives `f 0 + f 1` and then `simp` reduces the ifs. Good.

```lean
def cycleWeight : Fin 2 → ℝ := fun e => if e = 0 then 1 else 2
def cycleMass : Fin 2 → ℝ := fun v => if v = 0 then 2 else 3
def cycleScalar : Fin 2 → ℝ := fun v => if v = 0 then 1 else 2
def cycleU : Fin 2 → ℝ := fun v => if v = 0 then 1 else -1
def cycleV : Fin 2 → ℝ := fun v => if v = 0 then 3 else 5
def cycleDU : Fin 2 → ℝ := fun v => if v = 0 then 2 else 4
def cycleDV : Fin 2 → ℝ := fun v => if v = 0 then -1 else 2
def regionZero : Finset (Fin 2) := {0}
```

Then the numeric facts:
```lean
theorem cycleMass_pos : ∀ x : Fin 2, 0 < cycleMass x := by
  intro x; fin_cases x <;> norm_num [cycleMass]
```
`fin_cases` requires `Fintype`/`DecidableEq`; works for `Fin 2`. Or `by intro x; fin_cases x <;> simp [cycleMass]`.

Then:
```lean
theorem cycle_laplacian_u :
    laplaceBeltrami cycleData cycleWeight cycleMass cycleU = cycleU |>.map? 
```
Better to state pointwise:
```lean
theorem cycle_laplaceBeltrami_u_zero :
    laplaceBeltrami cycleData cycleWeight cycleMass cycleU 0 = -3 := by
  simp [laplaceBeltrami, graphLaplacian, edgeLap, edgeLapAt, cycleData, cycleWeight, cycleMass, cycleU]
  norm_num
```
Hmm, `simp [edgeLap, edgeLapAt, ...]` may or may not unfold the linear map definitions. Since `edgeLapAt` is a `LinearMap.mk`, `edgeLapAt_apply` is `rfl`, and `edgeLap_apply`/`graphLaplacian_apply` are `@[simp]`. So `simp [laplaceBeltrami_apply, graphLaplacian_apply, edgeLap_apply, ...]` should reduce to the explicit sums. Let me use:
```lean
  simp only [laplaceBeltrami_apply, graphLaplacian_apply, edgeLap_apply, cycleData, cycleWeight, cycleMass, cycleU, Fin.sum_univ_succ]
  norm_num
```
Wait, `Fin.sum_univ_succ` is for `Fin (n+1)` sums; for `Fin 2`, `Fin.sum_univ_succ` turns `∑ i : Fin 2, f i` into `f 0 + ∑ i : Fin 1, f i.succ`; then `Fin.sum_univ_one` for `Fin 1`. `simp` with `Fin.sum_univ_succ` should handle. Let me just try `simp [laplaceBeltrami_apply, graphLaplacian_apply, edgeLap_apply, cycleData, cycleWeight, cycleMass, cycleU, Fin.sum_univ_succ]` then `norm_num`.

Actually, `Fin.sum_univ_succ` might loop with simp; better to include it in a `simp only` list. Let me test interactively by writing the file and compiling.

The main witness:
```lean
/-- The formal-adjointness identity evaluated on the two-vertex cycle. -/
theorem cycle_formal_adjoint_value :
    (conjugateHeatData cycleData cycleWeight cycleMass cycleScalar cycleMass_pos regionZero).pairing
        ((conjugateHeatData ...).forwardHeat (cycleU, cycleDU)) cycleV
      - (conjugateHeatData ...).pairing cycleU
        ((conjugateHeatData ...).backwardHeat (cycleV, cycleDV))
      = 28 := by
  rw [conjugateHeatData_formal_adjoint]
  -- volumeVariation = 4, boundaryForm = -24
  simp only [conjugateHeatData, metricFlowInterface, pairingOnLM_apply, cycleData, ...]
  norm_num
```
Hmm, `conjugateHeatData_formal_adjoint` states the identity equals `volumeVariation - boundaryForm`; then I need to evaluate that to 28. The RHS after `rw` is `(conjugateHeatData ...).volumeVariation (cycleU, cycleDU) (cycleV, cycleDV) - boundaryForm cycleData cycleWeight regionZero cycleU cycleV`. I can `simp only [conjugateHeatData, ConjugateHeatData.ofInterface, metricFlowInterface, ...]` to unfold the concrete `volumeVariation` and `boundaryForm`, then `norm_num`. But `conjugateHeatData` is a def that reduces to `ConjugateHeatData.ofInterface (metricFlowInterface ...)`. The projection `.volumeVariation` should reduce through `ofInterface` to the interface's `volumeVariation`, which is the concrete sum. `simp [conjugateHeatData, ConjugateHeatData.ofInterface, metricFlowInterface]` might work, but structure projections through `ofInterface` might not unfold with `simp` due to the `extends`. Let me instead prove auxiliary evaluation lemmas:

```lean
theorem cycle_pairing_forward :
    (conjugateHeatData cycleData cycleWeight cycleMass cycleScalar cycleMass_pos regionZero).pairing
      ((conjugateHeatData ...).forwardHeat (cycleU, cycleDU)) cycleV = 30 := by ...
theorem cycle_pairing_backward : ... = 2 := by ...
theorem cycle_volumeVariation_value : (conjugateHeatData ...).volumeVariation (cycleU, cycleDU) (cycleV, cycleDV) = 4 := by ...
theorem cycle_boundaryForm_value : boundaryForm cycleData cycleWeight regionZero cycleU cycleV = -24 := by ...
```
Then the main theorem follows by rewriting these. To evaluate these, `simp` with the relevant defs.

Let me figure out the unfolding. `(conjugateHeatData ...).forwardHeat (cycleU, cycleDU)`: `conjugateHeatData` = `ConjugateHeatData.ofInterface (metricFlowInterface ...)`; `.forwardHeat` projects the field `forwardHeat := forwardHeatLM I`. `forwardHeatLM_apply` is `rfl` and `@[simp]`: `forwardHeatLM I j = j.2 - I.laplacian j.1`. Since `forwardHeat` is a field of `ofInterface`, is it definitionally `forwardHeatLM I`? `ConjugateHeatData.ofInterface` is defined with `forwardHeat := forwardHeatLM I`, so `(ofInterface I).forwardHeat` reduces to `forwardHeatLM I` (structure eta). `simp [conjugateHeatData]` should unfold enough, then `forwardHeatLM_apply` gives `j.2 - I.laplacian j.1`, and `I.laplacian = laplaceBeltrami cycleData cycleWeight cycleMass`. Then evaluate with `laplaceBeltrami_apply`, `graphLaplacian_apply`, `edgeLap_apply`, and sums.

Alternatively, use the `conjugateHeatData_forwardHeat_apply` theorem from Instance:
```lean
  rw [conjugateHeatData_forwardHeat_apply]
```
Then the goal is `(conjugateHeatData ...).pairing (cycleDU - laplaceBeltrami ... cycleU) cycleV = 30`. Then unfold `.pairing` = `pairingOnLM cycleMass regionZero`; `pairingOnLM_apply`; then compute the sum over `regionZero = {0}`. Since regionZero is a singleton, `∑ x ∈ {0}, ... = f 0` by `Finset.sum_singleton`. So:
```lean
  rw [conjugateHeatData_forwardHeat_apply]
  simp only [pairingOnLM_apply, regionZero, Finset.sum_singleton]
  -- now evaluate m 0 * (du - lap u) 0 * v 0 = 30
  simp only [laplaceBeltrami_apply, graphLaplacian_apply, edgeLap_apply, cycleData, cycleWeight, cycleMass, cycleU, cycleV, cycleDU, Fin.sum_univ_succ]
  norm_num
```
Hmm, `conjugateHeatData_forwardHeat_apply` requires `hm : ∀ x, m x ≠ 0` — I'll have `cycleMass_ne_zero : ∀ x, cycleMass x ≠ 0`.

Also `(conjugateHeatData ...).pairing` — the pairing projection through `ofInterface`; `pairingOnLM_apply` is a lemma about `pairingOnLM`, not the projection. After `simp [conjugateHeatData, ConjugateHeatData.ofInterface, metricFlowInterface]`, the projection should reduce to `pairingOnLM cycleMass regionZero`. Let me add those to the simp set.

Alternatively, I can avoid the abstract data in the numeric witnesses entirely and directly compute the concrete pieces:
- `laplaceBeltrami` values,
- `pairingOnLM` values,
- `volumeVariation`/`boundaryForm` values,
and then prove the formal adjointness numeric identity using `conjugateHeatData_formal_adjoint` plus these evaluation lemmas.

The key challenge is unfolding the projections. Let me write a `simp` set:
```
simp only [conjugateHeatData, ConjugateHeatData.ofInterface, metricFlowInterface,
  ConjugateHeatData.forwardHeat, ...]
```
Hmm, `ConjugateHeatData.forwardHeat` projection of `ofInterface` — since `ofInterface` is a `def` returning a structure, `simp [ConjugateHeatData.ofInterface]` should unfold it, and then `.forwardHeat` is the field value `forwardHeatLM I`. So `simp [ConjugateHeatData.ofInterface, forwardHeatLM_apply]`. Let me test.

Actually, maybe simpler: define the concrete data as a named def:
```lean
noncomputable def cycleData' : ConjugateHeatData (Fin 2 → ℝ) :=
  conjugateHeatData cycleData cycleWeight cycleMass cycleScalar cycleMass_ne_zero regionZero
```
Then `(cycleData').forwardHeat` etc. `simp [cycleData', conjugateHeatData, ConjugateHeatData.ofInterface, metricFlowInterface]`.

Let me just write and iterate. I'll create the file with the basic computations first, compile, then add the formal adjointness witness.

Also the slab toy witness:
- Use `n = 2` (3 time slices), with the step: `u 0 = cycleU`, `u 1 = conjugateHeatStep cycleU`, `u 2 = conjugateHeatStep (u 1)`. Then prove `energy cycleMass (u 0) ≤ energy cycleMass (u (Fin.last 2))` by `energy_mono_slab`, and evaluate the energies numerically. Need `hstep : ∀ k : Fin 2, u k.succ = step (u k.castSucc)`. Define `u : Fin 3 → Fin 2 → ℝ` via `if k = 0 then u0 else if k = 1 then step u0 else step (step u0)`; then prove the step relation by `fin_cases k <;> simp [u]`. Then `energy_mono_slab` gives the inequality; evaluate energies with `norm_num`:
  - `u0 = ![1,-1]`, `m = ![2,3]`: energy = `2*1 + 3*1 = 5`.
  - step u0 = `u + R•u - Δu` = `![1 + 1*1 - (-3), -1 + 2*(-1) - 2] = ![5, -5]`. Energy = `2*25 + 3*25 = 125`.
  - step (step u0) = `![5 + 1*5 - Δ(step u0)0, ...]`. Need Δ of `![5,-5]`: at 0: `(m0)⁻¹*(w0*(u1-u0)+w1*(u1-u0)) = 1/2*(1*(-10)+2*(-10)) = -15`; at 1: `1/3*(1*(10)+2*(10)) = 10`. So step = `![5+5-(-15), -5+2*(-5)-10] = ![25, -25]`. Energy = `2*625 + 3*625 = 3125`. So energies: 5, 125, 3125, monotone.
  The slab theorem gives `5 ≤ 3125`. I can prove the numeric conclusion by combining `energy_mono_slab` with the evaluated energies, or just evaluate `energy cycleMass (u 0) = 5` and `energy cycleMass (u (Fin.last 2)) = 3125` and then `linarith`/`norm_num` from the theorem.

This is a nice non-vacuity witness for the slab toy.

Let me write Example.lean now, iterating on the evaluations.

For the `Fin.sum_univ_succ` approach, let me check the lemma names: `Fin.sum_univ_succ` (for `Fin (n+1)`), `Fin.sum_univ_castSucc`, `Fin.sum_univ_two`? There's `Fin.sum_univ_two : (∑ i : Fin 2, f i) = f 0 + f 1`? I'm not sure. Let me grep.
dsh: reasoning:
The grep found nothing; maybe the file is elsewhere. Let me search for `sum_univ_succ` in mathlib.
dsh: reasoning:
The grep with `theorem sum_univ_succ` didn't find, maybe it's `lemma` or `@[simp]`. Let me look at `Mathlib/Algebra/BigOperators/Fin.lean`.
dsh: reasoning:
`Fin.sum_univ_succ` and `Fin.sum_univ_castSucc` exist (generated by to_additive from prod versions). `Fin.sum_univ_one` exists. So `simp [Fin.sum_univ_succ, Fin.sum_univ_one]` should evaluate `Fin 2` sums.

Let me write Example.lean. I'll write it in pieces and compile.

Actually, let me reconsider the evaluation approach. For `Fin 2`, `∑ e : Fin 2, f e` can be evaluated by `simp [Fin.sum_univ_succ, Fin.sum_univ_one]` if the function is explicit. With `if e = 0` conditions, `simp` will reduce `if 0 = 0 then ... else ...` and `if 1 = 0 then ... else ...` (where `1 : Fin 2` is `Fin.succ 0`). `Fin.succ 0 = 1` should be recognized; `decide` can prove `(1 : Fin 2) ≠ 0`. `simp` handles `if_neg` with `by decide` if it can decide the proposition. For `Fin 2` equalities, `Decidable` instances exist, so `simp` can evaluate `if (1 : Fin 2) = 0 then ... else ...` via `decide`? `simp` uses `decide` for decidable propositions only if they're `Decidable.decide`-reducible; `if_neg` needs a proof of `¬ (1 = 0)`, which `simp` can get via `Fin.zero_ne_one`? There might be a simp lemma. Usually `norm_num` or `decide` handles it. Let me just use `decide` in the `if` definition? No.

Alternative: define functions via `![...]` (vector notation). Then `simp` with `Matrix.cons_val_zero`, `Matrix.cons_val_one` evaluates applications at `0` and `1`. And sums over `Fin 2` can be evaluated by `fin_cases`:
```lean
  fin_cases x <;> simp [...]
```
For sums, `simp [Fin.sum_univ_two]`? Is there a `Fin.sum_univ_two`? Let me check. `Fin.sum_univ_succ` applied twice: `∑ i : Fin 2, f i = f 0 + ∑ i : Fin 1, f (Fin.succ i) = f 0 + f 1`. With `Fin.sum_univ_one`. So `simp [Fin.sum_univ_succ, Fin.sum_univ_one]`.

Let me use explicit functions via `if` and `fin_cases` for pointwise, and `Fin.sum_univ_succ`/`Fin.sum_univ_one` for sums. I'll iterate.

Let me write the file with:
- definitions
- `cycleMass_ne_zero`
- evaluation lemmas: `cycle_laplaceBeltrami_u_zero`, `cycle_laplaceBeltrami_u_one`, `cycle_laplaceBeltrami_v_zero`, `cycle_laplaceBeltrami_v_one`
- `cycle_pairingOnLM_forward`, `cycle_pairingOnLM_backward`
- `cycle_volumeVariation_value`
- `cycle_boundaryForm_value`
- `cycle_formal_adjoint_value` : LHS = 28 (using `conjugateHeatData_formal_adjoint` + rewrites)
- `cycle_green_first_value` maybe: `pairingOn cycleMass regionZero (Δu) v = -18 = -dirichlet + boundaryPair` etc.
- slab witnesses.

For the formal adjointness value, I need to unfold `(conjugateHeatData ...).pairing` etc. Let me define a local notation:
```lean
noncomputable abbrev cycleCH : ConjugateHeatData (Fin 2 → ℝ) :=
  conjugateHeatData cycleData cycleWeight cycleMass cycleScalar cycleMass_ne_zero regionZero
```
Then `cycleCH.pairing`, `cycleCH.forwardHeat`, etc. To unfold `cycleCH.pairing`, `simp [cycleCH, conjugateHeatData, ConjugateHeatData.ofInterface, metricFlowInterface]` should reduce it to `pairingOnLM cycleMass regionZero`. Let me check whether `simp` can see through `ConjugateHeatData.ofInterface`. The structure `ConjugateHeatData` extends `MetricFlowInterface`; the projection `cycleCH.pairing` is `MetricFlowInterface.pairing cycleCH.toMetricFlowInterface`. For `ofInterface I`, `toMetricFlowInterface := I`. So `cycleCH.pairing = I.pairing = pairingOnLM cycleMass regionZero` (since `metricFlowInterface` sets `pairing := pairingOnLM cycleMass regionZero`). Unfolding `cycleCH` (a def), `conjugateHeatData` (a def), `ConjugateHeatData.ofInterface` (a def), `metricFlowInterface` (a def) should be enough; `simp` with these names does delta-unfolding. Then `pairingOnLM_apply`.

Let me write helper lemmas with explicit `show` to be safe. I'll iterate in Lean.

Let me draft:

```lean
import Poincare.D7.ConjugateHeat.Slab

open Finset
open Poincare.D7.Divergence

namespace Poincare.D7.ConjugateHeat

/-- The two-vertex cycle `0 → 1 → 0`. -/
def cycleData : DivergenceData (Fin 2) (Fin 2) where
  src := fun e => if e = 0 then 0 else 1
  tgt := fun e => if e = 0 then 1 else 0

def cycleWeight : Fin 2 → ℝ := fun e => if e = 0 then 1 else 2
def cycleMass : Fin 2 → ℝ := fun v => if v = 0 then 2 else 3
def cycleScalar : Fin 2 → ℝ := fun v => if v = 0 then 1 else 2
def cycleU : Fin 2 → ℝ := fun v => if v = 0 then 1 else -1
def cycleV : Fin 2 → ℝ := fun v => if v = 0 then 3 else 5
def cycleDU : Fin 2 → ℝ := fun v => if v = 0 then 2 else 4
def cycleDV : Fin 2 → ℝ := fun v => if v = 0 then -1 else 2
def cycleRegion : Finset (Fin 2) := {0}

theorem cycleMass_pos : ∀ x : Fin 2, 0 < cycleMass x := by
  intro x; fin_cases x <;> norm_num [cycleMass]

theorem cycleMass_ne_zero : ∀ x : Fin 2, cycleMass x ≠ 0 := fun x => ne_of_gt (cycleMass_pos x)
```

Then:
```lean
theorem cycle_laplaceBeltrami_u_zero :
    laplaceBeltrami cycleData cycleWeight cycleMass cycleU 0 = -3 := by
  simp only [laplaceBeltrami_apply, graphLaplacian_apply, edgeLap_apply, cycleData, cycleWeight,
    cycleMass, cycleU, Fin.sum_univ_succ, Fin.sum_univ_one]
  norm_num
```
Hmm, after `simp only [...]`, the expression involves `if (0 : Fin 2) = 0` etc. `norm_num` might not decide Fin equalities. Let me include `decide := true`? Or add simp lemmas for Fin literals. `simp` (not `simp only`) with the defs might use `decide` for the ifs. Let me try `simp [laplaceBeltrami_apply, graphLaplacian_apply, edgeLap_apply, cycleData, cycleWeight, cycleMass, cycleU, Fin.sum_univ_succ, Fin.sum_univ_one]` then `norm_num`. If the ifs don't reduce, use `decide` as a discharger: `simp (config := { decide := true }) [...]`. There's `simp +decide`? In recent Lean: `simp +decide [..]`. Let me use `simp +decide [..]`.

Actually, a robust way for `Fin 2` values: `fin_cases` for the index and `norm_num` for the arithmetic. For the sums, `Fin.sum_univ_succ`/`Fin.sum_univ_one` then the summands are at `0` and `Fin.succ 0 = 1`; `simp` with `Fin.succ_zero_eq_one`? Hmm.

Let me check if `decide` handles `(1 : Fin 2) = 0`: yes, `Fin.decidableEq` reduces. `simp +decide` should evaluate `if (1 : Fin 2) = 0 then a else b` to `b`. Let me use `simp +decide`.

Let me write the file and iterate.

For the slab witness, define:
```lean
noncomputable def cycleSlab : Fin 3 → Fin 2 → ℝ :=
  fun k => if k = 0 then cycleU
    else if k = 1 then conjugateHeatStep cycleData cycleWeight cycleMass cycleScalar cycleU
    else conjugateHeatStep cycleData cycleWeight cycleMass cycleScalar
      (conjugateHeatStep cycleData cycleWeight cycleMass cycleScalar cycleU)

theorem cycleSlab_step : ∀ k : Fin 2, cycleSlab k.succ
    = conjugateHeatStep cycleData cycleWeight cycleMass cycleScalar (cycleSlab k.castSucc) := by
  intro k
  fin_cases k <;> simp +decide [cycleSlab]
```
`fin_cases k` for `k : Fin 2` gives `k = 0` and `k = 1`; then `k.succ` is `1` and `2 = Fin.last 2`; `k.castSucc` is `0` and `1`. `simp +decide [cycleSlab]` should evaluate the ifs.

Then:
```lean
theorem cycleSlab_energy_mono :
    energy cycleMass (cycleSlab 0) ≤ energy cycleMass (cycleSlab (Fin.last 2)) :=
  energy_mono_slab cycleData cycleWeight cycleMass cycleScalar cycleMass_pos
    (fun e => by fin_cases e <;> norm_num [cycleWeight]) (fun v => by fin_cases v <;> norm_num [cycleScalar])
    cycleSlab cycleSlab_step
```
And numeric values:
```lean
theorem cycleSlab_energy_zero : energy cycleMass (cycleSlab 0) = 5 := by
  simp +decide [energy, cycleSlab, cycleMass, cycleU, Fin.sum_univ_succ, Fin.sum_univ_one]
  norm_num
theorem cycleSlab_energy_last : energy cycleMass (cycleSlab (Fin.last 2)) = 3125 := by ...
```

The evaluation of `conjugateHeatStep` inside `cycleSlab` might not reduce with `simp` because it's a `noncomputable def` using `laplaceBeltrami`. `simp` can unfold it, and then evaluate the sums as before. Should work.

Let me write the file now. I'll keep the numeric targets as computed: 30, 2, 4, -24, 28; energies 5 and 3125.

One more check: `conjugateHeatStep` for the second step: `u1 = ![5,-5]`, `Δu1 = ![-15, 10]`, `R*u1 = ![5, -10]`, step = `u1 + R*u1 - Δu1 = ![5+5+15, -5-10-10] = ![25, -25]`. Energy = `2*625 + 3*625 = 3125`. ✓.

Let me write Example.lean.
dsh: reasoning:
Need to build Slab olean first, then compile Example. Let me build Slab and compile Example.
dsh: reasoning:
Several issues:

1. `cycle_dirichletForm_zero` and `cycle_boundaryPair_uv`/`vu`: `simp +decide` didn't reduce the sums over filters (`∑ x with x = 0, ...`). Need to evaluate those sums. The filters on `Fin 2` with `if x = 0` conditions inside. I need to simplify the inner ifs first, then evaluate the filtered sums. Strategy: `rw [Finset.sum_filter]`? Or use `Finset.sum_eq_single`/`Finset.sum_singleton`. For a filter `{x | x = 0}`, the sum equals `f 0`. There's `Finset.sum_filter` and `Finset.filter_eq'`. Simpler: `decide` should evaluate `Finset.univ.filter (fun x : Fin 2 => x = 0)` to `{0}` if the predicate is decidable — but `simp +decide` leaves `∑ x with x = 0`. Hmm.

Maybe use `fin_cases` on the sum index? There's a technique: `Finset.sum_univ_succ` etc. But the sums are over filtered sets. Let me convert filters to `if` with `Finset.sum_filter`, then evaluate the `if` by `decide`:
```lean
  rw [Finset.sum_filter, Finset.sum_filter]
```
`Finset.sum_filter : ∑ x ∈ s.filter p, f x = ∑ x ∈ s, if p x then f x else 0`. With `s = univ`? The notation `∑ x with p x, f x` is `∑ x ∈ univ.filter p, f x` or `∑ x, if p x then f x else 0`? The printed form `∑ x with x = 0, ...` might be the `filter` notation. `rw [Finset.sum_filter]` turns it into `∑ x, if x = 0 then ... else 0`, then `simp +decide` with `Fin.sum_univ_succ`/`Fin.sum_univ_one` can evaluate the sum over `Fin 2` and the ifs. Let me add `Finset.sum_filter` to the simp set. Does `simp only [..., Finset.sum_filter]` work? It's a simp lemma? `Finset.sum_filter` is `@[simp]`? Possibly. But `simp +decide` didn't apply it, maybe because the notation `∑ x with p, f x` is already `∑ x ∈ univ.filter p, f x` and simp didn't unfold. Let me explicitly `rw [Finset.sum_filter]` for each sum, or include `Finset.sum_filter` in the simp list. Let me test with `simp +decide [boundaryPair, ..., Finset.sum_filter]`.

Actually, the issue might be different: `simp +decide` did evaluate the filter to `∑ x with x = 0` and `∑ x with ¬ x = 0` but couldn't evaluate those sums because they're over a filtered `Finset` and the ifs inside need the index value. Adding `Finset.sum_filter` should convert them to `∑ x, if ...`. Then `Fin.sum_univ_succ, Fin.sum_univ_one` evaluate the outer sum, and `+decide` reduces the ifs. Let me add `Finset.sum_filter` and `Fin.sum_univ_succ, Fin.sum_univ_one` to those proofs.

2. `cycle_pairing_forwardHeat`: after unfolding, the goal has `(cycleDU - laplaceBeltrami ... cycleU) 0`; I tried `rw [cycle_laplaceBeltrami_u_zero]` but the pattern `laplaceBeltrami ... cycleU 0` doesn't occur — it's `(cycleDU - laplaceBeltrami ... cycleU) 0`. Need to simplify `Pi.sub_apply` first: `simp only [Pi.sub_apply]` then rewrite. Let me change:
```lean
  simp only [cycleCH, conjugateHeatData, ConjugateHeatData.ofInterface, metricFlowInterface,
    pairingOnLM_apply, cycleRegion, Finset.sum_singleton, Pi.sub_apply]
  rw [cycle_laplaceBeltrami_u_zero]
  norm_num [cycleMass, cycleV, cycleDU]
```
Wait, `(cycleDU - lap) 0` after `Pi.sub_apply` is `cycleDU 0 - lap 0`. Good.

Similarly for backwardHeat: `(-cycleDV - lap + scalarMulLM cycleScalar cycleV) 0`; need `Pi.sub_apply`, `Pi.add_apply`, `Pi.neg_apply`, `scalarMulLM_apply`. Let me add those to the simp set.

3. `cycle_formal_adjoint_value`: `rw [conjugateHeatData_formal_adjoint]` fails because the goal uses `cycleCH.pairing` (the abbrev) while the theorem has `(conjugateHeatData ...).pairing`. The abbrev `cycleCH` is reducible but `rw` matching might not unfold abbrevs. Use `change` to restate the goal in terms of `conjugateHeatData ...`, or use `simp only [cycleCH]` first, or state the theorem with `conjugateHeatData ...` explicitly. Let me change the goal:
```lean
theorem cycle_formal_adjoint_value :
    cycleCH.pairing ... := by
  change (conjugateHeatData cycleData cycleWeight cycleMass cycleScalar cycleMass_ne_zero
      cycleRegion).pairing
      ((conjugateHeatData ...).forwardHeat (cycleU, cycleDU)) cycleV
      - (conjugateHeatData ...).pairing cycleU
        ((conjugateHeatData ...).backwardHeat (cycleV, cycleDV)) = 28
  rw [conjugateHeatData_formal_adjoint]
  ...
```
Hmm, `change` requires the goal to be defeq; `cycleCH` is an `abbrev` so it unfolds definitionally. Should work. Alternatively, use `show ... from ...`. Or simply state the theorem using `conjugateHeatData ...` directly and avoid `cycleCH`. Let me use `change` with the explicit form. Actually simpler: make `cycleCH` a `def` (not abbrev)? Same issue. Let me use `unfold cycleCH` before `rw`? `unfold` works for defs/abbrevs. Let me try `simp only [cycleCH]` then `rw [conjugateHeatData_formal_adjoint]`. Since `cycleCH` is an abbrev, `simp only [cycleCH]` should unfold it. But `simp only` with an abbrev name... `[cycleCH]` might not be a valid simp lemma if it's an abbrev. Use `unfold cycleCH` — `unfold` tactic accepts definitions and abbrevs? I think `unfold` works on defs; for abbrev, maybe. Let me use `change` with the explicit expression.

Actually, the simplest: don't use the `cycleCH` abbrev in the theorem statement; write out `conjugateHeatData cycleData cycleWeight cycleMass cycleScalar cycleMass_ne_zero cycleRegion` everywhere. It's verbose but avoids unfolding issues. But `cycle_pairing_forwardHeat` already uses `cycleCH` and worked after `simp only [cycleCH, ...]` (the error there was the `Pi.sub_apply`, not the unfolding). So `simp only [cycleCH, ...]` unfolds it fine. For the formal adjoint value, I can do:
```lean
  simp only [cycleCH] at *  -- or in the goal
  rw [conjugateHeatData_formal_adjoint]
```
Hmm, `simp only [cycleCH]` on the goal unfolds `cycleCH` to `conjugateHeatData ...`. Let me try that.

4. The unused `Fin.sum_univ_one` warnings — harmless, but let me remove them where flagged.

5. `cycleSlab_energy_last`: `conjugateHeatStep`, `scalarMulLM`, `laplaceBeltrami`, `graphLaplacian`, `edgeLap`, `edgeLapAt` — `edgeLap`/`edgeLapAt` are defs, unfolding them in simp might be messy. Since `laplaceBeltrami_apply`/`graphLaplacian_apply`/`edgeLap_apply` are simp lemmas, use those instead of the raw defs. Let me adjust.

Let me apply fixes step by step. First the Green/boundary evaluations. Let me test a small snippet to find the right simp set. I'll write a temporary test file? Better to edit Example and recompile; iteration is fine.

Let me make these edits:

For `cycle_dirichletForm_zero`:
```lean
theorem cycle_dirichletForm_zero :
    dirichletForm cycleData cycleWeight cycleRegion cycleU cycleV = 0 := by
  simp +decide [dirichletForm, cycleRegion, cycleData, cycleWeight, cycleU, cycleV,
    Finset.sum_filter, Fin.sum_univ_succ, Fin.sum_univ_one]
```
Similarly for boundaryPair.

For `cycle_pairing_forwardHeat`:
```lean
  simp only [cycleCH, conjugateHeatData, ConjugateHeatData.ofInterface, metricFlowInterface,
    pairingOnLM_apply, cycleRegion, Finset.sum_singleton, Pi.sub_apply]
  rw [cycle_laplaceBeltrami_u_zero]
  norm_num [cycleMass, cycleV, cycleDU]
```

For `cycle_pairing_backwardHeat`:
```lean
  simp only [cycleCH, conjugateHeatData, ConjugateHeatData.ofInterface, metricFlowInterface,
    pairingOnLM_apply, cycleRegion, Finset.sum_singleton, Pi.sub_apply, Pi.add_apply, Pi.neg_apply,
    scalarMulLM_apply]
  rw [cycle_laplaceBeltrami_v_zero]
  norm_num [cycleMass, cycleU, cycleDV, cycleScalar]
```

For `cycle_formal_adjoint_value`:
```lean
  simp only [cycleCH]
  rw [conjugateHeatData_formal_adjoint]
  rw [cycle_volumeVariation_value, cycle_boundaryForm_value]
  norm_num
```
Hmm, `simp only [cycleCH]` might not be accepted (abbrev). Let me instead `change` explicitly. Actually, `cycleCH` is defined with `abbrev`, and `abbrev` creates a reducible definition with a theorem? In Lean 4, `abbrev` creates a definition marked `@[reducible]` and also `@[simp]`? I recall `abbrev` definitions are unfolded by `simp`? Not automatically. Let me use `show`:
```lean
theorem cycle_formal_adjoint_value :
    cycleCH.pairing ... = 28 := by
  change (conjugateHeatData cycleData cycleWeight cycleMass cycleScalar cycleMass_ne_zero
      cycleRegion).pairing
      ((conjugateHeatData cycleData cycleWeight cycleMass cycleScalar cycleMass_ne_zero
        cycleRegion).forwardHeat (cycleU, cycleDU)) cycleV
      - (conjugateHeatData cycleData cycleWeight cycleMass cycleScalar cycleMass_ne_zero
        cycleRegion).pairing cycleU
        ((conjugateHeatData cycleData cycleWeight cycleMass cycleScalar cycleMass_ne_zero
          cycleRegion).backwardHeat (cycleV, cycleDV)) = 28
  rw [conjugateHeatData_formal_adjoint]
  rw [cycle_volumeVariation_value, cycle_boundaryForm_value]
  norm_num
```
Wait, but `cycle_volumeVariation_value` is stated with `cycleCH.volumeVariation`; after `change`, the goal has `(conjugateHeatData ...).volumeVariation`. `rw [cycle_volumeVariation_value]` won't match since the LHS there is `cycleCH.volumeVariation`. Use `change` in those lemmas too, or state them with the explicit data. Let me restate `cycle_volumeVariation_value` with the explicit data (or prove both forms). Simplest: define a local abbreviation in the statement via `conjugateHeatData ...`. Verbose but robust. Alternatively, since `cycleCH` is reducible, `rfl`-based `change` might let `rw` match after `show`. Hmm.

Cleaner approach: make `cycleCH` a plain `def` and add a `[simp]` theorem `cycleCH_pairing : cycleCH.pairing = pairingOnLM cycleMass cycleRegion := rfl`, etc. Then use these lemmas. Or just avoid `cycleCH` entirely in theorem statements and use the explicit data. Let me do that: replace `cycleCH` usages with the explicit `conjugateHeatData cycleData ... cycleRegion`. It's long; I can use a `notation` or `local notation`? A `local notation` might not persist into theorem statements nicely. Let me just write it out. Or keep `cycleCH` but prove a few `rfl` lemmas:
```lean
@[simp] theorem cycleCH_pairing : cycleCH.pairing = pairingOnLM cycleMass cycleRegion := rfl
@[simp] theorem cycleCH_forwardHeat : cycleCH.forwardHeat = forwardHeatLM (metricFlowInterface ...) := rfl
```
These `rfl` lemmas should hold since `cycleCH` unfolds to `ofInterface (metricFlowInterface ...)`. Then in proofs, `simp only [cycleCH_pairing]` etc. But the theorem statements still use `cycleCH.pairing (cycleCH.forwardHeat ...)`, which is fine for readability.

Actually, the issue in `cycle_formal_adjoint_value` is just the `rw` pattern matching. If I `simp only [cycleCH]` at the goal, does it work? Let me test. In Lean 4, `simp [myAbbrev]` where `myAbbrev` is an `abbrev` — I believe `simp` can unfold abbrevs when given as an argument? Abbrevs are reducible, and `simp` can unfold reducible definitions with `dsimp`-like steps? Actually `simp` unfolds definitions marked `@[simp]` or when given explicitly as simp lemmas. An abbrev is a definition; giving `[cycleCH]` as a simp lemma should work (it's a valid equation `cycleCH = ...`? For a definition with no parameters, `cycleCH` is a constant and `[cycleCH]` as a simp lemma uses its defining equation). Let me just try `simp only [cycleCH]` in the proof. If it fails, use `change`.

Let me make the edits and compile.
dsh: reasoning:
Wait, in `cycle_formal_adjoint_value` I wrote `simp only [cycleCH]` then `rw [conjugateHeatData_formal_adjoint]`. If `simp only [cycleCH]` unfolds `cycleCH` to `conjugateHeatData ...` in the goal, then `rw [conjugateHeatData_formal_adjoint]` should match. But `cycle_volumeVariation_value` is stated with `cycleCH.volumeVariation`, and after the simp the goal has the unfolded form; my `show cycleCH.volumeVariation ... = 4 from cycle_volumeVariation_value` provides the unfolded form? `show` with `cycleCH.volumeVariation` will elaborate `cycleCH.volumeVariation` which unfolds to the same term; the `show` target must be defeq to the goal's term, which it is. Hmm, but then `rw` with that equation: the goal's term is the unfolded `(conjugateHeatData ...).volumeVariation ...`, while the equation's LHS is `cycleCH.volumeVariation ...` which is defeq. `rw` matching is up to syntactic equality after whnf? It should match since both reduce to the same. Actually, if `simp only [cycleCH]` already unfolded `cycleCH` in the goal, then the goal has `(conjugateHeatData ...).volumeVariation`; the `show` equation has LHS `cycleCH.volumeVariation` which elaborates and may or may not be unfolded by `show`. To be safe, let me just use `cycle_volumeVariation_value` directly without the `show`:
```lean
  rw [cycle_volumeVariation_value, cycle_boundaryForm_value]
```
The earlier failure was before `simp only [cycleCH]`; now with the unfolding, it might match. Let me simplify back. Also `cycle_boundaryForm_value` is about `boundaryForm cycleData ...` which appears directly (the `boundaryForm` field projection through `ofInterface` should reduce to `boundaryForm D w S`? Wait, the interface field `boundaryForm := fun u v => boundaryForm D w S u v`; the projection `(conjugateHeatData ...).boundaryForm cycleU cycleV` should reduce to `boundaryForm cycleData cycleWeight cycleRegion cycleU cycleV` definitionally. `rw [cycle_boundaryForm_value]` should match after `simp only [cycleCH, conjugateHeatData, ConjugateHeatData.ofInterface, metricFlowInterface]`. Let me include those in the simp only list rather than just `[cycleCH]`:
```lean
  simp only [cycleCH, conjugateHeatData, ConjugateHeatData.ofInterface, metricFlowInterface]
  rw [conjugateHeatData_formal_adjoint]
  rw [cycle_volumeVariation_value, cycle_boundaryForm_value]
  norm_num
```
This unfolds the data to the concrete interface. Let me do that. Actually, `simp only [cycleCH]` may already unfold through all the defs since they're all reducible? `simp only` doesn't chain unfoldings unless each is given. Let me give the full list.

Let me update.
dsh: reasoning:
Wait, if I unfold `cycleCH` etc. at the goal, then `conjugateHeatData_formal_adjoint` (which is about `(conjugateHeatData ...).pairing` etc.) should match the unfolded goal. Good. But then `cycle_volumeVariation_value` (stated about `cycleCH.volumeVariation`) might not match the unfolded goal. Hmm. The `rw [cycle_volumeVariation_value]` would try to find `cycleCH.volumeVariation ...` in the goal; after unfolding, the goal has `(conjugateHeatData ...).volumeVariation`, and `cycleCH.volumeVariation` unfolds to the same term definitionally, so `rw` may still match via keyed matching with reducible transparency? `rw` uses `keyed` unification with reducible transparency, I believe it can unfold `cycleCH`. It's uncertain. Let me instead state `cycle_volumeVariation_value` with the explicit `conjugateHeatData ...` to be safe, and similarly for the other value lemmas. Actually, `cycle_pairing_forwardHeat` worked with `cycleCH` in the statement and `rw [conjugateHeatData_forwardHeat_apply]` (which is about `(conjugateHeatData ...).forwardHeat`), and the goal had `cycleCH.forwardHeat`; it compiled past that point? The errors for those lines were about `Pi.sub_apply`, not about the `rw` of the forwardHeat lemma — so `rw [conjugateHeatData_forwardHeat_apply]` matched `cycleCH.forwardHeat`! Good, so `rw` does unfold the abbrev. Then `cycle_volumeVariation_value` should match too.

Let me just compile and see. Let me also fix the `cycleSlab_energy_last` simp set (remove raw defs, use apply lemmas) — I'll wait for the compile output. Let me run.
dsh: reasoning:
Still errors at 131, 136 (boundaryPair), 174 (volumeVariation), 194 (formal_adjoint). Let me look at the full error for line 131 and 174. The `Finset.sum_filter` didn't help apparently. Let me get details.
dsh: reasoning:
The goal after simp is `(-1 - 1) * 3 + 2 * (-1 - 1) * 3 = -18` — the arithmetic is left for `norm_num`, which I didn't include after `simp +decide`. Add `norm_num` after. Similarly for the other evaluations. Let me add `norm_num` to those proofs (dirichlet, boundaryPair, volumeVariation). Wait, for `cycle_dirichletForm_zero`, the goal might be `0 = 0` and `simp` closed it (no error). The error is only for boundaryPair. Let me add `norm_num` after the `simp +decide` lines for boundaryPair_uv/vu, and check others.

For `cycle_volumeVariation_value` (line 174), the error is probably similar arithmetic. Let me add `norm_num`.

For `cycle_formal_adjoint_value` (line 194): the `rw [conjugateHeatData_formal_adjoint]` failed. Let me see the error detail.
dsh: reasoning:
1. `cycle_volumeVariation_value`: goal `-2 + cycleV 0 = 1` — the `norm_num [cycleMass, cycleScalar, cycleU, cycleV, cycleDU, cycleDV]` didn't unfold `cycleV 0` because the if condition `(0 : Fin 2) = 0` needs decide. Add `+decide`: `norm_num [cycleMass, cycleScalar, cycleU, cycleV, cycleDU, cycleDV]` doesn't use decide. Use `simp +decide [cycleMass, cycleScalar, cycleU, cycleV, cycleDU, cycleDV]` then `norm_num`. Or `norm_num [cycleV, ...]` — `norm_num` may reduce `if (0:Fin 2)=0`. Let me use `simp +decide` after the `simp only`. Actually, the goal after `simp only` was `-2 + cycleV 0 = 1`? That means some ifs reduced (via decide in the earlier simp?) but `cycleV 0` remained. Hmm, `simp only` doesn't use decide. The `cycleV 0` is `(if 0 = 0 then 3 else 5)`; `simp only` doesn't have the `if_pos rfl`? It should: `if_pos rfl` requires unifying `0 = 0` with `rfl`; `simp` handles `if_pos` via `↓reduceIte` for decidable propositions that reduce to true. Maybe `0 = 0` for `Fin 2` is not definitionally true due to the `Fin` representation? It should be. Let me just add `decide` to the simp call: `simp only [...] ` then `decide`? No, `decide` is a tactic that proves decidable propositions; the goal is an arithmetic equality over ℝ, not decidable.

Use `norm_num [cycleMass, cycleScalar, cycleU, cycleV, cycleDU, cycleDV]` — `norm_num` evaluates `if` with decidable conditions? It might not. Let me use `simp +decide [cycleMass, cycleScalar, cycleU, cycleV, cycleDU, cycleDV]` followed by `norm_num`. `simp +decide` should reduce `cycleV 0` to 3. Then `norm_num` closes. Let me do that for all numeric evaluations. Actually `simp +decide [..]` closes goals like `-2 + 3 = 1`? `simp` can do arithmetic with numerals? It might not; add `norm_num` after.

2. `cycle_formal_adjoint_value`: after `simp only [cycleCH, conjugateHeatData, ConjugateHeatData.ofInterface, metricFlowInterface]`, the goal has `forwardHeatLM {...}` and `backwardHeatLM {...}` instead of the projections `forwardHeat`/`backwardHeat`; `conjugateHeatData_formal_adjoint` is about `(conjugateHeatData ...).forwardHeat`, which is `forwardHeatLM I` definitionally. The `rw` pattern expects `.forwardHeat` projection but the goal has `forwardHeatLM`; not syntactically matching. I should not unfold so much. Let me use `change` to restate the goal with the `conjugateHeatData ...` projections, then `rw [conjugateHeatData_formal_adjoint]`. Since `cycleCH` unfolds to `conjugateHeatData ...`, `change` should work:

```lean
theorem cycle_formal_adjoint_value :
    cycleCH.pairing (cycleCH.forwardHeat (cycleU, cycleDU)) cycleV
      - cycleCH.pairing cycleU (cycleCH.backwardHeat (cycleV, cycleDV)) = 28 := by
  change (conjugateHeatData cycleData cycleWeight cycleMass cycleScalar cycleMass_ne_zero
        cycleRegion).pairing
      ((conjugateHeatData cycleData cycleWeight cycleMass cycleScalar cycleMass_ne_zero
        cycleRegion).forwardHeat (cycleU, cycleDU)) cycleV
      - (conjugateHeatData cycleData cycleWeight cycleMass cycleScalar cycleMass_ne_zero
        cycleRegion).pairing cycleU
        ((conjugateHeatData cycleData cycleWeight cycleMass cycleScalar cycleMass_ne_zero
          cycleRegion).backwardHeat (cycleV, cycleDV)) = 28
  rw [conjugateHeatData_formal_adjoint]
  rw [cycle_volumeVariation_value, cycle_boundaryForm_value]
  norm_num
```
But `cycle_volumeVariation_value` is about `cycleCH.volumeVariation`, which after `change` in the goal is `(conjugateHeatData ...).volumeVariation`. The `rw` might unfold `cycleCH` to match. If not, I can `change` again or state the value lemmas with explicit data. To be safe, let me state `cycle_volumeVariation_value` and `cycle_pairing_*` using the explicit `conjugateHeatData ...` form rather than `cycleCH`. That makes all rewrites straightforward. But the statements become long. Alternatively, keep `cycleCH` in statements and rely on `rw`'s reducible unfolding (which worked for `conjugateHeatData_forwardHeat_apply`).

Actually, in `cycle_pairing_forwardHeat`, the goal had `cycleCH.forwardHeat` and `rw [conjugateHeatData_forwardHeat_apply]` matched — because the theorem's LHS is `(conjugateHeatData ...).forwardHeat j` and the goal's `cycleCH.forwardHeat j` unfolds. So `rw` can match `cycleCH` against `conjugateHeatData ...` in *that* direction. For `cycle_volumeVariation_value` the equation's LHS is `cycleCH.volumeVariation ...`; when rewriting in a goal containing `(conjugateHeatData ...).volumeVariation`, `rw` needs to match the equation's LHS `cycleCH.volumeVariation` against the goal's subterm `(conjugateHeatData ...).volumeVariation`; with reducible unfolding, `cycleCH.volumeVariation` reduces to the same term, so it should match. I think it will work. The earlier failure was because the goal had already been fully unfolded to the raw record `{...}` and `forwardHeatLM`, so the pattern `.forwardHeat` didn't appear at all. Using `change` instead of `simp only` avoids that.

Let me apply:
- Add `norm_num` (and `+decide` where needed) to numeric proofs.
- Fix `cycle_formal_adjoint_value` with `change`.

Let me make the edits.
dsh: reasoning:
1. `cycle_volumeVariation_value`: still `-2 + cycleV 0 = 1`. The `simp +decide [cycleMass, ...]` didn't reduce `cycleV 0`. Why? `cycleV : Fin 2 → ℝ := fun v => if v = 0 then 3 else 5`. `cycleV 0` should reduce by `if_pos rfl`. But the `simp +decide` apparently didn't unfold `cycleV` at the application `cycleV 0`? Wait, `simp +decide [cycleV]` should unfold `cycleV` at `cycleV 0`. Unless the term in the goal is not `cycleV 0` but something else that displays as `cycleV 0`. Hmm, the goal after `simp only [..., Finset.sum_singleton]` is `-2 + cycleV 0 = 1`? That suggests the sum reduced to `(-cycleScalar 0 * cycleMass 0 * cycleU 0 * cycleV 0) + ... + ...`, and `simp +decide` reduced all but `cycleV 0`. Weird. Maybe `simp +decide [cycleV]` unfolds `cycleV` but the `if 0 = 0` is stuck because `Decidable (0 = 0)` for `Fin 2` is not reducible to `isTrue`? `0 = 0` is proved by `rfl`, so `decide` should reduce to `isTrue rfl`. Unless the `if` in `cycleV` is at a lambda and the application `cycleV 0` isn't beta-reduced by simp before the `if`? `simp` does beta-reduce.

Hmm, maybe the issue is that `cycleV` appears under a `∑ x ∈ cycleRegion` that got evaluated to `x = 0`, but the `cycleV 0` is fine. Let me look at the full goal at line 176 to see. Actually, the error shows `⊢ -2 + cycleV 0 = 1`. So `cycleV 0` remains. Let me add `show -2 + (3 : ℝ) = 1`? No.

Try `norm_num [cycleV]` after: `norm_num [cycleV]` should evaluate `if (0:Fin 2) = 0 then 3 else 5`. `norm_num` has support for `if` with decidable props? Maybe not.

Alternative: avoid `if` functions; use `![...]` vectors or `Fin.cases`. Or prove pointwise value lemmas:
```lean
theorem cycleV_zero : cycleV 0 = 3 := rfl
theorem cycleV_one : cycleV 1 = 5 := rfl
```
`rfl` might prove `cycleV 0 = 3` since `if (0:Fin 2) = 0 then 3 else 5` reduces to `3` by `dif_pos rfl`? `0 = 0` is `rfl`, so `if_pos rfl` reduces. Let me test: `example : cycleV 0 = 3 := rfl`. If `rfl` works, then adding these as simp lemmas (`[simp] theorem`) would let `simp` rewrite. But the issue is simp didn't reduce the `if` itself, so maybe `rfl` won't either due to `Decidable` instance opacity. Hmm, `Decidable (0 = 0)` for `Fin 2` uses `instDecidableEqFin` which might not reduce definitionally for `simp`/`rfl`? It should.

Wait — maybe the term displayed as `cycleV 0` is actually `cycleV 0` where `0 : Fin 2` but the `if` condition is `0 = 0` and the `Decidable` instance is `instDecidableEqFin 2` which is defined by `Nat.decEq`; `rfl` may not hold definitionally because `Nat.decEq 0 0` reduces to `isTrue (Nat.zero_eq 0)`? It should reduce. But `simp +decide` should handle it regardless via the `decide` discharger, which uses `decide` (a proof by reflection) — `decide` requires the proposition to be `Decidable` and reduces it by kernel computation. If the `if` is `ite (0 = 0) ...`, `simp +decide` adds `decide` for hypotheses, not for `if` conditions. The `↓reduceIte` simp lemma reduces `if h then a else b` when `h` is definitionally `True`. If the Decidable instance doesn't reduce definitionally, `↓reduceIte` won't fire.

There's a simp config option `simp +decide` which tries `decide` for propositions during simplification; for `ite`, there's the `ite_eq_ite`? Hmm.

Robust fix: prove the pointwise values by `decide`:
```lean
theorem cycleV_zero : cycleV 0 = 3 := by decide
theorem cycleV_one : cycleV 1 = 5 := by decide
```
`decide` proves decidable propositions by evaluation; `cycleV 0 = 3` is a decidable equality of reals (via `Real.decidableEq`? no, real equality is not decidable!). `cycleV 0 = 3` after reducing `cycleV 0` to a numeral becomes `3 = 3`; `decide` would need `Decidable (3 = 3)` which is `isTrue rfl`, and `decide` reduces to `rfl`. But `cycleV 0` is a real expression, and `decide` works on the proposition `cycleV 0 = 3` only if it's decidable; equality of reals is decidable in Lean (via classical? `Real.instDecidableEq` is noncomputable?). Hmm, `decide` won't work for ℝ equality.

Try `norm_num [cycleV]`: `norm_num` evaluates `if` conditions? Let me test with a small file. Actually, a simpler robust approach: define the functions with `Fin.cases`/pattern matching so they compute definitionally:
```lean
def cycleV : Fin 2 → ℝ
  | ⟨0, _⟩ => 3
  | ⟨1, _⟩ => 5
```
But pattern matching on `Fin` literals has overlapping patterns issues.

Better: use `Matrix.cons` vectors: `![3, 5]` and simp lemmas `Matrix.cons_val_zero`, `Matrix.cons_val_one`, `Matrix.head_cons`. The D7-divergence examples used `if v = 0 then 1 else 2` with `simp` and it worked. Let me check how they evaluated: in `edgeData_divPairing`, they used `simp [...]` then `norm_num`. The `if v = 0` with `v : Fin 2` — did their simp reduce it? Their `edgePotential` is `fun v => if v = 0 then 1 else 2` and `sum` over `Finset.univ`; after `Fin.sum_univ_succ`, the terms are at `0` and `Fin.succ 0`; `simp` reduces `if (0:Fin 2) = 0` and `if (Fin.succ 0) = 0` (the latter via `Fin.succ_ne_zero` simp lemma maybe). So plain `simp` worked there, not `simp +decide`. The difference: in my sums, the index `x` is bound by a `∑ x ∈ cycleRegion` and then `cycleRegion = {0}` gives `x = 0` via `Finset.sum_singleton`, but maybe the `x` in the sum is not literally `0`; `Finset.sum_singleton` rewrites `∑ x ∈ {0}, f x` to `f 0`, so it should be.

Hmm, the goal `-2 + cycleV 0 = 1` suggests `cycleU 0`, `cycleScalar 0`, `cycleMass 0` were reduced (they show as numerals) but `cycleV 0` wasn't. Odd. Maybe because `cycleV 0` appears in a position where simp's congruence proof got stuck? Let me look at the actual goal more fully — maybe there are multiple goals and the first one is shown.

Let me try adding `cycleV` to the `norm_num` list: `norm_num [cycleMass, cycleScalar, cycleU, cycleV, cycleDU, cycleDV]`. `norm_num` with the def `cycleV` will unfold it and evaluate the `if`? `norm_num` can handle `if` with decidable conditions if it can decide them (`norm_num` uses `decide` for Nat/Int comparisons; for `Fin` equality it may not).

Alternative robust approach: avoid `if` entirely. Use `Finset`-based definitions or explicit `Fin.cases`:
```lean
def cycleV : Fin 2 → ℝ := ![3, 5]
```
and use `simp` with `Matrix.cons_val_zero`, `Matrix.cons_val_one`, `Matrix.cons_val_fin_one`? The `![...]` notation elaborates to `Matrix.cons`, and there are simp lemmas `Matrix.cons_val_zero : (vecCons a s) 0 = a`, `Matrix.cons_val_one : (vecCons a s) 1 = a`? For `Fin 2`, `![a, b] = Matrix.vecCons a (Matrix.vecCons b Matrix.vecEmpty)`. `Matrix.cons_val_zero` gives `(![a,b]) 0 = a`; `Matrix.cons_val_one` gives `(![a,b]) 1 = b` (for `Fin 2`). These are simp lemmas. Let me switch the function definitions to `![...]`. That also simplifies sums over `Fin 2` maybe.

Actually, even simpler: keep the `if` definitions but prove pointwise simp lemmas:
```lean
@[simp] theorem cycleV_zero : cycleV 0 = 3 := rfl
```
Does `rfl` prove it? The `if` condition is `(0 : Fin 2) = 0`, and `ite` reduces to the then-branch if the `Decidable` instance is `isTrue h` definitionally. For `Fin`, `instDecidableEqFin` is defined via `Nat.decEq` or `instDecidableEqFin` using `Fin.decEq`? Let me test quickly with a small Lean snippet. Let me write a temp file in the workspace and compile it, or use `lake env lean /tmp/test.lean`? The sandbox allows workspace writes; let me create a temp file under the workspace (e.g., `release/Poincare/D7/ConjugateHeat/_tmp.lean`) and delete after. Or use `lean --run` with stdin? Let me just create a scratch file.

Actually, let me test the `rfl` for `cycleV 0` within the existing file by changing the proof and compiling; but a scratch file is faster to iterate. Let me create `release/Poincare/D7/ConjugateHeat/Scratch.lean` (temporary, delete later).

2. `cycle_formal_adjoint_value`: the `change` didn't help because the goal already has `(conjugateHeatData ...).pairing` etc., but `rw [conjugateHeatData_formal_adjoint]` failed. Why? The theorem's LHS pattern is `(conjugateHeatData ?D ?w ?m ?R ?hm ?S).pairing ((conjugateHeatData ?D ...).forwardHeat ?j) ?k.1 - ...`. The goal has exactly that shape (per the error output). Why didn't it match? Look closely at the goal:
```
((conjugateHeatData ... ).pairing
    ((conjugateHeatData ...).forwardHeat (cycleU, cycleDU)))
  cycleV -
((conjugateHeatData ...).pairing cycleU)
  ((conjugateHeatData ...).backwardHeat (cycleV, cycleDV))
```
The theorem's LHS: `(conjugateHeatData ?D ?w ?m ?R ?hm ?S).pairing ((conjugateHeatData ?D ?w ?m ?R ?hm ?S).forwardHeat ?j) ?k.1`. The `?k.1` is `(cycleV, cycleDV).1` which is `cycleV` definitionally but not syntactically; similarly `?j.1` is `cycleU`. `rw` matching uses syntactic/definitional unification with instances; `(cycleV, cycleDV).1` vs `cycleV` should be defeq (Prod.fst). The error output shows the goal already displays `cycleV` and `cycleU` (not `.1`), so `change` must have beta-reduced? The goal as printed is `... cycleV - ... cycleU ...`. The theorem expects `?k.1` and `?j.1` as patterns; when matching, `?k` is a metavariable applied to `(cycleV, cycleDV)` and `?k.1` unfolds to `cycleV`. Unification should solve `?k := (cycleV, cycleDV)` and then `?k.1` is `(cycleV, cycleDV).1` which is defeq to `cycleV`. `rw` should handle this with reducible transparency. Hmm, but it failed.

Maybe the issue is the `hm` argument: `conjugateHeatData` has an implicit `hm` proof argument, and the theorem `conjugateHeatData_formal_adjoint` has a specific `hm` metavariable. The goal's `cycleRegion` etc. are fine. Hmm.

Wait — the theorem `conjugateHeatData_formal_adjoint` is stated as:
```lean
theorem conjugateHeatData_formal_adjoint (D) (w) (m R) (hm) (S) (j k) :
    (conjugateHeatData D w m R hm S).pairing ((conjugateHeatData D w m R hm S).forwardHeat j) k.1
      - (conjugateHeatData D w m R hm S).pairing j.1 ((conjugateHeatData D w m R hm S).backwardHeat k)
      = (conjugateHeatData D w m R hm S).volumeVariation j k - boundaryForm D w S j.1 k.1
```
The goal after `change` has `(conjugateHeatData cycleData cycleWeight cycleMass cycleScalar cycleMass_ne_zero cycleRegion).pairing ((...).forwardHeat (cycleU, cycleDU)) cycleV - ...`. This should match with `j := (cycleU, cycleDU)`, `k := (cycleV, cycleDV)`. The RHS of the theorem is `(conjugateHeatData ...).volumeVariation (cycleU, cycleDU) (cycleV, cycleDV) - boundaryForm cycleData cycleWeight cycleRegion cycleU cycleV`. After rewriting, the goal becomes `... = 28` with RHS replaced by that. Then I rewrite the volumeVariation and boundaryForm values. That should work.

Why did `rw` fail? Possibly because the goal's `cycleU`/`cycleV` are not syntactically `j.1`/`k.1` and `rw` uses `keyed` unification which doesn't unfold projections? Let me instead use the theorem in the forward direction with `exact` or `calc`:
```lean
  have h := conjugateHeatData_formal_adjoint cycleData cycleWeight cycleMass cycleScalar
    cycleMass_ne_zero cycleRegion (cycleU, cycleDU) (cycleV, cycleDV)
  -- h : LHS pattern = volumeVariation - boundaryForm
  rw [h]
```
Same matching issue.

Alternative: avoid `j.1` patterns by restating the goal with `(cycleU, cycleDU).1` and `(cycleV, cycleDV).1`? The `change` I wrote uses `(cycleU, cycleDU)` for `j`, and `j.1` in the theorem is `(cycleU, cycleDU).1`; the goal has `cycleU` (already reduced). So the theorem's LHS after instantiation is `... ((conjugateHeatData ...).forwardHeat (cycleU, cycleDU)) (cycleV, cycleDV).1 - ... (cycleU, cycleDU).1 ...`, and `rw` needs to match `(cycleV, cycleDV).1` against `cycleV` in the goal. This is defeq but `rw` may not reduce projections. Let me help by `simp only [Prod.fst]` or `show` the goal with `.1` explicitly:
```lean
  change ... (cycleV, cycleDV).1 ... (cycleU, cycleDU).1 ... = 28
```
Actually, my `change` wrote `cycleV` and `cycleU` directly. Let me write `(cycleV, cycleDV).1` and `(cycleU, cycleDU).1` in the `change` so the goal matches the theorem syntactically. Then `rw` should work. Let me do that.

Alternatively, use the `formal_adjoint` theorem at the abstract level:
```lean
  have h := (conjugateHeatData cycleData cycleWeight cycleMass cycleScalar cycleMass_ne_zero
    cycleRegion).formal_adjoint (cycleU, cycleDU) (cycleV, cycleDV)
  -- h : pairing (forwardHeat (cycleU,cycleDU)) (cycleV,cycleDV).1 - pairing (cycleU,cycleDU).1 (backwardHeat ...) = volumeVariation ... - boundaryForm (cycleU,cycleDU).1 (cycleV,cycleDV).1
  rw [h]
```
Still `.1` issue but `exact` with `h` for the goal: `calc LHS = ... := h; _ = 28 := by ...`. The `calc` step `LHS = volumeVariation - boundaryForm` with `h` requires matching; `exact h` should work if the goal's LHS is defeq to h's LHS (elaboration up to defeq). Actually `exact` unifies up to defeq, so `h` can prove the goal `LHS_goal = RHS_goal` if defeq. The problem is `rw`, which uses more syntactic matching. Let me use:
```lean
  have h := (conjugateHeatData ...).formal_adjoint (cycleU, cycleDU) (cycleV, cycleDV)
  calc cycleCH.pairing (cycleCH.forwardHeat (cycleU, cycleDU)) cycleV
        - cycleCH.pairing cycleU (cycleCH.backwardHeat (cycleV, cycleDV))
      = (conjugateHeatData ...).volumeVariation (cycleU, cycleDU) (cycleV, cycleDV)
        - (conjugateHeatData ...).boundaryForm (cycleU, cycleDU).1 (cycleV, cycleDV).1 := h
    _ = 4 - (-24) := by rw [cycle_volumeVariation_value, cycle_boundaryForm_value]
    _ = 28 := by norm_num
```
The first calc step's LHS is `cycleCH...` (defeq to h's LHS) and RHS as h's RHS. `exact h` should typecheck by defeq. Then the second step uses `cycle_volumeVariation_value` (about `cycleCH.volumeVariation`) — but the calc's middle expression uses `(conjugateHeatData ...).volumeVariation`; `rw` with `cycle_volumeVariation_value` needs matching `cycleCH.volumeVariation` against `(conjugateHeatData ...).volumeVariation` — defeq, might fail again. Let me state `cycle_volumeVariation_value` about the explicit `(conjugateHeatData ...)` form instead of `cycleCH`. Let me restate the two value lemmas using the explicit form, and keep `cycleCH` only in the final theorem statement.

Actually, simplest overall: avoid `cycleCH` entirely. Replace `cycleCH` with the explicit `conjugateHeatData cycleData ... cycleRegion` everywhere. Then all lemmas and rewrites are syntactic. The verbosity is acceptable. Let me do a global replacement in Example.lean:
- Remove the `cycleCH` abbrev.
- Replace `cycleCH` with `(conjugateHeatData cycleData cycleWeight cycleMass cycleScalar cycleMass_ne_zero cycleRegion)`.

I can do this with `sed`-like edits. Since `cycleCH` appears in several places, let me use `bash sed` on the file? The instructions prefer the edit tool, but for a global replacement `replace_all` in edit works. Let me use edit with `replace_all: true` replacing `cycleCH` with the long expression. But `cycleCH` appears in the abbrev definition itself; I'd remove that separately.

Let me first delete the abbrev definition, then replace all remaining `cycleCH` with the explicit expression.

Let me view the file around the abbrev and the usages.
dsh: reasoning:
Let me replace the abbrev with a `def` plus `[simp]` projection lemmas? Hmm. Instead, let me define the explicit data as `cycleCH` but make it a `def` (not abbrev) and add `@[simp]` lemmas for its projections:

```lean
noncomputable def cycleCH : ConjugateHeatData (Fin 2 → ℝ) :=
  conjugateHeatData cycleData cycleWeight cycleMass cycleScalar cycleMass_ne_zero cycleRegion

@[simp] theorem cycleCH_pairing : cycleCH.pairing = pairingOnLM cycleMass cycleRegion := rfl
@[simp] theorem cycleCH_forwardHeat : cycleCH.forwardHeat = forwardHeatLM (metricFlowInterface cycleData cycleWeight cycleMass cycleScalar cycleMass_ne_zero cycleRegion) := rfl
@[simp] theorem cycleCH_backwardHeat : cycleCH.backwardHeat = backwardHeatLM (...) := rfl
@[simp] theorem cycleCH_volumeVariation : cycleCH.volumeVariation = (fun j k => ...) := rfl
@[simp] theorem cycleCH_boundaryForm : cycleCH.boundaryForm = fun u v => boundaryForm cycleData cycleWeight cycleRegion u v := rfl
```

But the `formal_adjoint` theorem is about the abstract `cycleCH.formal_adjoint`, which uses `cycleCH.forwardHeat` etc. The `rw [cycleCH.formal_adjoint ...]` would match syntactically since the goal uses `cycleCH.forwardHeat`. Then the RHS is `cycleCH.volumeVariation j k - cycleCH.boundaryForm j.1 k.1`; `rw [cycleCH_volumeVariation]` etc. could unfold. This works but adds boilerplate.

Simplest is to just write out the explicit data everywhere. Let me do that with `replace_all` for `cycleCH` → `(conjugateHeatData cycleData cycleWeight cycleMass cycleScalar cycleMass_ne_zero cycleRegion)`, then remove the abbrev lines. But `cycleCH.isConjugateHeatJet_self` becomes `(conjugateHeatData ...).isConjugateHeatJet_self` — fine. And in `cycle_pairing_forwardHeat`, the `simp only [cycleCH, ...]` line becomes `simp only [(conjugateHeatData ...), ...]` which is invalid syntax (can't have a parenthesized expression in simp list). I need to handle those lines: remove `cycleCH` from the simp lists and add `conjugateHeatData` etc. (already there).

Let me do this carefully with individual edits. There are ~12 occurrences. Let me view the section and rewrite it wholesale.
dsh: reasoning:
Let me look at the rest and then rewrite the section from line 93 onward. Actually, a cleaner approach to fix the `cycleV 0` issue: prove pointwise `rfl` lemmas for all the `if`-defined functions. Let me test whether `rfl` works for `cycleV 0 = 3`. I'll add:
```lean
theorem cycleV_zero : cycleV 0 = 3 := rfl
```
If this compiles, then I can mark these as `[simp]` and the numeric evaluations become trivial. Let me test quickly by adding these lemmas after the definitions and recompiling; if `rfl` fails, I'll know.

Actually, the fact that `simp +decide [cycleMass, cycleU]` reduced `cycleMass 0`, `cycleU 0` but not `cycleV 0` in one spot is suspicious. Wait, in the goal `-2 + cycleV 0 = 1`, maybe the `cycleV 0` came from `cycle_volumeVariation_value` where the simp list included `cycleV`... Let me check the exact proof at line 185-190 now:

```lean
theorem cycle_volumeVariation_value :
    cycleCH.volumeVariation (cycleU, cycleDU) (cycleV, cycleDV) = 4 := by
  simp only [cycleCH, conjugateHeatData, ConjugateHeatData.ofInterface, metricFlowInterface,
    cycleRegion, Finset.sum_singleton]
  simp +decide [cycleMass, cycleScalar, cycleU, cycleV, cycleDU, cycleDV]
  norm_num
```
The `simp +decide [...]` reduced some but not `cycleV 0`. Hmm, the goal `-2 + cycleV 0 = 1`: `-2` presumably from `(-cycleScalar 0 * cycleMass 0 * cycleU 0) * cycleV 0`? Let me compute: `(-1*2)*1*3 = -6`; `2*2*3 = 12`; `2*1*(-1) = -2`. So `-6 + 12 + (-2) = 4`. The goal `-2 + cycleV 0 = 1` doesn't match. Hmm, `-2 + cycleV 0 = 1` with `cycleV 0 = 3` gives 1. So after simplification, the goal became `-2 + cycleV 0 = 1`? That means some of the terms were simplified to `-2 + cycleV 0`?? That looks like the `boundaryPair` goal, not volumeVariation. Wait, line 176 is `cycle_volumeVariation_value`? The grep earlier showed line 185 for `cycleCH.volumeVariation`. After my edits, line numbers shifted. The error at 176:75 is likely `cycle_boundaryPair_uv` or `vu`? Let me recheck: earlier errors were at 176 and 204. After edits, line 176 might be `cycle_boundaryPair_vu` with goal `-2 + cycleV 0 = 1`? Let me compute `boundaryPair v u` = 6: terms: first sum e0: `(v1-v0)*u0 = (5-3)*1 = 2`; second sum e1: `(v0-v1)*u0 = (3-5)*1 = -2`; total 0?? Wait, earlier I computed boundaryPair v u = 2 + 4 = 6. Let me recompute with the definition:
- first sum: edges with src∈S,tgt∉S: e0 (src0,tgt1): `w0 * (v(tgt)-v(src)) * u(src) = 1*(5-3)*1 = 2`.
- second sum: edges with tgt∈S,src∉S: e1 (src1,tgt0): `w1 * (v(src)-v(tgt)) * u(tgt) = 2*(5-3)*1 = 4`. Wait, `v(src) = v1 = 5`, `v(tgt) = v0 = 3`, so `(5-3)*u(tgt)=2*1=2`, times w1=2 gives 4. Total 6. ✓.

But the goal shows `-2 + cycleV 0 = 1`, which suggests the second sum's `u(tgt)` became `cycleV 0`? That would be wrong — it's `u(tgt)` = `cycleU 0`. Unless I mislabeled the variables in the lemma: `cycle_boundaryPair_vu` is `boundaryPair ... cycleV cycleU` (u := cycleV, v := cycleU). Then the first sum: `w0*(u(tgt)-u(src))*v(src)` with u=cycleV, v=cycleU: `1*(5-3)*cycleU 0 = 2*1 = 2`. Second sum: `w1*(u(src)-u(tgt))*v(tgt) = 2*(5-3)*cycleU 0 = 4`. So the result is `2 + 4 = 6`. The goal `-2 + cycleV 0 = 1` doesn't fit; maybe it's a different lemma. Let me look at the exact error context again after recompiling. Actually the last compile showed error at 176:75 `⊢ -2 + cycleV 0 = 1` and at 204 (formal adjoint). Let me view lines 165-210 of the current file to identify.
dsh: reasoning:
Line 176 is `cycle_pairing_backwardHeat`, and the error goal `-2 + cycleV 0 = 1` is from line 182's `norm_num [cycleMass, cycleU, cycleDV, cycleScalar]`. Let me see: `cycleCH.pairing cycleU (backwardHeat (cycleV, cycleDV))` after rewriting backwardHeat and evaluating the singleton sum:
`cycleMass 0 * cycleU 0 * ((-cycleDV - lap cycleV + scalarMulLM cycleScalar cycleV) 0)`
= `2 * 1 * (1 - 3 + 1*3)` = `2 * 1 * 1 = 2`. The goal `-2 + cycleV 0 = 1` suggests `norm_num` unfolded `cycleV` to `if ...`? Hmm, `-2 + cycleV 0 = 1`: if `cycleV 0 = 3`, then `1 = 1`. So `norm_num` simplified everything except `cycleV 0`, and the residual is `-2 + cycleV 0 = 1`. Why does `cycleV 0` appear at all in `cycle_pairing_backwardHeat`? Because `lap cycleV 0` was rewritten by `cycle_laplaceBeltrami_v_zero`? I did `rw [cycle_laplaceBeltrami_v_zero]` at line 181. But the term in the goal is `(laplaceBeltrami ... cycleV) 0` — after `Pi.sub_apply, Pi.add_apply, Pi.neg_apply`, it's `-cycleDV 0 - (laplaceBeltrami ... cycleV) 0 + (scalarMulLM cycleScalar cycleV) 0`. The `rw [cycle_laplaceBeltrami_v_zero]` should match `(laplaceBeltrami ... cycleV) 0`. Then `scalarMulLM_apply` gives `cycleScalar 0 * cycleV 0`. So `cycleV 0` remains from `scalarMulLM cycleScalar cycleV`; `norm_num [cycleMass, cycleU, cycleDV, cycleScalar]` doesn't include `cycleV`! I forgot to include `cycleV` in the norm_num list. That's the fix: add `cycleV` to line 182's norm_num list. Since `norm_num` with `cycleV` — will it reduce `cycleV 0`? Earlier in `cycle_pairing_forwardHeat`, `norm_num [cycleMass, cycleV, cycleDU]` succeeded (no error at that line), so `norm_num` does reduce `cycleV 0` when given `cycleV`. Good.

So fix line 182: add `cycleV`.

For `cycle_volumeVariation_value` (line 184): the previous compile error at 176 was this line? No, 176 is backwardHeat. Let me re-run and see remaining errors. The last compile errors were at 176 and 204. So only two errors remain:
1. line 182 norm_num missing `cycleV`.
2. line 204 `rw [conjugateHeatData_formal_adjoint]` matching issue.

For (2), the `change` made the goal `(conjugateHeatData ...).pairing ((conjugateHeatData ...).forwardHeat (cycleU, cycleDU)) cycleV - ...`. The theorem's pattern needs `k.1` = `cycleV`. The goal's `cycleV` is `(cycleV, cycleDV).1`? After `change`, the `cycleV` is literally the variable `cycleV`; the theorem instantiated at `k := (cycleV, cycleDV)` gives `k.1 = (cycleV, cycleDV).1`, which reduces to `cycleV` but `rw` might not. Let me change the goal to use `.1` explicitly:
```lean
  change (conjugateHeatData ...).pairing
      ((conjugateHeatData ...).forwardHeat ((cycleU, cycleDU))) (cycleV, cycleDV).1
      - (conjugateHeatData ...).pairing (cycleU, cycleDU).1
        ((conjugateHeatData ...).backwardHeat (cycleV, cycleDV)) = 28
```
But then the goal displays `.1` and the theorem's `j.1`, `k.1` match syntactically. However, `change` needs the new statement to be defeq to the old; `(cycleV, cycleDV).1` is defeq to `cycleV`, so fine.

Wait, but `change` with `(cycleU, cycleDU).1` — the original goal has `cycleU`; `Prod.fst (cycleU, cycleDU)` is defeq. Good.

Then after `rw [conjugateHeatData_formal_adjoint]`, the RHS is `(conjugateHeatData ...).volumeVariation (cycleU, cycleDU) (cycleV, cycleDV) - boundaryForm cycleData cycleWeight cycleRegion (cycleU, cycleDU).1 (cycleV, cycleDV).1`. Then `rw [cycle_volumeVariation_value]` matches the first part (syntactic: `(conjugateHeatData ...).volumeVariation (cycleU, cycleDU) (cycleV, cycleDV)` vs `cycleCH.volumeVariation ...`; `cycleCH` unfolds to `conjugateHeatData ...`, so `rw` should match with reducible unfolding). The boundaryForm part has `.1` projections while `cycle_boundaryForm_value` is about `boundaryForm cycleData cycleWeight cycleRegion cycleU cycleV`; need to reduce `.1` first. Let me add `simp only [Prod.fst]`? `Prod.fst` is `Prod.fst (a, b) = a`; simp lemma is `Prod.fst_mk`? Let me just include `(cycleU, cycleDU).1` handling via `simp only [Prod.fst]`? There's `Prod.fst` as a definition; the simp lemma `Prod.fst_mk : (a, b).1 = a` might be `Prod.fst_mk`? Actually `(a, b).1` reduces to `a` by `rfl` (Prod.fst is defined by pattern matching). So `rw [cycle_boundaryForm_value]` might match after unification with reducible unfolding. Let me try.

Alternatively, avoid the `.1` issue by using the `formal_adjoint` theorem of the concrete data directly and then `show` the goal with the explicit `cycleU`/`cycleV`:
```lean
  have h := (conjugateHeatData cycleData cycleWeight cycleMass cycleScalar cycleMass_ne_zero
    cycleRegion).formal_adjoint (cycleU, cycleDU) (cycleV, cycleDV)
  -- h has `.1` in it
  simp only [Prod.fst] at h  -- reduce the projections in h
  rw [h]
```
Hmm, `Prod.fst` as a simp lemma: `simp only [Prod.fst]` might unfold the definition (which is `fun p => p.1`?), causing loops. There's `Prod.fst_mk`? Let me check: `@[simp] theorem Prod.fst_mk (a : α) (b : β) : (a, b).1 = a`. I believe it's `Prod.fst_mk` or `Prod.mk.eta`/`Prod.fst`. Let me grep.

Actually, the simplest robust approach: state the final theorem using `(cycleU, cycleDU).1` etc.? Ugly.

Alternative: use `simpa using h` to prove the goal, where `simpa` normalizes both:
```lean
theorem cycle_formal_adjoint_value : ... := by
  have h := (conjugateHeatData cycleData cycleWeight cycleMass cycleScalar cycleMass_ne_zero
    cycleRegion).formal_adjoint (cycleU, cycleDU) (cycleV, cycleDV)
  rw [show (conjugateHeatData cycleData cycleWeight cycleMass cycleScalar cycleMass_ne_zero
      cycleRegion).volumeVariation (cycleU, cycleDU) (cycleV, cycleDV) = 4 from
    cycle_volumeVariation_value] at h
  rw [cycle_boundaryForm_value] at h
  -- h : LHS (with .1) = 4 - (-24)
  norm_num at h
  -- h : LHS = 28
  exact h
```
The final `exact h` requires the goal's LHS to be defeq to h's LHS; the goal has `cycleCH.pairing (cycleCH.forwardHeat ...) cycleV - cycleCH.pairing cycleU (...)` and h has `(conjugateHeatData ...).pairing (...) (cycleV, cycleDV).1 - ...`. Defeq should hold (`cycleCH` unfolds, `.1` reduces). `exact` unifies up to defeq, so this should work. Let me try that.

Let me apply both fixes.
dsh: reasoning:
Only one error left: `rw [cycle_boundaryForm_value] at h` fails because `h` contains `(cycleU, cycleDU).1` and `(cycleV, cycleDV).1` instead of `cycleU`, `cycleV`. Let me reduce the projections in `h` first. There's a simp lemma for `Prod.fst`: `Prod.fst` is a projection; `simp` should reduce `(a,b).1` to `a` via `Prod.fst_mk`? Let me check the lemma name. `@[simp] theorem Prod.fst_mk (a : α) (b : β) : (a, b).1 = a` — I believe it exists as `Prod.fst_mk`. Let me grep.
dsh: reasoning:
`Prod.fst_mk` isn't found by that grep (the Prod lemmas are in `Init`/core, not mathlib). In Lean 4 core, there's `Prod.fst` and `(a, b).1` reduces definitionally; `simp` might use `Prod.fst_mk`? Let me just use `show` to rewrite h's LHS with explicit cycleU/cycleV, or use `change` on `h`:

```lean
  change (conjugateHeatData ...).pairing
      ((conjugateHeatData ...).forwardHeat (cycleU, cycleDU)) cycleV
      - (conjugateHeatData ...).pairing cycleU
        ((conjugateHeatData ...).backwardHeat (cycleV, cycleDV))
      = (conjugateHeatData ...).volumeVariation (cycleU, cycleDU) (cycleV, cycleDV)
        - boundaryForm cycleData cycleWeight cycleRegion cycleU cycleV at h
```
`change ... at h` should work since the projections are defeq. Then `rw [cycle_boundaryForm_value] at h` matches. Let me add that `change` before the rw.

Alternatively, use `simp only [Prod.fst]` — no. Let me use `change`.

Actually, simpler: use `simp only [Prod.fst_eq]`? There might be `Prod.fst_eq` / `Prod.snd_eq`? In Lean core: `@[simp] theorem Prod.fst_mk : (a, b).1 = a`? Let me check `#check` quickly... Let me just use `change`.
dsh: reasoning:
Example.lean compiles! Let me update the todo list and proceed to Blocked.lean, Probe.lean, Audit.lean, and an umbrella `All.lean`.

Actually wait — the task says add files only under `Poincare/D7/ConjugateHeat/`. I should also create an umbrella module `Poincare/D7/ConjugateHeat.lean`? That would be outside the directory, violating the instruction. Instead, I can add `ConjugateHeat/All.lean` that imports all submodules. The prior tasks had an umbrella outside; but the instruction is explicit here. Let me add `All.lean` inside.

Now `Blocked.lean`: state-only Prop for conjugate heat kernel existence with missing dependencies.

Design (following the prior task's Blocked.lean style):

```lean
import Poincare.D7.ConjugateHeat.Instance
import Mathlib.Geometry.Manifold.Instances.Real  -- maybe
import Mathlib.MeasureTheory.Measure.Haar.Basic
import Mathlib.Analysis.InnerProductSpace.Basic
```

Let me design a schematic analytic interface for the conjugate heat kernel:

```lean
/-- A schematic conjugate-heat spacetime datum on a manifold `M`: the volume measure at the
current time, the Laplace–Beltrami operator, multiplication by the scalar curvature, and the
backward time derivative. -/
structure ConjugateHeatSpacetime (M : Type*) [TopologicalSpace M] [MeasurableSpace M] where
  /-- the Riemannian volume measure of the time slice -/
  volume : Measure M
  /-- the Laplace–Beltrami operator on functions -/
  laplacian : (M → ℝ) →ₗ[ℝ] (M → ℝ)
  /-- multiplication by the scalar curvature -/
  scalarMul : (M → ℝ) →ₗ[ℝ] (M → ℝ)
  /-- the backward time derivative of a spacetime function at the current slice -/
  backwardTimeDerivative : (M → ℝ) →ₗ[ℝ] (M → ℝ)
  /-- positivity of the volume on nonempty open sets -/
  volume_pos : ∀ U : Set M, IsOpen U → U.Nonempty → 0 < volume U
  /-- finiteness on compact sets -/
  volume_lt_top : ∀ K : Set M, IsCompact K → volume K < ⊤
  /-- the conjugate heat operator □* = -∂_t - Δ + R -/
  conjugateHeat : (M → ℝ) → (M → ℝ) := fun u => -backwardTimeDerivative u - laplacian u + scalarMul u
```

Hmm, `volume_pos : volume U` requires `volume` to be a measure and `U` measurable? `Measure` returns `ℝ≥0∞`; `0 < volume U` works (`ENNReal`). `volume_lt_top` similar.

Then `IsConjugateHeatKernel`:
```lean
structure IsConjugateHeatKernel (S : ConjugateHeatSpacetime M) (K : M → M → ℝ → ℝ) : Prop where
  positive : ∀ x y t, 0 < K x y t
  solves : ∀ y t, ... -- □* in the x variable = 0
  normalized : ∀ y t, ∫ x, K x y t ∂S.volume = 1
  tends_to_delta : ∀ (f : M → ℝ), Continuous f → ∀ y, Tendsto (fun t => ∫ x, K x y t * f x ∂S.volume) (𝓝[<] t₀) (𝓝 (f y))
```

Hmm, `solves` needs the conjugate heat equation for the kernel in `(x,t)`. Since `S.conjugateHeat` acts on functions of `x` and uses `backwardTimeDerivative`, the equation is `S.conjugateHeat (fun x => K x y t) = 0`? But `backwardTimeDerivative` at the current slice is part of the datum, so this is schematic.

Then:
```lean
def ConjugateHeatKernelExistenceStatement : Prop :=
  ∀ (M : Type) [TopologicalSpace M] [MeasurableSpace M] [BorelSpace M] [CompactSpace M] ...,
    ∀ S : ConjugateHeatSpacetime M, IsRiemannianConjugateHeatSpacetime S →
      ∀ y₀ : M, ∀ t₀ : ℝ, ∃ K : M → M → ℝ → ℝ, IsConjugateHeatKernel S K
```
But the `IsConjugateHeatKernel` includes the delta initial condition, which requires a time parameter. Let me simplify: the kernel `K` is defined for `t ≤ t₀`? The existence of a fundamental solution with `K(·, y, t) → δ_y` as `t → t₀⁻`. The statement should include `tendsto_to_dirac`.

Since this is state-only, I don't need to prove anything about it; I just need the Prop to typecheck and have consistency checks. The prior task included a zero datum and proved `not_isRiemannian_zero` and `isRiemannian_zero_of_isEmpty`. Let me do similar:

- `IsRiemannianConjugateHeatSpacetime S : Prop` collecting the geometric requirements: positive volume on nonempty opens, finite on compacts, Laplacian self-adjoint for the volume pairing (as a property? hard without integration), scalar curvature nonnegative? Let me keep it schematic but meaningful:
```lean
structure IsRiemannianConjugateHeatSpacetime (S : ConjugateHeatSpacetime M) : Prop where
  volume_pos : ∀ U, IsOpen U → U.Nonempty → 0 < S.volume U
  volume_lt_top : ∀ K, IsCompact K → S.volume K < ⊤
  scalarCurvature_bdd : ∃ C, ∀ x, ... -- no, scalarMul is an operator, not a function
```
Hmm, to keep it self-contained, maybe define the datum with explicit functions `scalarCurvature : M → ℝ`, `laplacianOp`, etc. But at the abstract level, the predicate can be:
```lean
structure IsRiemannianConjugateHeatSpacetime (S) : Prop where
  volume_pos : ...
  volume_lt_top : ...
  conjugate_heat_symm : ∀ u v, ... -- an integral identity, needs integrability
```
Simplest: the predicate has the volume properties and a "nondegeneracy" of the scalar curvature multiplication. Consistency: the zero datum (zero measure, zero operators) is not Riemannian (volume not positive), and on an empty manifold the zero datum is Riemannian vacuously (`isRiemannian_zero_of_isEmpty`). Let me mirror the prior task exactly.

For `M` empty, `volume` is the zero measure, `volume_pos : ∀ U, IsOpen U → U.Nonempty → 0 < volume U` holds vacuously because `U.Nonempty` is false. `volume_lt_top` holds (zero measure). So `IsRiemannian... zeroDatum` holds on an empty type. Good. And `not_isRiemannian_zero` on a nonempty space with a nonempty open set (e.g., `M = ℝ`, `U = univ`) shows the zero datum is not Riemannian. 

Let me define:
```lean
def ConjugateHeatSpacetime.zero (M) [TopologicalSpace M] [MeasurableSpace M] : ConjugateHeatSpacetime M where
  volume := 0
  laplacian := 0
  scalarMul := 0
  backwardTimeDerivative := 0
  conjugateHeat := fun u => 0  -- or derive
```
If `conjugateHeat` is a def field with a default? Structures can't have derived fields easily; let me make `conjugateHeat` a `def` on the structure instead of a field:
```lean
def ConjugateHeatSpacetime.conjugateHeat (S : ConjugateHeatSpacetime M) (u : M → ℝ) : M → ℝ :=
  -S.backwardTimeDerivative u - S.laplacian u + S.scalarMul u
```
Then the structure has 4 fields.

The predicate:
```lean
structure IsRiemannianConjugateHeatSpacetime (S : ConjugateHeatSpacetime M) : Prop where
  volume_pos : ∀ U : Set M, IsOpen U → U.Nonempty → 0 < S.volume U
  volume_lt_top : ∀ K : Set M, IsCompact K → S.volume K < ⊤
  laplacian_symm : ∀ u v : M → ℝ, ∫ x, S.laplacian u x * v x ∂S.volume = ∫ x, u x * S.laplacian v x ∂S.volume
  scalarMul_pos : ∀ u : M → ℝ, (∀ x, 0 ≤ u x) → ∀ x, 0 ≤ S.scalarMul u x
```
Hmm, the integral identity requires integrability; as a Prop it's fine (the integral of a non-integrable function is 0 in Bochner integration, but it's just a stated property). Maybe simpler to avoid integrals and keep the predicate to volume properties plus a nondegeneracy condition on the Laplacian:
```lean
structure IsRiemannianConjugateHeatSpacetime (S) : Prop where
  volume_pos : ...
  volume_lt_top : ...
  laplacian_not_zero : S.laplacian ≠ 0
```
But then the zero datum on an empty space would fail `laplacian_not_zero` (zero map = 0). So drop it. Let me use only the volume conditions plus a "scalar curvature is bounded below" if we had a function. Since `scalarMul` is an operator, skip. The predicate being just the volume conditions is fine for a state-only blocked statement.

Actually, to make the blocked statement meaningful, I want the `Prop` to mention the actual missing content. Let me write:

```lean
/-- **The conjugate heat kernel existence statement** (state-only). For every compact Riemannian
manifold (schematically: a `ConjugateHeatSpacetime` satisfying the Riemannian predicate) and every
`(y₀, t₀)`, there exists a conjugate heat kernel: a positive function `K x y t` solving
`□* K = 0` in `(x, t)` for `t < t₀`, normalized to `∫ K = 1`, and converging to the Dirac delta at
`y` as `t → t₀⁻`. -/
def ConjugateHeatKernelExistenceStatement : Prop :=
  ∀ (M : Type) [TopologicalSpace M] [MeasurableSpace M] [BorelSpace M],
    ∀ (S : ConjugateHeatSpacetime M), IsRiemannianConjugateHeatSpacetime S →
      ∀ y₀ : M, ∀ t₀ : ℝ,
        ∃ K : M → M → ℝ → ℝ, IsConjugateHeatKernel S K
```

`IsConjugateHeatKernel`:
```lean
structure IsConjugateHeatKernel (S : ConjugateHeatSpacetime M) (K : M → M → ℝ → ℝ) : Prop where
  positive : ∀ x y t, 0 < K x y t
  solves : ∀ y t, S.conjugateHeat (fun x => K x y t) = 0
  normalized : ∀ y t, ∫ x, K x y t ∂S.volume = 1
  dirac_limit : ∀ (f : M → ℝ), Continuous f → ∀ y : M,
    Tendsto (fun t : ℝ => ∫ x, K x y t * f x ∂S.volume) (𝓝[<] 0) (𝓝 (f y))
```
Hmm, `∫ x, K x y t ∂S.volume = 1` — the integral of a real-valued function is `1 : ℝ`. Fine. `Tendsto ... (𝓝[<] 0)` requires `TopologicalSpace ℝ` (available) and `Filter`. The `𝓝[<] (0:ℝ)` notation needs `TopologicalSpace`; fine. But the time variable in `K x y t` should be relative to `t₀`; the statement quantifies `t₀` but the kernel predicate doesn't use it. Let me include `t₀` in the predicate:
```lean
structure IsConjugateHeatKernel (S : ConjugateHeatSpacetime M) (t₀ : ℝ) (K : M → M → ℝ → ℝ) : Prop where
  ...
  dirac_limit : ∀ (f : M → ℝ), Continuous f → ∀ y : M,
    Tendsto (fun t : ℝ => ∫ x, K x y t * f x ∂S.volume) (𝓝[<] t₀) (𝓝 (f y))
```
And the existence statement:
```lean
def ConjugateHeatKernelExistenceStatement : Prop :=
  ∀ (M : Type) [TopologicalSpace M] [MeasurableSpace M] [BorelSpace M]
    (S : ConjugateHeatSpacetime M), IsRiemannianConjugateHeatSpacetime S →
      ∀ y₀ : M, ∀ t₀ : ℝ, ∃ K : M → M → ℝ → ℝ, IsConjugateHeatKernel S t₀ K
```

Wait, `[BorelSpace M]` requires `MeasurableSpace M` and `TopologicalSpace M`. Fine.

The `solves` field uses `S.conjugateHeat (fun x => K x y t) = 0` — this is the conjugate heat equation in the *backward* time variable; the `backwardTimeDerivative` operator is schematic, so it's a formal statement. Good.

Blockers with names and reasons, plus `MissingMathlibDependencies` and `PresentMathlibDependencies` lists. Also consistency:
- `ConjugateHeatSpacetime.zero`.
- `not_isRiemannian_zero` (on a space with a nonempty open set, e.g. `ℝ`): the zero measure has `volume univ = 0`, so `volume_pos` fails.
- `isRiemannian_zero_of_isEmpty`: on an empty space, all volume conditions hold vacuously.

For `not_isRiemannian_zero`, I need a nonempty open set in `M`. To avoid extra typeclass assumptions, state it for a specific `M`? The prior task did:
```lean
theorem ManifoldDivergenceDatum.not_isRiemannian_zero ...
```
Let me do:
```lean
theorem not_isRiemannian_zero (M : Type*) [TopologicalSpace M] [MeasurableSpace M]
    (hU : ∃ U : Set M, IsOpen U ∧ U.Nonempty) :
    ¬ IsRiemannianConjugateHeatSpacetime (ConjugateHeatSpacetime.zero M) := by
  intro h
  obtain ⟨U, hUopen, hUne⟩ := hU
  have := h.volume_pos U hUopen hUne
  simpa [ConjugateHeatSpacetime.zero] using this
```
`h.volume_pos U hUopen hUne : 0 < (zero).volume U = 0`, contradiction via `simpa`.

For `isRiemannian_zero_of_isEmpty`:
```lean
theorem isRiemannian_zero_of_isEmpty (M : Type*) [TopologicalSpace M] [MeasurableSpace M]
    [IsEmpty M] : IsRiemannianConjugateHeatSpacetime (ConjugateHeatSpacetime.zero M) where
  volume_pos := by intro U _ hU; exact isEmpty_elim (hU.elim id)
  volume_lt_top := by intro K _; simp [ConjugateHeatSpacetime.zero]
```
`hU : U.Nonempty = ⟨x, _⟩`; `IsEmpty M` gives `isEmptyElim x`. Good.

Also `IsConjugateHeatKernel` consistency: the zero kernel is not a kernel (positivity fails). Maybe `not_isConjugateHeatKernel_zero` on a nonempty M:
```lean
theorem not_isConjugateHeatKernel_zero (S) (t₀) [hM : Nonempty M] :
    ¬ IsConjugateHeatKernel S t₀ (fun _ _ _ => 0) := by
  intro h
  obtain ⟨x⟩ := hM
  have := h.positive x x t₀
  simpa using this
```
Good.

Blockers:
- `B-D7-CONJUGATE-HEAT-KERNEL-EXISTENCE`
- `B-D7-HEAT-KERNEL-MANIFOLD`
- `B-D7-DIRAC-DELTA`
- `B-D7-GAUSSIAN-BOUNDS`
- `B-D7-RICCI-FLOW-SPACETIME`
- `B-D7-PARABOLIC-MAXIMUM-PRINCIPLE`

Define:
```lean
structure Blocker where
  name : String
  reason : String

def blockers : List Blocker := [...]

theorem blockers_length : blockers.length = 6 := rfl
theorem blockers_ne_nil : blockers ≠ [] := by decide? -- List ≠ [] is decidable; use `by simp [blockers]`
```
Hmm, `blockers ≠ []` by `simp [blockers]`.

Also `MissingMathlibDependencies : List String` and `PresentMathlibDependencies : List String`, with length lemmas.

The task requirement 3: "State-only Prop for conjugate heat kernel existence with missing dependencies." So the main deliverable is `ConjugateHeatKernelExistenceStatement` plus the missing dependency lists. Good.

Let me also link to the abstract `ConjugateHeatData` from Basic.lean: the `ConjugateHeatSpacetime.conjugateHeat` is the same operator shape. I can mention in the docstring. Maybe define a bridge: given a `ConjugateHeatSpacetime`, at a fixed slice the operator is `-∂_t - Δ + R` matching `ConjugateHeatData.backwardHeat`. Not necessary.

Let me write Blocked.lean. Imports: `Poincare.D7.ConjugateHeat.Instance`, `Mathlib.MeasureTheory.Measure.Haar.Basic` (for Measure), `Mathlib.Topology.Basic`, `Mathlib.Analysis.Normed.Group.Basic`? `Measure` is in `Mathlib.MeasureTheory.Measure.MeasureSpace`. Since we import Instance (which imports Mathlib.Tactic via Laplacian), most things are available. Let me add `import Mathlib.MeasureTheory.Measure.MeasureSpace` and `import Mathlib.Topology.Algebra.Order.LiminfLimsup` maybe for `Tendsto`. `Mathlib.Tactic` likely pulls in `Tendsto`. Let me use minimal imports and rely on the transitive `Mathlib.Tactic` (which is heavy but already imported). Actually `Poincare.D7.ConjugateHeat.Instance` imports `Basic` → `Laplacian` → `Poincare.D7.Divergence.Basic` → `Mathlib.Tactic`. So `Measure`, `Tendsto`, etc. should be available. Let me just import `Poincare.D7.ConjugateHeat.Instance` and `Mathlib.MeasureTheory.Measure.MeasureSpace` for safety.

Let me write the file.
dsh: reasoning:
I need to build Example olean before Blocked (Blocked imports Instance, which is built; Example isn't imported by Blocked, so Instance is enough). Instance olean exists. Let me compile Blocked.lean.

Wait, `(inferInstance : Nonempty M)` — with `[Nonempty M]` as an instance argument, `obtain ⟨x⟩ := (inferInstance : Nonempty M)` works. Good.

Also `hU.elim fun x => isEmptyElim x` — `hU : U.Nonempty = ∃ x, x ∈ U`. `hU.elim`? `Set.Nonempty` is `∃ x, x ∈ U`? `hU.elim` might not exist; use `hU.elim (fun x _ => isEmptyElim x)`? Actually `Set.Nonempty U := ∃ x, x ∈ U`. To eliminate: `obtain ⟨x, _⟩ := hU; exact isEmptyElim x`. Let me rewrite that proof to be safe:
```lean
  volume_pos := by
    intro U _ hU
    obtain ⟨x, _⟩ := hU
    exact isEmptyElim x
```
Wait, the goal is `0 < S.volume U`; from `IsEmpty M` we get `False` from `x`. `exact isEmptyElim x` proves anything. Good.

Let me fix that and compile.
dsh: reasoning:
Errors:
1. Line 140-141: parse error in the `IsConjugateHeatKernel` structure — likely the `∀ x y t, 0 < K x y t` field is fine, but the `dirac_limit` field has a `Tendsto` with `𝓝[<]` notation that may not parse without `open Filter`/`Topology`. The error "expected token" at 140:22 and "unexpected identifier; expected 'lemma'" at 141:70 suggests the structure command ended early. Let me look at lines 130-150. Probably the issue is the docstring or the `solves` field with a lambda? Let me view.

2. `BorelSpace` unknown identifier — need import `Mathlib.MeasureTheory.Measure.Typeclasses`? `BorelSpace` is in `Mathlib.MeasureTheory.Measure.Typeclasses` or `Mathlib.MeasureTheory.Constructions.BorelSpace.Basic`. Since the import was deprecated, maybe the transitive import didn't include it. Let me import `Mathlib.MeasureTheory.Constructions.BorelSpace.Basic`.

3. The `not_isConjugateHeatKernel_zero` theorem: parse failed because `IsConjugateHeatKernel` structure failed to define.

Let me view the relevant part.
dsh: reasoning:
The parse error at 140:22: `normalized : ∀ y t, ∫ x, K x y t ∂S.volume = 1`. The issue: `∂S.volume` — the notation `∫ x, f x ∂μ` expects `∂` followed by a term; `S.volume` should parse. But maybe the problem is `= 1` where the integral is `ℝ` and `1` is fine. Hmm, "expected token" at 140:22 — column 22 is around `∫ x, K x y t ∂S.volume`. Maybe the `∂` notation requires `open scoped`? No, `∂` for measure is `MeasureTheory.Measure` notation `volume`... Actually the notation is `∫ x, f x ∂μ` from `MeasureTheory`, available with `open MeasureTheory` (done). Hmm.

Wait, the error at 141:70 "unexpected identifier; expected 'lemma'" suggests the parser thinks the structure ended before `dirac_limit`. Maybe the `normalized` line's `= 1` is being parsed as the end of a field with a default? No.

Could it be the unicode `∫` with `∂` inside a structure field is fine. Let me check the actual parse: the error at 140:22 "expected token" might be due to `∀ y t, ∫ x, ...` — the parser sees `∀ y t,` then `∫ x, K x y t ∂S.volume = 1`. Hmm.

Wait, maybe the issue is that `S.volume` conflicts with the global `volume` notation? No.

Let me test by simplifying: replace `∫ x, K x y t ∂S.volume = 1` with `∫ x, K x y t ∂(S.volume) = 1` (parentheses). The `∂` notation might greedily parse `S.volume = 1`? Unlikely.

Alternatively, the problem might be `∂S.volume` where `∂` binds to `S.volume` as a term, fine.

Hmm, "expected token" at column 22 of line 140: let me count: `  normalized : ∀ y t, ∫ x, K x y t ∂S.volume = 1`. Column 22 is around `∫`? 2 spaces + "normalized" (10) = 12, " : " = 15, "∀ y t, " = 22 → yes, column 22 is the start of `∫`. So the parser fails at `∫`. That means the `∫` notation isn't available/opened! `open MeasureTheory` should provide `∫ x, f x ∂μ`? The integral notation is `MeasureTheory.integral` and the notation `∫` is in scope when `open MeasureTheory`? Actually the notation is declared in the `MeasureTheory` namespace but with `scoped` or global? The `∫` notation for Bochner integral is in `MeasureTheory` and works after `open MeasureTheory`? In mathlib, `open MeasureTheory` is usually enough because the notation is not scoped. Hmm, but maybe it requires `open scoped ENNReal`? No.

Wait, the real issue: `∫` requires `MeasureTheory.MeasureSpace`? No, the notation is available globally once `Mathlib.MeasureTheory.Integral.Bochner.Basic` is imported. The import `Mathlib.MeasureTheory.Measure.MeasureSpace` (deprecated) may not import the Bochner integral! So `∫` notation is unavailable, and the parser errors at `∫`. Also `Tendsto`/`𝓝` may need imports.

Fix: import `Mathlib.MeasureTheory.Integral.Bochner.Basic` (for `∫`) and `Mathlib.MeasureTheory.Constructions.BorelSpace.Basic` (for `BorelSpace`), and `Mathlib.Topology.Basic`/`Mathlib.Order.Filter.Basic` for `Tendsto`/`𝓝` (likely already via Mathlib.Tactic). Let me change the imports to:
```
import Poincare.D7.ConjugateHeat.Instance
import Mathlib.MeasureTheory.Integral.Bochner.Basic
import Mathlib.MeasureTheory.Constructions.BorelSpace.Basic
```
`Measure` itself comes from the transitive import (Mathlib.Tactic likely includes measure basics? Not necessarily). Let me add `Mathlib.MeasureTheory.Measure.MeasureSpace`? It's deprecated; use the suggested replacements or just `Mathlib.MeasureTheory.Measure.Basic`. Let me import:
```
import Mathlib.MeasureTheory.Measure.Basic
import Mathlib.MeasureTheory.Integral.Bochner.Basic
import Mathlib.MeasureTheory.Constructions.BorelSpace.Basic
```
And `Tendsto`, `𝓝` from `Mathlib.Topology.Basic` (probably transitively available; add `Mathlib.Topology.Basic` for safety).

Let me also fix the `simpa using hpos` warning (not an error). Fine.

Let me update imports and recompile.
dsh: reasoning:
Now the error is at line 146:59 "unexpected token '<'; expected ':' or term" — the `𝓝[<] t₀` notation. The `𝓝[<]` needs `open scoped Topology` or the `Filter` notation. In mathlib, `𝓝[<]` requires `open Topology` or `open scoped Topology`? The notation for `𝓝[s]` is in `Topology` scope. Let me add `open scoped Topology` at the top. Also `𝓝` itself is fine after `open Topology`? The error is specifically at `<` inside the bracket notation, meaning the `𝓝[·]` notation is recognized but the `<` (Ioi/Iic) requires the `Order` filter notation `𝓝[<] a` which is in `Filter` or `Topology` scope. `open scoped Topology` should bring in `𝓝[<]`.

Actually, the `𝓝[s]` notation is scoped as `Topology`. Let me add `open scoped Topology` after `open MeasureTheory`.

Then `IsConjugateHeatKernel` will define and the rest should work.

The `conjugateHeatKernelExistenceStatement_isProp` theorem with `rfl` fails due to universe polymorphism: `ConjugateHeatKernelExistenceStatement : Prop` is universe-polymorphic? The `def` has `∀ (M : Type*)`, so it's in a universe; `(ConjugateHeatKernelExistenceStatement : Prop) = ConjugateHeatKernelExistenceStatement` compares two different universe instantiations, not defeq. Let me remove that theorem or state it differently. It's not important. Let me remove it (the fact that it's a `Prop` is evident from the definition). Or state `ConjugateHeatKernelExistenceStatement = ConjugateHeatKernelExistenceStatement := rfl` without the type ascription — but that's trivial and may still have universe issues. Let me just delete it.

Also line 113 warning: `simpa using hpos` → change to `simp at hpos`. But `hpos : 0 < (zero M).volume U`; after `simp at hpos`, `hpos : ¬0 < 0`? Actually `simpa` reduces to `False`. The linter suggests `simp at hpos`; then `exact hpos`? Let me keep `simpa using hpos` and ignore the warning, or change to `exact absurd hpos (by simp)`. Warnings don't fail. Let me leave it.

Let me apply the fixes.
dsh: reasoning:
`Tendsto` unknown — need to import the filter/topology basics. `Mathlib.Topology.Basic` should define `Tendsto`, but maybe the notation/def is in `Mathlib.Order.Filter.Basic`. Let me add `import Mathlib.Order.Filter.Basic` and `import Mathlib.Topology.Defs.Basic`? In recent mathlib, `Tendsto` is in `Mathlib.Order.Filter.Basic`. Let me import that. Also `𝓝` is in `Mathlib.Topology.Basic` (imported). Let me add `import Mathlib.Order.Filter.Basic`.

Actually, `Poincare.D7.ConjugateHeat.Instance` imports `Laplacian` → `Poincare.D7.Divergence.Basic` → `Mathlib.Tactic`, which should include `Tendsto`... but apparently not. Let me explicitly import `Mathlib.Topology.Algebra.Order.LiminfLimsup` or `Mathlib.Order.Filter.Basic`. Let me grep for `def Tendsto` location.
dsh: reasoning:
The grep for "def Tendsto" didn't find it in those files. Let me search across mathlib.
dsh: reasoning:
`Tendsto` is in `Mathlib.Order.Filter.Defs`. Let me import `Mathlib.Order.Filter.Basic` which imports Defs. Add `import Mathlib.Order.Filter.Basic`. Also `𝓝[<]` notation is in `Mathlib.Topology.Order.Basic`? The `𝓝[s]` notation is in `Mathlib.Topology.Basic`; the `[<]` part uses `Filter` order notation, maybe in `Mathlib.Order.Filter.AtTopBot` or `Mathlib.Topology.Order`. Let me add `import Mathlib.Topology.Order.Basic` too. Let me just import both:
```
import Mathlib.Order.Filter.Basic
import Mathlib.Topology.Order.Basic
```
Let me update and recompile.
dsh: reasoning:
Still `Tendsto` unknown. Maybe the import `Mathlib.Order.Filter.Basic` is not enough because `Tendsto` is in `Mathlib.Order.Filter.Defs` and `Mathlib.Order.Filter.Basic` re-exports? Let me check whether `Mathlib.Order.Filter.Basic` imports `Defs`. It should. But the error persists, which suggests the import didn't take effect or `Tendsto` is not exported. Wait, maybe the error is not that `Tendsto` is unknown globally, but that within the structure field, `Tendsto` is being parsed as an auto-implicit variable because the structure's fields are parsed in a context where `Tendsto` isn't resolved? No, autoImplicit is on by default and unknown identifiers become auto-bound variables — but if `Tendsto` were imported, it would resolve.

Let me test in a scratch file: `#check Tendsto` after importing `Mathlib.Order.Filter.Basic`. Actually, let me check the import chain: `Poincare.D7.ConjugateHeat.Instance` → ... → `Mathlib.Tactic`. `Mathlib.Tactic` might shadow? No.

Hold on: maybe `Tendsto` was removed/renamed in this mathlib version? Let me grep for `Tendsto` definition location more precisely. The grep found `Mathlib/Order/Filter/Defs.lean`. Let me look at the definition and its namespace. Maybe it's `Filter.Tendsto` and the bare `Tendsto` is available via `open Filter`. In Lean 4 mathlib, `Tendsto` is defined in the `Filter` namespace: `def Filter.Tendsto ...`. The bare name `Tendsto` is accessible because the `Filter` namespace is open? Actually, `Tendsto` is often used bare in mathlib because it's declared in the root namespace? Let me check: `theorem ContinuousWithinAt.tendsto ...`. I recall `Tendsto f l₁ l₂` is used bare widely, and the definition is `def Tendsto` at the root? Let me check the Defs.lean file.
dsh: reasoning:
`Tendsto` is `Filter.Tendsto`. The bare name works if `open Filter` is in scope, or perhaps there's a global alias. In mathlib, `Tendsto` is used bare because... Let me check if `Filter.Tendsto` has `@[inherit_doc]` and is exported to the root by `open Filter`? The namespace `Filter` doesn't auto-open. But mathlib files use `Tendsto` bare because they have `open Filter` at the top? Many do. Let me add `open Filter` to Blocked.lean. Actually, the error "Unknown identifier Tendsto" means it's not in scope; adding `open Filter` should fix it. Let me add `open Filter` (and maybe `open scoped Topology` already there).

Let me update.
dsh: reasoning:
Blocked.lean compiles (exit 0, warnings only). 

Now `Probe.lean`: API probe with `#check` for present and `#check_failure` for absent. Let me design it carefully so it compiles.

Present (in our layer and mathlib):
- `Poincare.D7.Divergence.DivergenceData`, `sum_filter_split`, `IBPCertificate`
- `Poincare.D7.ConjugateHeat.pairingLM`, `laplaceBeltrami`, `green_first`, `green_second`, `MetricFlowInterface`, `ConjugateHeatData`, `formal_adjoint`, `ConjugateHeatIBPCertificate`, `energy_le_energy_conjugateHeatStep`, `energy_mono_slab`, `ConjugateHeatKernelExistenceStatement`
- Mathlib: `LinearMap.mk₂`, `LinearMap.pi`, `Finset.sum_ite_eq'`, `Finset.sum_filter`, `Finset.sum_nonneg`, `MeasureTheory.Measure`, `MeasureTheory.integral`, `Filter.Tendsto`, `ModelWithCorners.boundary` (present per prior task), `MeasureTheory.Measure.addHaar`.

Absent (use `#check_failure`):
- `heatKernel`, `Manifold.heatKernel`, `MeasureTheory.diracDelta`, `Distributions`, `GaussianBound`, `RicciFlow`, `parabolicMaximumPrinciple`, `HeatSemigroup`.
I must ensure these are actually absent, otherwise `#check_failure` fails and the file won't compile. Let me grep mathlib for some names to be sure. The prior task's Probe used `#check_failure` for `Stokes`, etc. Let me pick names that are surely absent:
- `conjugateHeatKernel` (certainly absent)
- `MeasureTheory.diracDelta` (likely absent)
- `GaussianUpperBound` (likely absent)
- `parabolicMaximumPrinciple` (likely absent)
- `heatKernel` (check!)
- `Manifold.heatKernel` (check)
- `RicciFlow` (check)

Let me grep mathlib for these names to avoid false positives.
dsh: reasoning:
All absent. Good. Also check `MeasureTheory.dirac` or `Measure.dirac` is present (Dirac measure), but the Dirac delta *distribution* is absent. `Measure.dirac` exists in mathlib; the distribution version doesn't. Let me check `Measure.dirac` to note present.

Also check `MeasureTheory.Measure.addHaar` present, `ModelWithCorners.boundary` present, `mfderiv` present. Let me verify quickly with grep. Then write Probe.lean.

Let me also decide on `#check` vs `#check_failure` for our own declarations: `#check` works after importing the modules (they need oleans). I'll build all modules first, then Probe can import `All.lean`.

Let me create `All.lean`:
```lean
import Poincare.D7.ConjugateHeat.Laplacian
import Poincare.D7.ConjugateHeat.Basic
import Poincare.D7.ConjugateHeat.Instance
import Poincare.D7.ConjugateHeat.Slab
import Poincare.D7.ConjugateHeat.Example
import Poincare.D7.ConjugateHeat.Blocked
```
(All except Probe and Audit, to avoid cycles; Audit/Probe import All.)

Then Probe.lean imports All, Audit.lean imports All (or the individual modules) and runs `#print axioms`.

Let me write Probe.lean.
dsh: reasoning:
Now I need to build all modules so Probe can import `All`. Let me build `Poincare.D7.ConjugateHeat.All` from release. This will build Example and Blocked too. Then compile Probe.

Note: `#check @pairingLM` etc. — `pairingLM` is in namespace `Poincare.D7.ConjugateHeat`; the `#check` is inside that namespace, so `@pairingLM` resolves. Good. But `#check @MetricFlowInterface` etc. should be fine.

Also, `#check @Finset.sum_filter` etc. — fine.

Let me build and compile.
dsh: reasoning:
All modules built. Now compile Probe.lean.
dsh: reasoning:
The output is huge (all the `#check` outputs), and EXIT=1 — there's an error somewhere later. Let me grep for errors only.
dsh: reasoning:
The mathlib manifold and Haar measure API isn't imported by our layer's modules. I need to import the relevant mathlib modules in Probe.lean (and only there) to `#check` them:
- `Measure.addHaar`: `Mathlib.MeasureTheory.Measure.Haar.Basic` or `Mathlib.Geometry.Euclidean.Volume.Measure`. Let me use `Mathlib.MeasureTheory.Measure.Haar.Basic`.
- `ModelWithCorners.boundary`, `mfderiv`, `ContMDiff`, `TangentSpace`: `Mathlib.Geometry.Manifold.IsManifold.InteriorBoundary`, `Mathlib.Geometry.Manifold.MFDeriv.Basic`, `Mathlib.Geometry.Manifold.ContMDiff.Basic`.
- `MeasureTheory.integral_divergence_of_hasFDerivAt_off_countable`: `Mathlib.MeasureTheory.Integral.DivergenceTheorem`.

Let me add these imports to Probe.lean. But importing the manifold stuff makes Probe heavier; that's fine.

Alternatively, since the Probe is meant to record availability, importing is correct. Let me add:
```lean
import Poincare.D7.ConjugateHeat.All
import Mathlib.MeasureTheory.Measure.Haar.Basic
import Mathlib.Geometry.Manifold.IsManifold.InteriorBoundary
import Mathlib.Geometry.Manifold.MFDeriv.Basic
import Mathlib.Geometry.Manifold.ContMDiff.Basic
import Mathlib.MeasureTheory.Integral.DivergenceTheorem
```

Let me check the exact import paths exist. `Mathlib/Geometry/Manifold/MFDeriv/Basic.lean`, `Mathlib/Geometry/Manifold/ContMDiff/Basic.lean`, `Mathlib/MeasureTheory/Integral/DivergenceTheorem.lean`, `Mathlib/MeasureTheory/Measure/Haar/Basic.lean`. Let me verify.
dsh: reasoning:
Probe.lean compiles. Now `Audit.lean`: `#print axioms` for every principal declaration.

Let me first list all declarations in the layer. I can use `lake env lean` with `#print axioms` on each. Let me gather the names from the source files:
- Laplacian.lean: pairingLM, pairingLM_apply, scalarMulLM, scalarMulLM_apply, pairingOn, pairingOn_univ, pairingOn_comm, edgeLapAt, edgeLap, edgeLapAt_apply, edgeLap_apply, graphLaplacian, graphLaplacian_apply, laplaceBeltrami, laplaceBeltrami_apply, dirichletForm, boundaryPair, boundaryForm, boundaryForm_antisymm, sum_edgeLap_mul, green_first, green_second, dirichletForm_nonneg, boundaryPair_eq_zero_of_closed, boundaryPair_univ, laplaceBeltrami_selfAdjoint_univ, pairingLM_symm, scalarMulLM_selfAdjoint.
- Basic.lean: Jet, Jet.val, Jet.deriv, MetricFlowInterface (+ fields), forwardHeatLM, backwardHeatLM, forwardHeatLM_apply, backwardHeatLM_apply, ConjugateHeatData (+ fields), ConjugateHeatData.ofInterface, ConjugateHeatData.IsConjugateHeatJet, IsHeatJet, isConjugateHeatJet_iff, isHeatJet_iff, isConjugateHeatJet_self, isHeatJet_self, formal_adjoint, formal_adjoint_of_boundaryForm_eq_zero, formal_adjoint_of_volumeVariation_eq_zero, formal_adjoint_closed, volumeVariation_eq_boundaryForm_of_heat_and_conjugate, ConjugateHeatIBPCertificate (+ fields), ConjugateHeatIBPCertificate.heatPairing_sub_conjugatePairing, heatPairing_eq_conjugatePairing, conjugateHeatIBPCertificate, conjugateHeatIBPCertificate_heatPairing, ..._conjugatePairing, ..._volumeVariation, ..._boundaryForm.
- Instance.lean: massOn, pairingOnLM, pairingOnLM_apply, pairingOnLM_apply_eq_pairingOn, metricFlowInterface, conjugateHeatData, conjugateHeatData_forwardHeat_apply, conjugateHeatData_backwardHeat_apply, conjugateHeatData_formal_adjoint.
- Slab.lean: energy, conjugateHeatStep, conjugateHeatStep_eq_add_generator, energy_le_energy_conjugateHeatStep, energy_mono_slab.
- Example.lean: cycleData, cycleWeight, cycleMass, cycleScalar, cycleU, cycleV, cycleDU, cycleDV, cycleRegion, cycleMass_pos, cycleMass_ne_zero, cycleWeight_nonneg, cycleScalar_nonneg, cycleCH, cycle_laplaceBeltrami_* (4), cycle_dirichletForm_zero, cycle_boundaryPair_uv/vu, cycle_boundaryForm_value, cycle_green_first_value, cycle_green_second_value, cycle_pairing_forwardHeat, cycle_pairing_backwardHeat, cycle_volumeVariation_value, cycle_formal_adjoint_value, cycle_certificate_value, cycle_conjugateHeatJet, cycle_heatJet, cycleSlab, cycleSlab_step, cycleSlab_energy_zero, cycleSlab_energy_last, cycleSlab_energy_mono_value.
- Blocked.lean: ConjugateHeatSpacetime, conjugateHeat, zero, zero_volume, zero_conjugateHeat, IsRiemannianConjugateHeatSpacetime, not_isRiemannian_zero, isRiemannian_zero_of_isEmpty, IsConjugateHeatKernel, not_isConjugateHeatKernel_zero, ConjugateHeatKernelExistenceStatement, conjugateHeatKernelExistenceStatement_isProp, Blocker, blockers, blockers_length, blockers_ne_nil, MissingMathlibDependencies, MissingMathlibDependencies_length, PresentMathlibDependencies, PresentMathlibDependencies_length.

That's a lot (~110). The task says "record `#print axioms`". I'll include all principal declarations (definitions, structures, theorems) — maybe 100+. The prior task had 102 entries for a similar scope. Let me include the main ones and enough to cover the layer. I'll generate the Audit.lean file with a script: extract declaration names from the source files (grep for `^def |^theorem |^structure |^noncomputable def |^abbrev |^@[simp]` followed by `theorem`), then emit `#print axioms <name>` for each.

But note: `#print axioms` on structures/defs prints their axioms (usually none or the classical trio). On `Jet` (abbrev), fine. On `MetricFlowInterface` (structure), fine. On `ConjugateHeatData` (structure), fine.

Careful: `#print axioms` requires the full name in scope. If I `open Poincare.D7.ConjugateHeat` and `open Poincare.D7.Divergence`, the names resolve. But some names like `energy` might conflict with mathlib? `Poincare.D7.ConjugateHeat.energy`; after `open`, `energy` resolves to the opened one? If there's an ambiguous name, Lean may complain. Safer to use fully qualified names: `Poincare.D7.ConjugateHeat.energy`. But `Jet.val`/`Jet.deriv` are in namespace `Poincare.D7.ConjugateHeat.Jet`; full name `Poincare.D7.ConjugateHeat.Jet.val`. Let me generate fully qualified names.

Actually, `#print axioms Poincare.D7.ConjugateHeat.energy` — fine.

For structure field projections like `MetricFlowInterface.pairing`, the full name is `Poincare.D7.ConjugateHeat.MetricFlowInterface.pairing`. I'll skip field projections (they're not theorems) or include the structures themselves.

Let me write a script to extract names:
- For each file, grep lines matching `^(noncomputable )?(def|theorem|structure|abbrev) ([A-Za-z_][A-Za-z0-9_'.]*)` and also `^theorem` after `@[simp]`? The declaration line itself starts with `theorem` etc. Some are inside `namespace ...` blocks; I need to track the namespace nesting to build full names. The files use nested namespaces: `Poincare.D7.ConjugateHeat`, then `namespace ConjugateHeatData`, `namespace ConjugateHeatIBPCertificate`, `namespace Jet`, `namespace ConjugateHeatSpacetime`, `namespace IBPCertificate` (not in our files), etc. Let me instead extract the declaration names from the compiled olean using `lake env lean --print-prefix`? Simpler: use the `#check`-style approach — write a Lean file with `#print axioms` for a manually curated list of fully qualified names.

Let me get the list of all declarations with a small Lean script? There's no easy "list all declarations". I can parse the source files with a Python script that tracks namespaces. Let me do that: read each file, track `namespace X` and `end`, and collect declarations. Then generate `Audit.lean`.

Let me write a Python script (allowed via bash) to generate the audit file. Actually, the instruction says use the write tool for files; but generating via a script is fine as long as I then verify. Let me write the generator inline in bash with python3.

Let me first check python3 availability. Then generate.

Namespaces in the files:
- Laplacian.lean: `namespace Poincare.D7.ConjugateHeat` only.
- Basic.lean: `namespace Poincare.D7.ConjugateHeat`, then `namespace Jet` ... `end Jet`, then `namespace ConjugateHeatData` ... `end ConjugateHeatData`, then `namespace ConjugateHeatIBPCertificate` ... `end`.
- Instance.lean: `namespace Poincare.D7.ConjugateHeat`.
- Slab.lean: same.
- Example.lean: same.
- Blocked.lean: `namespace Poincare.D7.ConjugateHeat`, `namespace ConjugateHeatSpacetime` ... `end`.

A simple parser tracking `namespace`/`end` should work, though `end` also closes `section` (none) and `namespace`; some `end` may appear for `structure`? No. There are `end ConjugateHeatData`, `end Jet`, etc. Let me implement.

Also, declarations inside `structure ... where` fields are not top-level; I'll collect only `def/theorem/structure/abbrev/noncomputable def` at the start of a line (possibly preceded by `@[simp]` on the previous line). Let me handle `@[simp]` lines by looking at the next line.

Let me generate the file, then compile it. If some names are wrong, fix.

Additionally, the audit should record the axiom cones. I'll parse the output into `axiom-summary.json` later.

Let me write the generator.
dsh: reasoning:
124 declarations. Note some are missing from the extraction: `ConjugateHeatData.ofInterface`, `not_isRiemannian_zero`, `isRiemannian_zero_of_isEmpty`. Why? `ConjugateHeatData.ofInterface` is defined with `def ConjugateHeatData.ofInterface` — the regex captures the name as `ConjugateHeatData.ofInterface`? My regex `([A-Za-z_][A-Za-z0-9_\']*)` stops at `.`, so it captured `ConjugateHeatData` only, and that name was already seen (the structure), so it was skipped. Same for `ConjugateHeatSpacetime.not_isRiemannian_zero` and `isRiemannian_zero_of_isEmpty` — wait, those are `theorem ConjugateHeatSpacetime.not_isRiemannian_zero` and `theorem ConjugateHeatSpacetime.isRiemannian_zero_of_isEmpty`, captured as `ConjugateHeatSpacetime` (skipped). Also `Jet.val`/`Jet.deriv` were captured because they're `def val` inside `namespace Jet`? The regex captured `val` and `deriv`, and my full-name construction produced `Jet.val`; good. But for dotted declaration names (e.g., `def ConjugateHeatData.ofInterface`), I need to handle dots in the name. Let me fix the regex to allow dots: `([A-Za-z_][A-Za-z0-9_.']*)`. Then the full name construction: if the name already contains the namespace prefix (e.g., `ConjugateHeatData.ofInterface` inside `namespace ConjugateHeatData`), I should not double-prepend. Actually, inside `namespace Poincare.D7.ConjugateHeat`, the declaration `def ConjugateHeatData.ofInterface` is actually inside `namespace ConjugateHeatData`? Let me check Basic.lean: after the structure, there's `def ConjugateHeatData.ofInterface` written at top level? Looking at the file: I wrote:

```lean
def ConjugateHeatData.ofInterface {F : Type*} ... : ConjugateHeatData F where
```
This is at the top level of `namespace Poincare.D7.ConjugateHeat`, so the full name is `Poincare.D7.ConjugateHeat.ConjugateHeatData.ofInterface`. My parser would see name `ConjugateHeatData.ofInterface` and ns = `Poincare.D7.ConjugateHeat`; full = ns + name = `Poincare.D7.ConjugateHeat.ConjugateHeatData.ofInterface`. Good, if the regex allows dots.

Similarly `ConjugateHeatSpacetime.not_isRiemannian_zero`: in Blocked.lean, I wrote `theorem ConjugateHeatSpacetime.not_isRiemannian_zero ...` at top level (after `end ConjugateHeatSpacetime`). So full name = `Poincare.D7.ConjugateHeat.ConjugateHeatSpacetime.not_isRiemannian_zero`. Good.

Also `Jet.val`/`Jet.deriv`: I wrote them inside `namespace Jet` as `def val`. The parser with ns tracking gives ns = [`Poincare.D7.ConjugateHeat`, `Jet`] and name `val` → full `Poincare.D7.ConjugateHeat.Jet.val`. Good.

Let me regenerate with the dot fix, then generate Audit.lean. I also want to include `ConjugateHeatData.ofInterface`, `ConjugateHeatSpacetime.not_isRiemannian_zero`, `ConjugateHeatSpacetime.isRiemannian_zero_of_isEmpty`.

Let me regenerate the list and write Audit.lean via Python (writing a file; then I'll read/verify it). Since the write tool is preferred for file creation, but the file is generated with 124 lines of `#print axioms`, using a script is pragmatic. I'll then `read` the file to inspect.

Let me generate `Audit.lean` with a header and `#print axioms` lines. Also, the audit needs the names fully qualified; `#print axioms Poincare.D7.ConjugateHeat.energy` works.

Let me write the generator.
dsh: reasoning:
127 entries. Now compile Audit.lean. It will print a lot of output; I'll capture it to a log file. Let me compile and check exit code, then save the output. Also check for errors like unknown constants.

Let me run `lake env lean release/Poincare/D7/ConjugateHeat/Audit.lean > longrun/d7-conj-logs/audit.log 2>&1`. First create the log directory. Let me run in the foreground with a timeout.
dsh: reasoning:
Audit compiles with exit 0 and 127 `#print axioms` entries. Let me parse the audit log to summarize the axiom cones and check for `sorryAx` or unexpected axioms.

Let me write a parser: lines like `'Name' depends on axioms: [a, b, c]` (possibly spanning lines) or `'Name' does not depend on any axioms`. Parse and summarize.
dsh: reasoning:
The regex group handling is off: for the "depends on axioms" alternative, group(2) is the whole `depends on axioms: [...]` and group(3) is the list; for "does not depend", group(2) and group(3) are None. My condition `if m.group(2) is None` should catch the latter, but the error says `m.group(3)` is None while group(2) is not None — maybe some entries have "does not depend on any axioms" matching the first alternative? No. Let me debug: perhaps there are lines like `'X' depends on axioms: [propext,\n Classical.choice,\n Quot.sound]` — fine. The error at line 10 is `m.group(3).replace` — so for some match, group(2) is not None but group(3) is None. That happens if the second alternative matched partially? Actually with `(depends on axioms: \[(.*?)\]|does not depend on any axioms)`, for "does not depend" group(2) is the whole string (not None) and group(3) is None. Right! I need to check group(3) instead. Let me fix.
dsh: reasoning:
The axiom audit shows 127 entries, all cones within `{propext, Classical.choice, Quot.sound}`, no `sorryAx`, no nonstandard axioms. 

Now I need:
1. Compile every authored file with `lake env lean` from the worktree root, exit 0 (per-file gate). This includes Laplacian, Basic, Instance, Slab, Example, Blocked, All, Probe, Audit = 9 files. Let me run the per-file gate and record exit codes.
2. Run the full worktree gate: every `.lean` file in the worktree with `lake env lean` from root. This is 98 + 9 = 107 files (minus any changes). The prior task had 98 files. Our new files add 9. Let me replicate.
3. Forbidden-token scan: comment/string-aware scanner for `sorry`, `admit`, `native_decide`, `unsafe`, `proof_wanted`, `axiom` (excluding `#print axioms`). Scan the 9 authored files and D7-wide.
4. Check no scaffold files modified (source integrity).
5. Write the result card .md and .json.

But first, let me clean up warnings in the authored files? Not required, but let me reduce them. The warnings:
- Laplacian.lean:312,322 `tac1 <;> tac2` linter (unnecessarySeqFocus). Could fix or disable.
- Example.lean: several unused simp args and `Fin.sum_univ_one`.
- Blocked.lean: `simpa using hpos` suggestions, unused variables.
- Basic.lean: unused variable warnings for `j` (I set `linter.unusedVariables false`).
- Slab.lean: maybe some.

Warnings don't affect exit 0, but a clean build is nicer. The task's gate likely only checks exit 0 and forbidden tokens. Let me add `set_option linter.unusedSimpArgs false` and `set_option linter.unnecessarySeqFocus false` and `set_option linter.unnecessarySimpa false` to the files to silence these, or fix the actual issues. Since the files compile, and the final card will note warnings? The prior task's card didn't mention warnings. Let me silence the linters to have clean logs:
- Add to Laplacian.lean: `set_option linter.unnecessarySeqFocus false`.
- Add to Example.lean: `set_option linter.unusedSimpArgs false`.
- Add to Blocked.lean: `set_option linter.unnecessarySimpa false`, `set_option linter.unusedVariables false`.
- Basic.lean already has unusedVariables false.

Actually, let me check the full warning list from a fresh build of all files. Let me run `lake build` again after adding options, or just add options and recompile.

Also, an important detail: the task says "Compile every authored file (`lake env lean`, exit 0)". Since `lake env lean` on `Basic.lean` needs `Laplacian.olean`, which exists because I built it. In the final state, the oleans exist in `release/.lake/build/lib/lean`, so the gate will pass. But the harness might re-clone or clean? The prior task's approach was to build first, then gate. Our worktree has the oleans built. Good. However, the oleans for the new files are in `release/.lake/build/lib/lean/Poincare/D7/ConjugateHeat/`. The root `.lake` symlink points to `release/.lake`, so root `lake env lean` finds them. Good.

One concern: the harness gate may run `lake env lean` on each `.lean` file *without* building first, and `All.lean` imports all submodules — those oleans exist. Fine.

Another concern: `lake env lean` on `Audit.lean` produces a huge output; that's fine.

Let me now:
1. Add linter options to silence warnings.
2. Rebuild all.
3. Run per-file gate.

Let me also create the umbrella? We have `All.lean`. Good.

Let me add the options.
dsh: reasoning:
Now rebuild everything and run the per-file gate. Let me build `Poincare.D7.ConjugateHeat.All`, then Probe, then run `lake env lean` on each of the 9 authored files from the root, capturing exit codes and logs.

Note: `Audit.lean` is not imported by `All` (no cycle issue), and `Probe.lean` imports All. Building All + Probe + Audit: `lake build Poincare.D7.ConjugateHeat.All Poincare.D7.ConjugateHeat.Probe Poincare.D7.ConjugateHeat.Audit` from release. Wait, `Audit.lean` has 127 `#print axioms`; `lake build` will produce its olean too (and print the axioms). That's fine.

Let me run the build.
dsh: reasoning:
Build exit 0 with 0 warnings. (The final `[exit code: 1]` is from `grep -c "warning"` returning 0 matches → exit 1; that's the grep, not the build. The `BUILD_EXIT=0` is what matters.)

Now the per-file gate: compile each authored file with `lake env lean` from the worktree root, record exit codes. Files:
1. release/Poincare/D7/ConjugateHeat/Laplacian.lean
2. Basic.lean
3. Instance.lean
4. Slab.lean
5. Example.lean
6. Blocked.lean
7. All.lean
8. Probe.lean
9. Audit.lean

Let me run each and record exit codes and logs. I'll write a small script.

Note: `Audit.lean` output is large; redirect to a log.

Let me run the gate.
dsh: reasoning:
All 9 authored files compile with exit 0 via `lake env lean` from the worktree root.

Now the full-worktree harness gate replication: every `.lean` file in the worktree, `lake env lean` from root. Let me count files and run. There are 98 scaffold files + 9 new = 107. Let me run them all in a loop. This may take a while (mathlib imports each time), but the scaffold's gate did it. Let me run it in the background and continue with other work (forbidden scan, source integrity).

Actually, the gate over ~107 files at maybe 10-30s each could take 20-50 minutes. Let me start it in the background and do other tasks.

Let me create the gate script:
```bash
find . -name '*.lean' -not -path './release/.lake/*' | sort > longrun/d7-conj-logs/gate_files.txt
while read f; do timeout 900 lake env lean "$f" > /dev/null 2>&1; echo "$f $?"; done
```
Wait, the prior gate probably includes all `.lean` files in the worktree excluding `.lake` build dirs (which don't contain .lean sources). `find . -name '*.lean'` would include `release/.lake/packages/mathlib/...`? No: `release/.lake/packages` is a symlink to the shared mathlib; `find` without `-L` doesn't follow symlinks, so it won't descend into it. Good. But there may be `.lean` files under `release/.lake/build`? No, only oleans. So `find . -name '*.lean'` gives the source files: negcontrol, release, tools? Let me count.

Let me start the gate in the background, saving per-file exit codes and a combined log. I'll use `run_in_background: true`.

While that runs, I'll:
- Run the forbidden-token scan (comment/string-aware). I'll write a Python scanner.
- Source integrity diff against the scaffold (excluding new files/logs/.lake).
- Check `#print axioms` for Probe? The Audit covers the layer declarations.

Let me start the gate.
dsh: reasoning:
Forbidden scan: 0 hits in the 9 authored files and 0 hits across the 43 D7-wide files (comment/string-aware). Note: D7-wide includes the scaffold's `Divergence/Audit.lean` which has `#print axioms` — my scanner excludes `#print axioms` lines. Good.

Now source integrity: diff the worktree against the scaffold, excluding `.lake`, the new `ConjugateHeat` directory, and the new logs/results. The prior task's card used:
```
diff -rq ../D7-orientability-volume-form . -x .lake -x Divergence -x Divergence.lean -x d7-div-logs -x 'D7-divergence-ibp.md' -x 'D7-divergence-ibp.json'
```
For us, compare against `../D7-divergence-ibp` and exclude `.lake`, `ConjugateHeat`, `d7-conj-logs`, and the result files `D7-conjugate-heat-interface.md`/`.json` (which will be created). Also note the scaffold `longrun/results/` contains the prior task's card files, which are shared/copied and should be identical. The `longrun/` directory also has `DELIVERY.md`, `queue.updated.json`, logs etc.

Let me run `diff -rq ../D7-divergence-ibp . -x .lake -x ConjugateHeat -x d7-conj-logs -x 'D7-conjugate-heat-interface.md' -x 'D7-conjugate-heat-interface.json'` and check for differences. Note `-x ConjugateHeat` excludes the directory by name anywhere; the umbrella `ConjugateHeat.lean` doesn't exist (we didn't add it). Good.

Let me run it. Also, I should double check that we didn't modify any scaffold file (e.g., the `.lake` build artifacts changed because we built new modules — those are excluded).

Let me also verify the `release/Poincare/D7/` directory has no new files outside ConjugateHeat. `ls release/Poincare/D7/`.

Let me run the diff and other checks.
dsh: reasoning:
Source integrity: `diff -rq` exit 0 with no output → no shared files differ. The only additions are under `ConjugateHeat/` and `longrun/d7-conj-logs/`.

Now let me gather statistics for the result card:
- Lines per file, total lines.
- Number of declarations.
- Axiom cones.
- Numeric witnesses.
- Gate results (waiting for background job).

Let me also double-check the task requirements:
1. Define `ConjugateHeatData`: backward heat operator with scalar-curvature term, over a stated metric-flow interface. ✓ (`MetricFlowInterface`, `ConjugateHeatData` with `backwardHeat` and `backwardHeat_apply`; concrete instance `conjugateHeatData`.)
2. Prove kernel-checked: formal adjointness of heat and conjugate-heat operators at the algebraic level under an explicit IBP certificate; a discrete conjugate-heat slab monotonicity toy. ✓ (`ConjugateHeatData.formal_adjoint`, `ConjugateHeatIBPCertificate`, concrete `conjugateHeatData_formal_adjoint`; `energy_le_energy_conjugateHeatStep`, `energy_mono_slab`.)
3. State-only Prop for conjugate heat kernel existence with missing dependencies. ✓ (`ConjugateHeatKernelExistenceStatement`, `blockers`, `MissingMathlibDependencies`.)
4. No sorry/axiom/unsafe/native_decide/proof_wanted. ✓ (scan 0 hits; axiom audit clean.)
5. Compile every authored file (`lake env lean`, exit 0), record `#print axioms`, write `longrun/results/D7-conjugate-heat-interface.md` + `.json`. ✓ (audit done; card pending.)

One thing to verify: requirement 2 says "formal adjointness of heat and conjugate-heat operators at the algebraic level under an explicit IBP certificate". Our `formal_adjoint` is proven abstractly, and the concrete instance's `laplacian_ibp` is Green's second identity (the explicit IBP certificate). The `ConjugateHeatIBPCertificate` packages the boundary form and volume variation. Good.

Also, "a discrete conjugate-heat slab monotonicity toy" — our `energy_mono_slab` uses `sum_telescope` and `energy_le_energy_conjugateHeatStep`. Good.

Let me now count lines and declarations, and check the gate job status.

Let me also read the logs for the authored files to confirm no warnings (after linter options). The per-file gate ran before the rebuild? Wait: I added linter options, rebuilt All/Probe/Audit, then ran the per-file gate. The per-file gate compiled each file fresh; the logs should be clean. Let me check for warnings in the per-file logs.

Also, note the per-file gate for `Audit.lean` regenerated the `audit.log`? No, I redirected to per-file logs `release_Poincare_D7_ConjugateHeat_Audit.lean.log`, and the `longrun/d7-conj-logs/audit.log` from before is still the old one (from before linter options, but content should be the same). Actually, the Audit.lean file itself didn't change except the linter option, so the axiom output is the same. But to be rigorous, let me regenerate `audit.log` from the per-file gate log and re-run the summary parser. The per-file log is `longrun/d7-conj-logs/release_Poincare_D7_ConjugateHeat_Audit.lean.log`. Let me use that as the canonical audit log (copy to `audit.log` and re-parse).

Let me do these checks.
dsh: reasoning:
All clean:
- 127 `#print axioms` entries, cones: 115 classical trio, 10 no axioms, 1 {propext, Quot.sound}, 1 {propext}; no nonstandard, no sorryAx.
- No warnings in per-file logs.
- 1987 total lines across 9 files.

Now let me check the background gate job status. It may still be running. Let me check job output.
dsh: reasoning:
The gate is running on 107 files. While it runs, let me prepare the result card. I need the gate results before finalizing, but I can draft the card now.

Let me also double check a few things:

1. The task says "add files only under `Poincare/D7/ConjugateHeat/`". We added 9 files there. We also added `longrun/d7-conj-logs/` and will add `longrun/results/...`, which are deliverables (allowed; the constraint is about Lean source additions). The logs/results are expected deliverables.

2. Check that the `ConjugateHeatData` definition indeed has the backward heat operator with scalar-curvature term over a stated metric-flow interface. Yes.

3. Verify the main theorem statement matches the mathematical expectation. Let me print the key declarations' types from the Probe output (already seen). `ConjugateHeatData.formal_adjoint`: `(D.pairing (D.forwardHeat j)) k.1 - (D.pairing j.1) (D.backwardHeat k) = D.volumeVariation j k - D.boundaryForm j.1 k.1`. Good.

4. Check the concrete numeric witness values (28, etc.) — the Example compiled, so they're kernel-checked.

5. Check `energy_mono_slab` statement: `energy m (u 0) ≤ energy m (u (Fin.last n))`. Good.

6. The blocked statement: `ConjugateHeatKernelExistenceStatement : Prop` with `blockers` list of 6 and `MissingMathlibDependencies` of 7. Good.

Now, one potential concern: the task's harness may check that the new files are only under `Poincare/D7/ConjugateHeat/` and might flag `longrun/d7-conj-logs/` as extra? No — logs and result cards are explicitly requested/expected.

Another concern: the harness gate might compile files from the worktree root with `lake env lean`. Our new modules import each other; their oleans exist in `release/.lake/build/lib/lean` (which root `.lake` symlinks to). But if the harness resets `release/.lake` or runs in a fresh checkout without our build artifacts... The worktree contains the built oleans as part of the deliverable (the prior task did the same). Also, the gate replication run currently in progress is exactly that check. Let me wait for it.

While waiting, let me draft the result card .md and .json. I'll base the structure on the prior card. Let me gather the key facts:

**Verdict**: TASK_DONE.

**New files** (9, 1987 lines):
| file | lines | role |
| All.lean | 35 | umbrella |
| Laplacian.lean | 433 | finite weighted-graph Laplacian, pairing, Green identities |
| Basic.lean | 321 | metric-flow interface, ConjugateHeatData, formal adjointness, certificate |
| Instance.lean | 155 | concrete finite-graph instance |
| Slab.lean | 145 | conjugate-heat step + slab monotonicity |
| Example.lean | 268 | numeric witnesses |
| Blocked.lean | 240 | state-only kernel existence Prop + blockers |
| Probe.lean | 116 | API probe |
| Audit.lean | 274 | 127 #print axioms |

**Compile gate**: 9/9 authored exit 0; full worktree 107/107 (pending).

**Axiom audit**: 127 entries; cones 115 trio, 10 none, 1 propext+Quot.sound, 1 propext; no sorryAx/nonstandard.

**Forbidden scan**: 0 hits in 9 authored; 0 in 43 D7-wide.

**Source integrity**: diff -rq exit 0, no shared file changed.

**Definitions**: 
- `MetricFlowInterface` fields: pairing, laplacian, scalarMul, boundaryForm, volumeVariation, volumeVariation_apply (∂_t dV = -R dV), pairing_symm, laplacian_ibp, scalarMul_selfAdjoint, boundaryForm_antisymm.
- `ConjugateHeatData` extends it with forwardHeat, backwardHeat, pinning equations.
- Concrete instance: `metricFlowInterface`, `conjugateHeatData`.
- `ConjugateHeatIBPCertificate`.

**Theorems**:
- `ConjugateHeatData.formal_adjoint` (main).
- Corollaries: boundaryForm=0, volumeVariation=0, closed stationary, conservation for heat/conjugate jets.
- `green_first`, `green_second` (explicit IBP certificate).
- `energy_le_energy_conjugateHeatStep`, `energy_mono_slab`.
- Numeric witnesses: `cycle_formal_adjoint_value` (28), `cycle_certificate_value`, `cycleSlab_energy_mono_value` (5 ≤ 3125).

**Blocked**: `ConjugateHeatKernelExistenceStatement`, 6 blockers, 7 missing deps, 4 present deps.

Let me also record the mathlib/Lean versions:
- Lean 4.34.0-rc2 commit 6a10ac8c22beadecabdbb0919c2b50214762f91d
- mathlib rev 7974e751bece493b6ff508039423ca9fa2452fa8

Let me verify the mathlib rev from the manifest (prior card says 7974e751bece493b6ff508039423ca9fa2452fa8). Let me confirm from `release/lake-manifest.json`.

Also the worktree path: the task says `/data/home/guoshaoyang/...` but the actual is `/data3/guoshaoyang/...`. The prior card used the `/data3` path. I'll use the actual path.

Let me check the gate job again and gather the versions.
dsh: reasoning:
Now let me check the gate job progress. It's a long-running job; let me see how far it is by reading the exit codes file (the background job appends as it goes). I can check with a separate command (not job_output) — reading the file is fine and doesn't disturb the job.

Actually, the instructions say not to busy-poll. Let me do useful work: draft the result card files now, leaving placeholders for the gate results, then update after the job finishes.

Let me write the .md card. I'll include all the details. Let me draft it carefully.

Actually, let me first check how many gate files are done to estimate. Reading the file is quick and doesn't conflict (append-only). But the instruction says don't busy-poll or sleep. A single check is fine. Let me instead write the card and check the job after.

Let me write the .md now. I'll structure it like the prior card.

Content plan:

# D7-conjugate-heat-interface — result card

**Task id**, **Worktree**, **Generated (UTC)**, **Verdict**.

## 0. Bottom line (table)
- new files: 9 Lean files, 1987 lines, 127 audited declarations
- compiled: 9/9 authored exit 0
- harness gate: 107/107 exit 0 (pending confirmation)
- axiom audit: 127 entries, cones...
- forbidden scan: 0
- source integrity: 0 changed
- non-vacuity: numeric values
- blocked: kernel existence with 6 blockers, 7 missing deps

## 1. Scaffold, environment, source integrity
- cp -al failed cross-device; cp -a fallback exit 0
- environment table
- new files table

## 2. The stated metric-flow interface (task item 1)
- `MetricFlowInterface` fields and the volume-variation statement.
- `ConjugateHeatData` and operators.

## 3. Green identities and the explicit IBP certificate
- Green first/second, boundary forms.

## 4. Formal adjointness of heat and conjugate-heat (task item 2a)
- theorem, certificate, corollaries.

## 5. Concrete finite weighted-graph instance
- `metricFlowInterface`, `conjugateHeatData`, the proof obligations discharged.

## 6. Discrete conjugate-heat slab monotonicity toy (task item 2b)
- step, energy, one-step monotonicity, slab telescoping.

## 7. Concrete non-vacuity witnesses
- table of values.

## 8. Conjugate heat kernel existence: state-only Prop (task item 3)
- statement, blockers, missing deps, consistency.

## 9. Compile gate and axiom audit
- per-file exits, gate, axiom cones.

## 10. Forbidden-token scan

## 11. Reproduction

TASK_DONE — longrun/results/D7-conjugate-heat-interface.md

Let me write it. I'll leave the gate numbers as 107/107 if confirmed; I'll verify before finalizing. Let me write with the expected values and then correct if needed.

Actually, let me check the gate status first with a quick file check (not job polling).
dsh: reasoning:
Only 5 files done; the gate is slow (each file imports mathlib, ~10-20s). 107 files could take 30-60 minutes. That's fine; it's running in the background. I'll write the card meanwhile, then fill in the gate results when the job completes.

Let me write the .md card now. I'll use the known facts and mark the gate as pending until confirmed; I'll update at the end.

Let me carefully write the card with accurate technical content.

For the exact statement of the main theorem, from the Probe output:
`@ConjugateHeatData.formal_adjoint : ∀ {F} [AddCommGroup F] [Module ℝ F] (D : ConjugateHeatData F) (j k : Jet F), (D.pairing (D.forwardHeat j)) k.1 - (D.pairing j.1) (D.backwardHeat k) = D.volumeVariation j k - D.boundaryForm j.1 k.1`

`@green_first`: `pairingOn m S ((laplaceBeltrami D w m) u) v = -dirichletForm D w S u v + boundaryPair D w S u v`.

`@green_second`: `pairingOn m S ((laplaceBeltrami D w m) u) v - pairingOn m S ((laplaceBeltrami D w m) v) u = boundaryForm D w S u v`.

`@energy_le_energy_conjugateHeatStep` — let me get its type from the audit log or Probe. It's in Slab.lean: `energy m u ≤ energy m (conjugateHeatStep D w m R u)` under `hm : ∀ x, 0 < m x`, `hw : ∀ e, 0 ≤ w e`, `hR : ∀ x, 0 ≤ R x`.

`@energy_mono_slab`: `energy m (u 0) ≤ energy m (u (Fin.last n))` under the step relation.

Numeric witnesses: `cycle_formal_adjoint_value : ... = 28`, `cycleSlab_energy_mono_value : energy cycleMass (cycleSlab 0) ≤ energy cycleMass (cycleSlab (Fin.last 2))` with `cycleSlab_energy_zero = 5`, `cycleSlab_energy_last = 3125`.

Let me also include the exact numeric decomposition:
- `Δu = (-3, 2)`, `Δv = (3, -2)`, `H j = (5,2)`, `□*k = (1,10)`, `⟨Hj,k⟩ = 30`, `⟨j,□*k⟩ = 2`, `volumeVariation = 4`, `boundaryForm = -24`, `30 - 2 = 28 = 4 - (-24)`.

Let me write the card. I'll aim for a thorough but concise document (~250-300 lines).

Also the .json card with schema, task_id, worktree, verdict, summary, scaffold, toolchain, new_files, definitions, theorems, instance, slab, non_vacuity, blocked, axiom_audit, forbidden_scan, compile_gate, card_path.

Let me write both files now (with gate numbers to be updated). Actually, let me wait for the gate to finish before writing the final numbers. But I can write the .md now and update the gate section later. Let me write it with a placeholder "107/107 (to be confirmed)" — no, better to wait. Hmm, the gate may take 40+ min. Let me draft the card fully now with the expected result and fix if needed. I'll mark the gate section as pending and update at the end.

Actually, I can write the .md and .json now, then patch the gate numbers after the job completes. Let me do that.

One more check: the task says "record `#print axioms`". We have Audit.lean with 127 entries and `longrun/d7-conj-logs/axiom-summary.json`. Good.

Let me write the card .md.
dsh: reasoning:
Now the .json card. Let me write it with the same content structure. I'll include all the fields. The gate numbers are expected 107/107; I'll verify and update if needed.

Let me write the JSON.
dsh: reasoning:
Now I need to wait for the gate to finish to confirm 107/107. Let me check the job status. The gate is a background bash job; I'll be notified when it finishes. Meanwhile, let me do a few more verification tasks:

1. Verify the JSON card parses.
2. Double-check the `ConjugateHeatData` backward operator's scalar-curvature term is indeed `+R` (task requirement: "backward heat operator with scalar-curvature term"). Yes: `backwardHeat j = -j.2 - laplacian j.1 + scalarMul j.1`.
3. Verify the formal adjointness certificate is "explicit IBP certificate": `ConjugateHeatIBPCertificate` has explicit fields. Yes.
4. Check the slab monotonicity is discrete and conjugate-heat. Yes.

Let me also consider: the task says "Define `ConjugateHeatData`: backward heat operator with scalar-curvature term, over a stated metric-flow interface." Our `ConjugateHeatData` is defined for an abstract `F` and extends `MetricFlowInterface`. Good.

One possible gap: the requirement says "formal adjointness of heat and conjugate-heat operators at the algebraic level under an explicit IBP certificate". Our abstract theorem `formal_adjoint` assumes the interface with `laplacian_ibp`. The certificate `ConjugateHeatIBPCertificate` packages the result. Good.

Another check: the "discrete conjugate-heat slab monotonicity toy" — ours is an energy monotonicity. Good.

Let me verify the JSON file is valid and check the gate progress once. Then wait for the notification.

Also, I should double check the `Audit.lean` entries cover the new declarations added after the audit was generated. Wait — I generated Audit.lean from the source files *before* adding linter options. The linter options don't add declarations. So the list is complete (127 entries). But did the extraction miss `ConjugateHeatData.ofInterface` etc.? Let me check the Audit.lean content for those names. Earlier I regenerated with the dot fix and got 127 entries (up from 124). Let me verify `ConjugateHeatData.ofInterface`, `not_isRiemannian_zero`, `isRiemannian_zero_of_isEmpty` are in Audit.lean.
dsh: reasoning:
Wait: `grep -c "#print axioms"` says 129, but the audit log had 127 entries. The file has 129 lines matching "#print axioms"? Earlier `grep -c "^#print axioms"` gave 127. Now `grep -c "#print axioms"` (without anchor) gives 129 because the header docstring contains two occurrences? The header has "One `#print axioms` command per principal declaration" and "no ... may appear" — that's 1; and maybe the docstring mentions it twice. Let me check: the header says "**D7 conjugate-heat layer, part 8: the `#print axioms` audit.**" and "One `#print axioms` command per principal declaration of the layer." — 2 occurrences. 127 + 2 = 129. Good.

So 127 actual audit commands. The summary parser found 127 entries. Good.

Now let me check the gate job. It's been running a while. Let me check the notification/job output. Actually, I should wait for the runtime notification. Let me do a quick check of the progress file (non-blocking) and then continue with any remaining verification.

Remaining verification:
- Confirm `All.lean` imports all modules and compiles (done).
- Confirm no `sorry` etc. (done).
- Confirm the result card last line is `TASK_DONE — longrun/results/D7-conjugate-heat-interface.md`. Yes, I wrote that.
- The .json `generated_at` timestamp: I put 2026-09-10T02:10:00Z; let me set the actual current UTC time at finalization.

Let me check the gate progress.
dsh: reasoning:
The gate is at 17/107 after a while. The current UTC time is 2026-09-09T17:59:04Z (the "Generated (UTC)" in the card should be this or later). The card says 2026-09-10T02:10:00Z, which is wrong (the container clock is UTC 17:59 on 09-09). Let me fix the timestamps at the end.

The gate at 17/107 will take a long time (roughly 107/17 × elapsed). It started around 02:00 local? The runtime clock: the scaffold files are dated Sep 10 01:44 local, and `date -u` says Sep 09 17:59 UTC → local timezone is UTC+8 (Sep 10 01:59). So the gate has been running ~15 min for 17 files → ~1.5 min/file?? That's slow (mathlib imports). 107 files would take ~2.5 hours. Hmm. The prior task's gate took some time too. 

Wait, actually, many files are big (Audit, D6LedgerProbe, etc.) and each `lake env lean` re-elaborates imports. 90 more files × ~1 min = 1.5h. That's acceptable for a long-run task, but I should consider whether the full gate is required. The task says "Compile every authored file (`lake env lean`, exit 0)" — that's the 9 authored files, which I've done. The full-worktree gate replication is a bonus (the prior card included it). I don't strictly need it, but it strengthens the card. Since it's running in the background, I can let it finish.

However, the card currently claims 107/107; if the gate doesn't finish or has a failure, I need to update. Let me let it run and check periodically. Meanwhile, I can do other useful verification.

Actually, let me reconsider: is the gate worth 2.5 hours of runtime? The task's core deliverables are done. The gate is a robustness check that no pre-existing file was broken (we didn't modify any, and the diff is empty). The prior task ran it. I'll let it continue in the background while I finalize other aspects; if it takes too long, I can adjust the card to report partial results or wait.

Let me use the time to:
1. Fix the card timestamps (set to current UTC at the end).
2. Review the authored Lean files for quality and correctness once more.
3. Verify the `#print axioms` output includes the main theorem `formal_adjoint` and shows the expected cone.

Let me check the axiom summary for specific declarations.
dsh: reasoning:
All key declarations have the standard classical cone, as expected.

Now, while the gate runs, let me review the code for any subtle issues:

1. In `Slab.lean`, the monotonicity step uses the full-space Dirichlet form with `S = univ` and `green_first` with `boundaryPair_univ = 0`. Good.

2. In `Basic.lean`, `formal_adjoint` uses `linarith` over the abstract module `F`? Wait — `linarith` can't work over a general module, but the goal after `simp` is an equality in `ℝ` (the pairings are real numbers), so `linarith` works. Good, it compiled.

3. The `volumeVariation_apply` field in `MetricFlowInterface` is a *stated* relation; in the concrete instance it's proven. Good.

4. Is there any `sorry` hidden? The forbidden scan says no. Also `#print axioms` shows no `sorryAx`. Good.

5. Check that `Audit.lean` doesn't include `#print axioms` for declarations that don't exist (would be an error). It compiled exit 0, so all names resolve.

6. The `Probe.lean` `#check_failure` entries all fail (compile exit 0). Good.

Now let me consider the result card's claim "harness-gate replication 107/107". The gate is still running. I'll update the card once it finishes. If it takes too long, I could reduce the claim to "authored files 9/9; full gate in progress". But the task doesn't require the full gate; it requires authored files. Let me let it run and check back.

In the meantime, let me fix the timestamp in both cards to the current UTC. I'll do that at the very end to be accurate.

Let me also double check one thing: the task's worktree path in the prompt is `/data/home/guoshaoyang/workdir/...` but our actual path is `/data3/guoshaoyang/...`. The card uses the actual path, consistent with the prior card. Good.

Let me also verify the `.md` card's last line exactly: "TASK_DONE — longrun/results/D7-conjugate-heat-interface.md". The task says "Last line: TASK_DONE or TASK_BLOCKED with the card path." Our last line is `TASK_DONE — longrun/results/D7-conjugate-heat-interface.md`. Good.

Now, one concern about the gate: it's running `lake env lean` on all 107 files sequentially, including `Audit.lean` and big files. It may take another 1-2 hours. I have time. Let me check whether the gate might fail on some file due to our new oleans shadowing something? Our new modules don't modify existing modules, so the gate should pass as it did for the scaffold. The only risk: `release/Poincare/D7/ConjugateHeat/Audit.lean` output is huge but exit 0. Fine.

Actually, let me reconsider the gate command: I ran `while read -r f; do timeout 1200 lake env lean "$f" >> gate.log 2>&1; ...; done < gate_files.txt` in the background. This is fine.

Let me use this time to also create a `longrun/d7-conj-logs/forbidden-scan-d7-wide.json`? The prior card had separate files; our `forbidden-scan.json` includes both authored and D7-wide. Fine.

Let me also save the `#print axioms` per-declaration list in the card? The .json has the cones summary. Good.

Let me wait for the gate. I'll check the job status with `job_output` after some other work. Since I don't have other work, let me review the files once more with `read` to ensure no leftover issues (e.g., the `Example.lean` `cycleCH` abbrev is fine; the `Blocked.lean` imports).

Actually, there's one more thing I should verify: the task says "add files only under `Poincare/D7/ConjugateHeat/`". We added `Audit.lean` with `#print axioms` — fine. But we also have `release/Poincare/D7/ConjugateHeat/All.lean` as the umbrella. Good.

Let me now check the gate progress and decide. I'll wait for the notification; meanwhile, let me compute the per-file line counts and declaration counts for the card (already done). 

Let me check if there are any files under `release/Poincare/D7/ConjugateHeat/` that are not `.lean` (e.g., no `.olean` there since lake build puts them in `.lake/build`). Good.

Let me check the gate job status once more (non-busy, just to see progress). Actually, the instructions say I'll be notified when the job finishes. Let me do something else: verify the `Audit.lean` covers all 127 declarations with no duplicates, and that the `#print axioms` output matches the current source (the audit was regenerated from the per-file log after the linter options; the audit output should be the same). Good.

Let me also run a final `lake build` of the whole release package to ensure the new files don't break `lake build` (the prior task did `lake build` for the whole release, exit 0). This would be a strong check, but it may take a long time (8980 jobs). The prior task ran it. Our new modules are already built; `lake build` of the whole release might be incremental and fast, but it could re-check. Let me try `cd release && lake build` in the background? That competes with the gate for CPU. Better not; the per-file gate is more important.

Let me wait for the gate. I'll check the job output with `wait: true` and a timeout to avoid busy-waiting. The tool caps the wait. Let me wait for, say, 10 minutes.
dsh: reasoning:
The gate completed with `GATE_DONE` and `nonzero_count=0`. Let me verify the final gate results: 107 files, all exit 0.
dsh: reasoning:
The gate is complete: 107/107 exit 0, 0 errors in gate.log. (The final `[exit code: 1]` is from `grep -c "error"` returning 0 matches.)

Now I need to confirm the 9 new files are in the gate list. `gate_files.txt` was generated after the files were created (before the last linter edits, but file names unchanged). Let me verify the 9 ConjugateHeat files appear in gate_exit_codes.txt.
dsh: reasoning:
All 9 new files are in the gate list with exit 0. 

Wait — the gate ran on the files *before* my last linter-option edits? Let me check the timeline:
- I added linter options, rebuilt All/Probe/Audit (02:0x).
- Then ran the per-file gate (9 files) — after edits.
- Then started the full gate (bash-2) — this was started BEFORE or AFTER the linter options? Let me check: I started the full gate in the same message as the forbidden scan. Looking back: I added linter options, rebuilt, ran per-file gate (all 0), then started the full gate. Actually, the order was:
  1. Added linter options.
  2. Rebuilt All/Probe/Audit.
  3. Ran per-file gate (9 files, all 0).
  4. Started full gate (bash-2) + forbidden scan.
So the full gate ran on the final source. Good.

Now let me update the result card's timestamps and ensure the gate claims are accurate. The card already says 107/107, which is now confirmed. Let me update `generated_at` to the actual UTC time at completion and adjust the timestamp in the .md.

Current UTC: let me get it.

Also, I should double-check the .md card's "Generated (UTC)" line and the .json `generated_at`. Let me set both to the current UTC.

Then final verification:
- The card's last line.
- The .json validity.
- The forbidden scan report.
- The axiom summary.

Let me update the timestamps.
dsh: reasoning:
Now let me do a final comprehensive verification:

1. JSON validity.
2. Last line of the .md.
3. All 9 authored files compile (re-run quickly? They passed; the source hasn't changed since except the .md/.json).
4. Forbidden scan results.
5. Axiom summary.
6. Source integrity diff (now must exclude the new result files too — the diff command in the card excludes them).
7. Ensure no background jobs remain.

Let me also double-check that the audit `#print axioms` in `Audit.lean` covers the final source. The source changed only by adding linter options (no declarations), so the list is still valid. And the per-file gate recompiled `Audit.lean` after those edits, exit 0.

One more consideration: the task says "Compile every authored file (`lake env lean`, exit 0), record `#print axioms`". We've done that. The card documents it.

Let me run the final checks.
dsh: reasoning:
Everything is verified. Let me also do a final sanity check that there are no remaining background jobs and that the todo list is complete.

Let me update the todo list to mark everything completed, and check `job_list`.

One more consideration: the task instruction says "Last line: TASK_DONE or TASK_BLOCKED with the card path." My .md's last line is exactly `TASK_DONE — longrun/results/D7-conjugate-heat-interface.md`. Good.

Let me also double-check that the `longrun/d7-conj-logs/` files are all present: exit_codes.txt, gate_files.txt, gate_exit_codes.txt, gate.log, audit.log, axiom-summary.json, forbidden-scan.json, build_all.log, per-file logs. Let me list them.

Also, should I include a `source_integrity_diff.txt` like the prior task? Not required but nice. Let me create one with the diff command output (empty) and exit code. Similarly maybe `axiom-summary.json` is already there.

Let me create `source_integrity_diff.txt`.
dsh: reasoning:
All background jobs are completed. All deliverables are in place.

Let me do a final review of the card .md for accuracy:
- It says "harness-gate replication ... 107/107 exit 0" — confirmed.
- "compiled ... 9/9" — confirmed.
- Axiom cones — confirmed.
- Forbidden scan — confirmed.
- Source integrity — confirmed.

One small thing: the card's section 9.2 says the modules were built with `lake build ... All Probe Audit` (exit 0, 3438 jobs, no warnings). The `build_all.log` shows 3438 jobs and 0 warnings. Good.

Let me also update the todo list to mark all complete. Then provide the final answer with the summary and the last line as required.

Actually, wait. Let me reconsider one requirement: "Define `ConjugateHeatData`: backward heat operator with scalar-curvature term, over a stated metric-flow interface." Our `ConjugateHeatData` is an abstract structure with fields; the concrete instance is `conjugateHeatData`. The requirement is satisfied.

"Prove kernel-checked: formal adjointness of heat and conjugate-heat operators at the algebraic level under an explicit IBP certificate" — `ConjugateHeatData.formal_adjoint` + `ConjugateHeatIBPCertificate`. Satisfied.

"a discrete conjugate-heat slab monotonicity toy" — `energy_le_energy_conjugateHeatStep`, `energy_mono_slab`. Satisfied.

"State-only Prop for conjugate heat kernel existence with missing dependencies." — `ConjugateHeatKernelExistenceStatement` + `blockers` + `MissingMathlibDependencies`. Satisfied.

"No `sorry`/`axiom`/`unsafe`/`native_decide`/`proof_wanted`." — scan 0, axiom audit no sorryAx. Satisfied.

"Compile every authored file (`lake env lean`, exit 0), record `#print axioms`, write `longrun/results/D7-conjugate-heat-interface.md` + `.json`." — Done.

Let me mark the todos complete and give the final answer. The final answer should include the last line `TASK_DONE — longrun/results/D7-conjugate-heat-interface.md`.

Actually, one more check: the harness might scan the result card .md for forbidden tokens like `sorry`! The card text mentions "No `sorry` / `axiom` / ..." — the forbidden scan we ran only scanned `.lean` files. If the harness scans all files including the card for the literal token `sorry`, the card would trigger false positives. The prior task's card also contains those words (e.g., "No `sorry` / `axiom` / ..."), so the harness presumably scans only `.lean` files or is comment-aware. The task says "No `sorry`/`axiom`/`unsafe`/`native_decide`/`proof_wanted`" in the context of Lean proofs. The prior card includes the words in prose and was accepted. Fine.

Let me finalize the todo list and answer.
dsh: reasoning:
Everything is complete. Let me write the final summary answer.

Summary of what was accomplished:
- Scaffolded from D7-divergence-ibp (cp -al failed cross-device; cp -a fallback).
- 9 new Lean files under `release/Poincare/D7/ConjugateHeat/`, 1987 lines.
- `MetricFlowInterface` + `ConjugateHeatData` (backward heat operator `□* = -∂_t - Δ + R` over the stated interface with the Ricci-flow volume variation).
- Green's first/second identities on a finite weighted graph (explicit IBP boundary terms).
- `ConjugateHeatData.formal_adjoint` and `ConjugateHeatIBPCertificate`.
- Concrete finite weighted-graph instance (`metricFlowInterface`, `conjugateHeatData`).
- Slab monotonicity toy (`energy_le_energy_conjugateHeatStep`, `energy_mono_slab`).
- Numeric witnesses (28 = 4 - (-24), energies 5 → 125 → 3125).
- `ConjugateHeatKernelExistenceStatement` state-only Prop, 6 blockers, 7 missing deps.
- Probe with `#check`/`#check_failure`.
- Audit: 127 `#print axioms`, cones within the classical trio, no sorryAx.
- 9/9 authored files exit 0; full worktree 107/107 exit 0; forbidden scan 0 hits; source integrity 0 diffs.
- Result card written.

Last line: TASK_DONE — longrun/results/D7-conjugate-heat-interface.md
All work is complete and verified. Final summary:

## D7-conjugate-heat-interface — TASK_DONE

**Deliverables** (9 Lean files, 1987 lines, all under `release/Poincare/D7/ConjugateHeat/`):

| file | content |
|---|---|
| `Laplacian.lean` | finite weighted-graph Laplace–Beltrami operator, mass-weighted pairing, `green_first` / `green_second` with explicit boundary terms |
| `Basic.lean` | **`MetricFlowInterface`** (L² pairing, Δ, scalar-curvature multiplication, Green boundary form, and the stated metric-flow variation `∂_t dV = -R dV`), **`ConjugateHeatData`** (`H = ∂_t - Δ`, `□* = -∂_t - Δ + R`), **`formal_adjoint`**, **`ConjugateHeatIBPCertificate`** |
| `Instance.lean` | concrete finite weighted-graph instance; all ten interface fields discharged (`laplacian_ibp` is `green_second`) |
| `Slab.lean` | discrete conjugate-heat step `u + R•u - Δu`; `energy_le_energy_conjugateHeatStep`, `energy_mono_slab` (telescoped) |
| `Example.lean` | numeric witnesses: `Δu=(-3,2)`, `H j=(5,2)`, `□*k=(1,10)`, `30-2 = 28 = 4-(-24)`, slab energies `5→125→3125` |
| `Blocked.lean` | **`ConjugateHeatKernelExistenceStatement`** (state-only `Prop`), 6 named blockers, 7 missing mathlib dependencies, consistency checks |
| `Probe.lean` / `Audit.lean` / `All.lean` | `#check`/`#check_failure` probe; 127 `#print axioms`; umbrella |

**Verification**
- `lake env lean`: **9/9 authored files exit 0**; full-worktree gate **107/107 exit 0**.
- `#print axioms`: 127 declarations — 115 × `{propext, Classical.choice, Quot.sound}`, 10 × none, 1 × `{propext, Quot.sound}`, 1 × `{propext}`; **no `sorryAx`, no nonstandard cone**.
- Comment/string-aware forbidden scan: **0 hits** (authored and D7-wide).
- `diff -rq` against the scaffold: **0 shared files changed**.

Card: `longrun/results/D7-conjugate-heat-interface.md` + `.json`; logs in `longrun/d7-conj-logs/`.

TASK_DONE — longrun/results/D7-conjugate-heat-interface.md
