dsh: reasoning:
Let me start by understanding the current state of the worktree. I need to read the checkpoint, existing files, LONG_PLAN.json, and understand what's been done so far.
dsh: reasoning:
There's a substantial amount of prior work. Let me look at the checkpoint.json in full, the LONG_PLAN.json, the results file, and the existing Lean files to understand the state. The checkpoint says elapsed ~38.9 hours. My task now: continue from existing files, 4-hour invocation, hourly checkpoints, high-frequency coordination every 30 minutes.

Let me read the full checkpoint and results, and understand what remains.
dsh: reasoning:
The work is quite advanced. The covering lemma is proved, the antipodal quotient covering is proved. Remaining blockers:

1. `SimplyConnectedSpace (Sphere 3)` — exact statement fixed as dependency request; port candidate frenzymath `HatcherLib/Ch1/Sphere.lean` (`sphereSimplyConnected_of_two_le`) or via `vanKampenSimplyConnectedCover` (node 6).
2. `vanKampenSimplyConnectedCover` (node 6) — needed for π₁(S³)=1 and connected-sum π₁ computation.
3. `simplexBoundaryHomeoSphere`, `sphereMinusBallHomeoDisk` (nodes 9, 10) — radial/hemisphere homeomorphisms.
4. Moise — separate task.

The main objective of the task is: "Prove a concrete geometric-realization/homeomorphism statement for a finite complex or a gluing/covering lemma needed by sphere recognition, with actual topological spaces." That's done. Plus "Give a precise dependency DAG for the general Moise/smoothing branch" — done (MOISE_DAG.md).

For this 4-hour invocation, the most valuable remaining work:
- Try to prove `sphereMinusBallHomeoDisk` or `simplexBoundaryHomeoSphere` (nodes 9, 10) — concrete homeomorphisms with actual topological spaces, fits the task directly.
- Or attempt `SimplyConnectedSpace (Sphere 3)` (node 6) via van Kampen port — this is a big lift.

Let me check current state: is the build green? Let me check the remaining files, look at MOISE_DAG.md, and the named next lemmas in MoiseBranch.lean. Then decide.

Actually let me first verify current compile status and look at the existing files. Also check elapsed hours — checkpoint says 38.9 hours elapsed of 72. The task says complete early only when intended milestone genuinely proved and audited. The intended milestone is mostly achieved. The remaining "nice-to-have" is nodes 6/9/10.

Given 4 hours, I should:
1. Verify the build is green (rebuild).
2. Try to prove one more concrete homeomorphism: e.g., `simplexBoundaryHomeoSphere` — ∂Δⁿ ≅ Sⁿ⁻¹ — this is very directly a "triangulation topology" statement! That's really on-theme: the boundary of the standard simplex is homeomorphic to the sphere. Actually that would be a great fit for "D12-triangulation-topology": a concrete geometric-realization statement for a finite complex — the geometric realization of ∂Δⁿ is homeomorphic to Sⁿ⁻¹.

Actually wait — mathlib has `SimplicialComplex`? There's `Mathlib/AlgebraicTopology/SimplicialSet/` and `Mathlib/Topology/Instances/...`. Is there a geometric realization? There's `Mathlib/AlgebraicTopology/SingularSet`, `SimplicialSet`... Geometric realization exists in mathlib? I recall `Mathlib/AlgebraicTopology/SimplicialSet/GeometricRealization.lean` maybe? Hmm. Actually I don't think there is. There's `SimplexCategory`, `StdSimplex` (in `Mathlib/Analysis/Convex/StdSimplex.lean`). The boundary of StdSimplex as a finite simplicial complex — there might be something in `Mathlib/AlgebraicTopology/SimplicialComplex`. Let me check.

Alternative: `sphereMinusBallHomeoDisk`? Actually the standard lemma: Sⁿ minus an open ball ≅ Dⁿ. Or a hemisphere homeo.

Alternatively, attempt the van Kampen port — that's heavy.

Let me think about what's most impactful: The sphere-recognition pipeline needs `SimplyConnectedSpace (Sphere 3)` — actually node 6. But the task's core deliverable (covering lemma + gluing lemma) is done. The task objective says "Advance a real topology prerequisite... Prove a concrete geometric-realization/homeomorphism statement for a finite complex or a gluing/covering lemma needed by sphere recognition". Both are done and audited. The remaining bits are "named next lemmas".

For this invocation, the highest-value concrete new theorem that fits "triangulation topology" would be:
- `simplexBoundaryHomeoSphere`: ∂(StdSimplex (n+1)) ≃ₜ Sphere n — the geometric realization of the boundary complex of the (n+1)-simplex is the n-sphere.

This is a real "geometric realization" statement: the simplicial boundary ∂Δⁿ⁺¹ (a finite complex) is homeomorphic to Sⁿ.

Approach: StdSimplex in mathlib is `{f : ι → ℝ | 0 ≤ f ∧ ∑ f = 1}`? Let me recall: `Mathlib/Analysis/Convex/StdSimplex.lean`: `StdSimplex 𝕜 ι` where `𝕜` is an ordered ring: `{f : ι → 𝕜 | 0 ≤ f ∧ (∑ i, f i) = 1}`. The boundary: at least one coordinate is 0.

The homeomorphism ∂Δⁿ⁺¹ ≅ Sⁿ: map x ↦ normalize? Standard trick: for x ∈ ∂Δ^{n+1} (i.e., x ≥ 0, ∑x = 1, some coordinate 0), map to the sphere in ℝⁿ⁺¹... Actually a classic homeomorphism: ∂Δⁿ⁺¹ → Sⁿ given by... hmm, the vertices of Δⁿ⁺¹ are e₀,...,eₙ₊₁; the boundary is the union of faces. There's a standard PL homeomorphism but an explicit one: x ↦ (x - c)/‖x - c‖ where c = center? No wait — for x in ∂Δ, x - c is never zero and normalize... but does x - c cover all of Sⁿ? The map from ∂Δ^{n+1} to Sⁿ by normalizing x - c: this is a homeomorphism? For n=1: ∂Δ² is a triangle boundary, c = center. x - c normalized: the boundary of the triangle maps onto the circle S¹, bijectively? Each ray from c hits the triangle boundary exactly once. Yes! It's the radial projection: since Δ is convex and contains c in its interior, every ray from c meets ∂Δ exactly once. This is a standard homeomorphism. And radial projection onto the sphere: Sⁿ is centered at c, radius r > 0 such that Sⁿ(c, r) ⊂ int Δ. Then each ray meets the sphere at one point and ∂Δ at one point — composition gives homeo Sⁿ → ∂Δ. So ∂Δ^{n+1} ≅ Sⁿ.

This is very concrete and provable: it's a radial homeomorphism, exactly the same technique as sphereMinusBallHomeoDisk etc.

The formula: given c ∈ ℝ^{n+2} the center of Δ^{n+1} (all coordinates 1/(n+2)), and the sphere S(c, r) centered at c with radius r... Which radius? Any r with B(c, r) ⊂ Δ, e.g. r = 1/((n+2)*sqrt(n+2))? Hmm, inradius of the standard simplex: the distance from center to a face is 1/sqrt((n+2)(n+3))? For the standard simplex Δ^{n+1} ⊂ ℝ^{n+2} (all coordinates ≥ 0, sum = 1): distance from center c = (1/(n+2),...,1/(n+2)) to the face x₀ = 0 is c₀ = 1/(n+2). So inradius = 1/(n+2). Great: the sphere of radius 1/(n+2) centered at c is inscribed in Δ (touches all faces).

Map φ : Sⁿ(c, 1/(n+2)) → ∂Δ^{n+1}: x ↦ c + (x - c) * t(x) where t(x) scales until hitting the boundary. Given x on the sphere centered at c, the ray c + t(x-c) hits ∂Δ when one coordinate hits 0: min_i x_i... Let me derive: c + t(x - c) has coordinate i equal to c + t(x_i - c) = 1/(n+2) + t(x_i - 1/(n+2)). This hits 0 for the minimal coordinate x_min = min_i x_i when t = (1/(n+2)) / (1/(n+2) - x_min). Since x is on sphere of radius 1/(n+2) centered at c, we have max_i (x_i - c) ≥ ... well x_min < c definitely since x ≠ c. So t = c/(c - x_min) = 1/(1 - (n+2)·x_min).

So φ(x) = c + (x-c)·t where t = 1/(1-(n+2)·min x). This is continuous where min is... min is continuous as a function ℝ^{n+2} → ℝ. And t is continuous on the sphere since denominator (c - x_min) = c - min(x) > 0 on the sphere? min(x) < c: yes because if all x_i ≥ c then sum x_i ≥ (n+2)c = 1 and x on sphere centered c radius c means... let me verify: sum x_i = 1 + ... hmm sum (x_i - c) = sum x_i - 1. And the sphere condition: ∑(x_i - c)² = c². If all x_i ≥ c then... possible? x_i - c ≥ 0 each, ∑(x_i-c)² = c² = 1/(n+2)², so each x_i - c ≤ c. Then sum x_i = 1 + ∑(x_i - c) ≤ 1 + (n+2)c = 2. Not a contradiction directly. Hmm wait, but actually on the sphere, can all coordinates be ≥ c? That would put x in the positive orthant near c... e.g. n=1: circle centered (0.5, 0.5) radius 0.5 in ℝ², points with both coords ≥ 0.5: only c itself (0.5+0.5)²... x = (0.5 + a, 0.5 + b), a,b ≥ 0, a²+b² = 0.25 → a = 0.5 cos... hmm a,b ≥ 0 with a²+b² = 0.25: yes exists e.g. a=b=√(1/8)≈0.354. Then sum x = 1 + a + b = 1.71 > 1. Hmm, so x = (0.854, 0.854) is on the sphere centered c radius 0.5 and has both coords ≥ c. Then the ray from c through x hits ∂Δ (the triangle) at... t = 0.5/(0.5 - 0.354) = 3.4, so φ(x) = c + 3.4(x-c) = (1.7, 1.7)?? That's not in Δ (sum = 3.4). 

I made an error: the boundary of Δ² in ℝ²... wait no. Δ² ⊂ ℝ² is the triangle with vertices (1,0),(0,1),(0,0)? The standard 2-simplex in ℝ² (ι = Fin 2). Hmm, ∂Δ² = union of faces = {x₁=0} ∪ {x₂=0} ∪ {x₁+x₂=1}? No wait: Δ² = {x : Fin 2 → ℝ | x₁ ≥ 0, x₂ ≥ 0, x₁ + x₂ ≤ 1}? Mathlib's StdSimplex definition: `{f : ι → 𝕜 | 0 ≤ f ∧ ∑ f = 1}`. Hmm, that's a simplex but its faces: the defining equalities are "0 ≤ f" i.e. f ≥ 0 pointwise and sum = 1. For Fin 2: {x₁ ≥ 0, x₂ ≥ 0, x₁+x₂ = 1} — the segment from (1,0) to (0,1). Its boundary (as simplex) = endpoints. The ray from c = (0.5, 0.5) through (0.854, 0.854) — direction (1,1) — from c never hits the segment x₁+x₂=1 except... c is ON the segment! Oh right: for Δ^{n+1} ⊂ ℝ^{n+2} defined as {x ≥ 0, ∑x = 1}, c = (1/(n+2),...,) satisfies ∑c = 1, so c ∈ Δ, and the ambient is the affine hyperplane ∑x = 1, not all of ℝ^{n+2}. The inscribed sphere is in the affine hyperplane.

OK so I need to work in the affine subspace H = {x | ∑x = 1}. The sphere Sⁿ = {x ∈ H : ‖x - c‖ = r}. For n=1: H = line x₁+x₂=1, c=(0.5,0.5), the sphere is two points. Points with all coords ≥ c... in H, x₁+x₂ = 1 and x ≥ c pointwise → x = c. OK so in H, on the sphere, can't have all coords ≥ c unless x = c... wait: x_i ≥ c ∀i, ∑x = 1 = ∑c → x = c. Right! Because sum(x - c) = 0 with all terms ≥ 0. So on the sphere (x ≠ c), some coordinate < c, so min < c, denominator positive, t well-defined. 

So the map φ(x) = c + (x - c)·(c/(c - min x)) maps S(c, r) ∩ H → ∂Δ. And it's continuous (min is continuous). Inverse: ψ(y) = c + (y - c)·(r/‖y - c‖) for y ∈ ∂Δ: maps ∂Δ to the sphere of radius r centered at c in H. Wait but for that inverse to be the true inverse: for x on the sphere, y = φ(x), then y - c = (x-c)·t, ‖y-c‖ = r·t, so ψ(y) = c + (x-c)·t·(r/(r·t)) = x. ✓. And φ(ψ(y)) = y: ψ(y) - c = (y-c)·(r/‖y-c‖), min of ψ(y) = min(c + (y-c)·s) = c + s·(min y - c) where s = r/‖y-c‖ < 1 (since r < ‖y - c‖... hmm need r ≤ ‖y - c‖ for all y ∈ ∂Δ: yes since the sphere of radius r centered at c is inscribed, r = min over faces distance = c... the inradius of Δ^{n+1} (in H) is c/√(n+2)? Let me compute: distance from c to the face {x₀ = 0}: minimize ‖x - c‖ over x ∈ H, x₀ = 0, x ≥ 0. At the closest point of the face: project c onto {x₀=0} ∩ H = Δⁿ face: the point is (0, 1/n, ..., 1/n). Distance = sqrt((1/(n+2))² + (n+1)·(1/n - 1/(n+2))²) = sqrt(1/(n+2)² + (n+1)·(2/(n(n+2)))²)... this is getting complicated.

Alternative cleaner approach: use polar decomposition relative to c. φ(x) = c + (x-c)/‖x-c‖ · ρ(x-c/‖x-c‖) where ρ(u) = distance from c to ∂Δ along direction u. And the inverse is radial normalization. To prove it's a homeomorphism, the standard trick: both are continuous, mutually inverse.

Actually, simpler: this is essentially `sphereMinusBallHomeoDisk`-type radial homeomorphism between two "star-shaped around c" sets. Standard mathlib lemma: homeomorphisms between starlike sets? There is `Convex.homeoIcc`? Hmm.

Honestly, the cleanest: define the map from the sphere S(c,1) ∩ H (unit sphere centered at c — arbitrary radius, doesn't need to be inscribed! just take ANY r > 0, since for the map x ↦ c + (x-c)·t(x) with t = c/(c - min x), the image is ∂Δ regardless of r; and inverse ψ(y) = c + (y-c)·(r/‖y-c‖) maps ∂Δ to S(c, r) ∩ H). No need for inscribed sphere. 

The only nontrivial algebra: t·(c - min x) = c ↔ t = c/(c - min x). And checking φ(x) ∈ ∂Δ: coordinates of φ(x) are c + (x_i - c)t ≥ 0 (with equality for the min coordinate) — need x_i - c ≥ -(c - min x)·... wait t = c/(c - min x) and x_i ≥ min x so x_i - c ≥ min x - c = -(c - min x), hence c + t(x_i - c) ≥ c - c = 0. ✓. Sum: ∑φ(x)_i = ∑c + t∑(x_i - c) = 1 + t·0 = 1 (since x ∈ H). ✓. And min coordinate of φ(x) is 0 (attained where x_i = min x). ✓.

Continuity of min over a finite index type: mathlib has `continuous_inf`? For Fin: `Pi.continuousAt_iff`... There's `continuous_finset_sInf`? Hmm, mathlib has `continuous_finset_inf` or similar for conditionally complete lattices? I recall `continuous_finset_sInf` in `Mathlib/Topology/Order/...` maybe. Alternatively write min over Fin (n+2) as Finset.min? There's `Finset.min'` for linear orders... but the function x ↦ min_i x_i : continuity — I can prove by induction via `continuous_inf` (continuous min for ℝ: `continuous_inf` exists in mathlib for LinearOrder with order topology? There's `Continuous.inf` from ContinuousInf... For ℝ, min is continuous: `continuous_min` in mathlib? Yes: `continuous_min` and `continuous_max` exist in `Mathlib/Topology/Order/...` I believe. Then min over Fin n by Fintype induction.)

Hmm, but honestly, this is a chunk of work. Let me look at what the actual current state is and see if there's a smarter path. Let me look at the named next lemmas in MoiseBranch.lean and MOISE_DAG.md, and think about which remaining node is most valuable for "D12-triangulation-topology" completion.

Actually — wait. Let me reconsider. The primary deliverable and audit are done. What would make this task complete-early? The task says: "Complete early only when the intended milestone is genuinely proved and audited". The intended milestone: "Prove a concrete geometric-realization/homeomorphism statement for a finite complex or a gluing/covering lemma needed by sphere recognition" — done (gluing lemma, covering lemma, antipodal covering). "Audit dimensions and compactness/nonemptiness conventions" — done. "Research reusable topology libraries with license/revision records" — done. "Give a precise dependency DAG for the general Moise/smoothing branch" — done.

So arguably the task is complete. But "TASK_DONE card is only a request for independent acceptance". Hmm — but the "High-frequency coordination" says: continue. Given 4 hours, the best use is to strengthen with one more real theorem — the simplex boundary homeomorphism (node 9) — which is squarely "triangulation topology" (geometric realization statement for a finite complex!). ∂Δⁿ⁺¹ is a finite simplicial complex (the boundary of the standard simplex) and we prove its geometric realization is homeomorphic to Sⁿ. That's a genuinely on-theme deliverable that strengthens the card.

Also there might be a subtlety: is `StdSimplex` in mathlib the closed simplex with `0 ≤ f ∧ ∑ f = 1`? Let me check the definition and the `boundary` notion. Mathlib `StdSimplex.boundary`? I don't think so. I'll define the boundary as {x ∈ StdSimplex | ∃ i, x i = 0}.

Also possibly better: mathlib already has a homeomorphism between StdSimplex and... hmm. Let me check what's available. Let me start exploring.

Plan for this invocation:
1. Verify build state (rebuild, check current status).
2. Explore mathlib API for StdSimplex, min continuity, sphere in affine subspace.
3. Prove simplexBoundaryHomeoSphere (∂Δⁿ⁺¹ ≃ₜ Sphere n) — actually the sphere should be Sⁿ ⊂ H ≅ ℝⁿ⁺¹... wait dimension: Δ^{n+1} ⊂ ℝ^{n+2} is n+1-dimensional; its boundary is homeomorphic to Sⁿ. The natural target: the unit sphere in H centered at c: {x ∈ H : ‖x - c‖ = r}. But for the statement to use actual `Sphere n` (mathlib's), maybe better to prove ∂Δ^{n+1} ≃ₜ (affine sphere in H) and then separately affine sphere ≃ₜ Sphere n via an isometry ℝ^{n+1} ≅ H? Hmm, that's extra work but doable: H ≅ ℝ^{n+1} via x ↦ (x 1, ..., x n)? Not isometric. Actually simplest: define the target as the "corner sphere": {x : ℝ^{n+2} | ‖x - c‖ = r ∧ ∑x = 1}? That's an n-sphere but not literally `Sphere n`.

Alternatively, use mathlib's actual `Sphere n` = unit sphere in EuclideanSpace ℝ (Fin (n+1)) centered at 0, and construct the homeo ∂Δ^{n+1} → Sphere n directly: x ↦ (x - c_rest)/‖x - c‖ where c_rest = c restricted to Fin (n+1) = the first n+1 coordinates... but x - c has n+2 coordinates summing to 0; dropping the last coordinate loses information? No — it's fine: if v = x - c with ∑v = 0, then v is determined by its first n+1 coordinates, and the map v ↦ v/‖v‖ ... but the target Sphere n is the unit sphere in ℝ^{n+1} centered at 0 — but v restricted to Fin (n+1) doesn't have norm 1 and doesn't cover the sphere surjectively (v_{n+1} is determined... wait no). Hmm: the unit sphere Sⁿ ⊂ ℝ^{n+1} vs the "unit sphere in H ⊂ ℝ^{n+2}". An isometry between them is not coordinate-restriction.

Better: I can define the target as `{x : Fin (n+2) → ℝ // x ∈ H ∧ ‖x - c‖ = r}` — an n-sphere. But then the statement "≃ₜ Sphere n" isn't literally there. To get literally `Sphere n`, I'd need an isometry ℝ^{n+1} → H. That's more work: e.g. the linear map sending eᵢ ↦ eᵢ - e₀? There's a clean isometry: H = orthogonal complement of the all-ones vector 1 = (1,...,1); define L : EuclideanSpace ℝ (Fin (n+1)) → (Fin (n+2) → ℝ) by L(x) = x ∘ something... Let me think: any orthonormal basis of 1^⊥. A clean one: u_i = (e_i - e_{n+1})/√2 for i < n+1? These are n+1 vectors each of norm √2, pairwise orthogonal? ⟨e_i - e_{n+1}, e_j - e_{n+1}⟩ = δ_ij + 1 ≥ 1 ≠ 0. Not orthogonal.

This affine-isometry step is annoying. Alternative: state the theorem with the target being the actual `Sphere n` via a DIFFERENT map: there's a classical homeomorphism ∂Δ^{n+1} → Sⁿ given by x ↦ normalization of (√x₁, ..., √x_{n+2})? Hmm: x ↦ (√x₀, ..., √x_{n+1})/... each √x_i... For x ∈ ∂Δ, some x_i = 0. The map x ↦ (±√x_i) covers the sphere with signs — not a homeomorphism globally, it's the quotient map ∂Δ → Sⁿ (squaring), which is a homeomorphism? For n=1: triangle boundary → circle via (√x₀, √x₁) with signs — that's 2-to-1 on edges... no.

OK the radial approach with an explicit isometry is the way, but honestly maybe simpler: define the whole thing intrinsically. The claim for sphere recognition needs "∂(StdSimplex) ≃ₜ Sphere". In practice what downstream needs: S² ≅ ∂Δ³, e.g. to build S³ as the boundary of Δ⁴! That's the triangulation input: the 3-sphere is the boundary of the 4-simplex (as a triangulated PL sphere). So a theorem `∂Δ⁴ ≃ₜ Sphere 3` (or general n) is exactly a "geometric realization statement for a finite complex" with actual spaces.

I could define the target sphere as an n-sphere in a subspace and prove it's homeomorphic to `Sphere n` via the Gram-Schmidt... ugh. Alternatively — there's a slicker approach: note ∂Δ^{n+1} is homeomorphic to `Sphere n` via composition: ∂Δ^{n+1} → Σ^{n+1} (the "standard n-sphere" {x : Fin (n+2) → ℝ | ∑ x² = 1 ∧ ...}? no.

Hmm wait — actually there's a really clean classical homeo: Sⁿ ≅ ∂Δ^{n+1} where Sⁿ = unit sphere in ℝⁿ⁺¹, given by x ↦ (x₁², ..., x_{n+1}²)·? No.

Let me think again about the cleanest formalizable statement. Actually — maybe I should target `Sphere n` centered at c: I can define `sphereAt c r` and prove `sphereAt c r ≃ₜ Sphere n`? That's the same affine isometry problem.

Is there a slicker known result? mathlib might already have `TopCat.sphere` and homotopy sphere stuff... Let me search mathlib for `StdSimplex` boundary homeo — I doubt it.

Alternative: prove the homeo with target being the product-free intrinsic sphere, and declare that as node 9's deliverable, noting `Sphere n`-version needs an explicit isometry H ≅ ℝⁿ⁺¹ as a follow-up. But the task wants "actual topological spaces" — an intrinsic sphere {x ∈ H : ‖x-c‖ = r} IS an actual space homeomorphic to Sⁿ. But I'd rather give the literal `Sphere n`.

Actually, you know what? Let me define the sphere as the subspace {x : Fin (n+2) → ℝ // ‖x - c‖ = r} WITHOUT the H condition? No wait, that's S^{n+1}-like (codim-0), an (n+1)-sphere in ℝ^{n+2}. The condition ∑x = 1 is needed.

Hmm, actually there's another classical model: Sⁿ = {x ∈ ℝⁿ⁺¹ : ‖x‖ = 1} ≅ {x ∈ ℝⁿ⁺¹ : ∑x² = 1}. And ∂Δ^{n+1}: {x ≥ 0, ∑x = 1, min x = 0}. The map x ↦ 2x - 1 ... no.

What about: Sⁿ ≅ {x ∈ ℝ^{n+2} : x ≥ 0, ∑x² = 1}? No, that's a quadrant.

OK here's the thing — the isometry ℝ^{n+1} → H ⊂ ℝ^{n+2}. Let me just construct one explicitly. Let 1 = (1,...,1) ∈ ℝ^{n+2}. H = 1^⊥ + c. The orthogonal complement of span{1} has dimension n+1. A convenient ONB: u₀ = (1, -1, 0, ..., 0)/√2, and inductively... the standard ONB of 1^⊥: v_k = (1, ..., 1, -k, 0, ..., 0)/√(k(k+1)) for k = 1..n+1 (k-th position after k ones, with k terms 1 then -k)? Check: v_k has k entries = 1 (positions 0..k-1), one entry = -k (position k), rest 0. Norm² = k + k² = k(k+1). ✓. ⟨v_k, v_l⟩ for k < l: sum over first k positions of 1·1 = k, position k: -k·1 = -k, others 0 → 0. ✓. So {v_k/√(k(k+1)) : k = 1..n+1} is an ONB of 1^⊥. 

So define e : EuclideanSpace ℝ (Fin (n+1)) → ℝ^{n+2} by e(x) = ∑_{k=1}^{n+1} (x (k-1))/√(k(k+1)) · v_k. This is an isometric embedding onto H - c = 1^⊥. Then c + e(x) ∈ H, and x ↦ c + e(x) is an isometry ℝ^{n+1} → H. Then the homeo: Sphere n → ∂Δ^{n+1} via radial projection from c.

Formalizing this in Lean: doable but heavy: need to prove e is an isometry (norm preserving): ‖e(x)‖² = ∑_k (x_{k-1}²/(k(k+1)) · k(k+1)) = ∑ x². And surjectivity onto 1^⊥: hmm, need that every vector in 1^⊥ has the form... Given y ∈ 1^⊥ with entries y_i, define x_{k-1} = (v_k·y)/√(k(k+1))? Hmm wait: x ↦ e(x), to invert: given y = e(x), we have ⟨y, v_k⟩ = x_{k-1}√(k(k+1))·... e(x) = ∑_l (x_{l-1}/√(l(l+1))) v_l, so ⟨e(x), v_k⟩ = x_{k-1}√(k(k+1))... wait ⟨v_l, v_k⟩ = l(l+1) if l=k else 0. So ⟨e(x), v_k⟩ = (x_{k-1}/√(k(k+1)))·k(k+1) = x_{k-1}√(k(k+1)). Hence x_{k-1} = ⟨y, v_k⟩/√(k(k+1)). But to prove e is surjective onto 1^⊥ we need: y ∈ 1^⊥ → y = e(x) where x_{k-1} := ⟨y, v_k⟩/√(k(k+1)). This needs the basis expansion y = ∑_k ⟨y, v_k⟩/‖v_k‖² v_k, i.e., ONB completeness: mathlib has `EuclideanSpace` with `OrthonormalBasis`? There is `OrthonormalBasis` and `sum_inner_mul_inner` etc. Actually simpler: `Basis.coord` stuff. Hmm, but proving surjectivity of e onto 1^⊥ via basis expansion is extra algebra.

Alternative that avoids surjectivity proofs entirely: Instead of composing with an isometry to `Sphere n`, prove the homeomorphism with target the intrinsic sphere and then... no wait, I want literal `Sphere n`.

Alternative: define the homeo ∂Δ^{n+1} → Sphere n DIRECTLY via the map x ↦ coordinates... Here's a thought: use the norm-sqrt map: ∂Δ^{n+1} ∋ x ↦ (√x₁, ..., √x_{n+1})/‖...‖ — no, signs.

OK here's yet another idea — the barycentric/e_0-based map: Think of Sⁿ as the join... mathlib: S^n as one-point-compactification? There's a classic homeo: Sⁿ ≅ Δⁿ/∂Δⁿ! The n-sphere is homeomorphic to the quotient Δⁿ/∂Δⁿ (collapse boundary to a point). THAT is very triangulation-flavored and avoids affine isometry pain? Let's see: Δⁿ/∂Δⁿ ≅ Sⁿ. Proof: identify Sⁿ with the one-point compactification... or: Sⁿ ≅ Iⁿ/∂Iⁿ first (cube quotient — this might exist in mathlib? There's `Topology/Instances/...`? Hmm, mathlib has homeomorphisms between cubes and balls? There's `cubeQuotHomeoSphere`? not sure). 

Actually, the cleanest known chain: Δⁿ ≅ Iⁿ (barycentric-ish homeomorphism between simplex and cube — mathlib? maybe not). Hmm.

Let me step back and think about what's realistic in 4 hours while keeping value high and risk moderate:

Option A: `simplexBoundaryHomeoSphere` via radial projection + ONB isometry. Heavy algebra (isometry, surjectivity) but self-contained and very on-theme.

Option B: `sphereMinusBallHomeoDisk` or `sphereMinusPointHomeoDisk`: Sⁿ minus a point ≅ Dⁿ — stereographic projection! This is a classic with concrete formulas: Sⁿ \ {N} → ℝⁿ → Dⁿ (Dⁿ ≅ ℝⁿ? no — Dⁿ ≅ ℝⁿ via homeo x ↦ x/(1-‖x‖) — radial). Stereographic projection formula: x ↦ (x₁,...,x_n)/(1 - x_{n+1}). This is concrete, and mathlib might even have something? Probably not. But the stereographic algebra is simpler than the ONB isometry. And Sⁿ \ {pt} ≅ ℝⁿ ≅ Dⁿ gives "S³ minus a ball ≅ D³" = the hemisphere decomposition needed for the gluing (D³ ∪_{S²} D³) or for Morse-theoretic decompositions. Actually the pipeline DAG node 10: `sphereMinusBallHomeoDisk`. Hmm, but the real "sphere minus ball" (closed ball removed, boundary Sⁿ⁻¹) ≅ disk. That's a collar/radial lemma, harder. Stereographic gives "sphere minus point ≅ open disk". With open disk ≅ disk (radial x ↦ x/(1+‖x‖) inverse y ↦ y/(1-‖y‖)): Sⁿ∖{N} ≅ ℝⁿ and ℝⁿ ≅ open disk; open disk ≅ disk. So Sⁿ minus a point ≅ Dⁿ. That's provable with concrete formulas. But "minus a point" vs "minus a ball" — a point is a degenerate ball, fine as a named lemma but weaker than node 10's statement.

Option C: `simplexBoundaryHomeoSphere` via the QUOTIENT: Sⁿ ≅ ∂Δ^{n+1}... hmm no.

Option D: Try to actually port `sphereSimplyConnected_of_two_le` from frenzymath Hatcher Ch1/Sphere.lean (v4.32.1 mathlib 520045ab) to pinned mathlib — this closes node 6 → `SimplyConnectedSpace (Sphere 3)`, the top remaining blocker for the actual recognition chain. That's a substantial port (van Kampen + sphere cover by disks). In 4 hours? Risky, but it's THE key missing piece. The frenzymath proof of sphereSimplyConnected uses covering spaces (their own CoveringMap) and `VanKampen`. Porting their whole van Kampen stack could take days.

Option E: Prove π₁(Sⁿ)=1 for n ≥ 2 differently: Sⁿ is a suspension... hmm: π₁(Sⁿ) = π₁(ΣSⁿ⁻¹). There's a classical argument: any loop in Sⁿ (n≥2) is homotopic to one missing a point (compactness + uniform approximation / tubular neighborhood), then Sⁿ∖{pt} ≅ ℝⁿ contractible → nullhomotopic. The "any loop misses a point" step: by continuity + compactness, the image of γ is compact ≠ Sⁿ... but a compact set can still be all of Sⁿ (the sphere is compact). The standard argument uses simplicial approximation (triangulation!) or the fact that γ(I) has empty interior when n ≥ 2? A continuous image of the interval could be space-filling in principle... but homotopically: γ(I) is compact, its complement is open; need complement nonempty and contractible-ish: any loop in Sⁿ is homotopic to a PL loop (simplicial approximation of paths), which misses a point for n ≥ 2, then contracts in Sⁿ∖{pt} ≅ ℝⁿ. This uses simplicial approximation theorem — heavy. The van Kampen route: Sⁿ = U ∪ V, U = Sⁿ∖{N}, V = Sⁿ∖{S}, U∩V = Sⁿ∖{N,S} ≃ Sⁿ⁻¹, U,V contractible; van Kampen: π₁(Sⁿ) = π₁(U) *_{π₁(U∩V)} π₁(V) = 1 for n ≥ 3... wait n ≥ 3 gives U∩V ≃ Sⁿ⁻¹ with n-1 ≥ 2 path-connected → van Kampen amalgamation over a group generated... π₁(Sⁿ) = 1 *_{π₁(Sⁿ⁻¹)} 1 = trivial for n ≥ 3 (any element of π₁(U∩V) dies in π₁(U) and π₁(V)). For n = 2: U∩V ≃ S¹, π₁ = ℤ, but the two inclusions S¹ → U∩V... π₁(S²) = 1*_ℤ 1 = 1 still! Because both homomorphisms π₁(U∩V) → π₁(U)=1 are trivial. Right — van Kampen always gives π₁(Sⁿ) = 1 for n ≥ 2. So the van Kampen route needs: van Kampen theorem (huge) OR the covering-space route: Sⁿ covered by simply connected spaces + "if X admits an open cover by simply connected subspaces with... then π₁(X) = 1" — that's exactly the "vanKampenSimplyConnectedCover" named lemma. Hmm, that lemma is also nontrivial to prove properly.

Given constraints, I think the best 4-hour investment: Option A or B — a new concrete homeomorphism theorem. These are squarely in "prove a concrete geometric-realization/homeomorphism statement" territory, strengthen the deliverable, and are achievable with explicit-formula proofs like the ones already in SphereGluing.lean.

Between A and B: B (stereographic) is lower-hanging and directly relevant to decomposition of S³ into balls (for Perelman's extinction/decomposition arguments, S³∖{pt} ≅ D³ is the hemisphere decomposition). Actually wait — "sphereMinusBallHomeoDisk" node 10: Sⁿ minus closed ball ≅ Dⁿ. Stereographic + radial could do "Sⁿ minus OPEN ball ≅ Dⁿ"? The cleanest correct statement: Sⁿ ∖ {p} ≅ Dⁿ, or Sⁿ minus a closed hemisphere ≅ Dⁿ... Hmm.

Let me do a quick check of what mathlib offers: maybe there's already a stereographic homeomorphism or "sphere minus point homeo ℝⁿ" somewhere in mathlib (e.g., `Mathlib/Topology/Instances/AddCircle`, `Mathlib/Analysis/Complex/...` Riemann sphere? There's `Mathlib/Analysis/SpecialFunctions/...`? The Riemann sphere stuff might have `extend stereographic`... Possibly `Mathlib/Topology/Homeomorph`? Let me grep.

Also check: mathlib has `Mathlib/Topology/Instances/RealVectorSpace`? Not sure. Let me grep for "stereographic" in .lake/packages/mathlib.

Plan:
1. Check build status & environment (quick rebuild in background).
2. Grep mathlib for stereographic / StdSimplex boundary / available APIs.
3. Decide A vs B.
4. Write the proof, extend audit, update checkpoint + results.

Let me also review existing D12 files to match style and naming. Let me look at SphereGluing.lean header and MoiseBranch.lean to see the named lemmas and conventions.

Let me start. First, parallel: read MoiseBranch.lean + MOISE_DAG.md + look at file listing; start a background lake build.
dsh: reasoning:
Now let me look at the named next lemmas in MoiseBranch.lean, and also look at the existing SphereGluing.lean to see style and available APIs. Also check the mathlib for StdSimplex and stereographic-like homeos.

Let me read MoiseBranch.lean and glance at SphereGluing.lean.
dsh: reasoning:
Good. Now let me check the build output, and start exploring mathlib APIs for the simplex boundary homeomorphism (node 9) and sphere-minus-hemisphere (node 10). Node 10 looks much easier: `sphereMinusBallHomeoDisk n : Nonempty ({x : Sphere (n) // x.last ≤ 0} ≃ₜ Disk n)`. Wait, the statement in MoiseBranch is: {x : Metric.sphere 0 1 in Fin (n+1) // x (Fin.last n) ≤ 0} ≃ₜ closedBall 0 1 in Fin n. Hmm wait — the closed lower hemisphere of Sⁿ is homeomorphic to Dⁿ? Yes! The closed lower hemisphere {x ∈ Sⁿ : x_last ≤ 0} ≅ Dⁿ via projection onto the first n coordinates: x ↦ (x₁..x_n). The lower hemisphere is the graph of x_last = -√(1-∑xᵢ²) over the unit disk. Inverse: y ↦ (y, -√(1-‖y‖²)). That's exactly the formula structure I already have in SphereGluing (sqrt_one_sub_sq_eq_norm_of_norm_sq_add_sq_eq_one!). This is very achievable: it's essentially the same math as doubleDiskQuotHomeoSphere — one hemisphere instead of gluing two.

Node 9 (simplex boundary ≅ sphere) is harder but more on-theme for "triangulation topology". 

Actually, why not do both? Node 10 first (quick win, ~1-2 hours), then node 9 if time permits. But careful: node 9's exact statement uses `Convexity.StdSimplex ℝ (Fin (n+2))` — hmm, `StdSimplex 𝕜 ι` where 𝕜 is ordered ring: {f : ι → 𝕜 // 0 ≤ f ∧ ∑ f = 1}? Let me check the actual definition in mathlib: `Mathlib/Analysis/Convex/StdSimplex.lean`. Actually the `x.weights` in the MoiseBranch statement suggests StdSimplex has a `weights` field. Let me check.

For node 9, the radial homeomorphism needs the target sphere to be the sphere in the affine hyperplane ∑x=1 centered at the barycenter, then compose with an isometry to `Sphere n`. The isometry: H ≅ ℝ^{n+1}. That's the hard part (ONB construction). Alternatively — better idea! Since `StdSimplex ℝ (Fin (n+2))` lives in ℝ^{n+2} with the condition ∑x = 1... 

Hold on, maybe there's a cleaner target choice. What if I prove ∂Δ^{n+1} ≃ₜ Sphere n using barycentric coordinates minus the first coordinate? Hmm no, not a homeo onto a sphere directly.

Alternative clean approach for node 9: Δ^{n+1} ≅ D^{n+1} via a known chain? Hmm, is there a mathlib homeo between StdSimplex and closedBall? I don't think so.

What about ∂Δ^{n+1} ≅ ∂(D^{n+1}) = Sphere n via: StdSimplex → sphere via radial projection... same issue.

Honestly, the ONB isometry is the honest approach. Let me think about the concrete map for the isometry H → ℝ^{n+1}: 

Alternative: work with `EuclideanSpace ℝ (Fin (n+1))` ≅ span... Mathlib has `EuclideanSpace.equiv`? Hmm. What about using the submodule {v | ∑v = 0} with its induced inner product — there's `Submodule` with inner product space structure: `Submodule.innerProductSpace`? mathlib: for a submodule of an InnerProductSpace, there's `Submodule.innerProductSpace` (compatible with the ambient inner product). And isometries between a submodule and EuclideanSpace ℝ (Fin d) via `Submodule.isometryEquiv`? There's `Submodule.isometryEquiv`? Hmm... I recall `Submodule.linearIsometryEquivOfEq`? There's machinery: `Submodule.isometryEquivOfOrthogonal`? Not sure. There's definitely `Submodule.orthogonal` and `LinearIsometryEquiv` for subspaces of inner product spaces? Let me grep mathlib.

Actually, mathlib has a really nice tool: `PiLp`... no. What about: `EuclideanSpace ℝ (Fin (n+1))` is NOT the submodule. Hmm.

Alternatively use the fact that mathlib might have `finrank_add_finrank_orthogonal` etc., and `Submodule.isometryEquiv`? Let me just grep. If there's `Submodule.linearIsometryEquiv` (I think there is `Submodule.isometryEquiv` maybe not), it would construct an isometry between H' = {v | ∑v = 0} ≅ ℝ^{n+1} automatically. Let me check.

Actually, I remember: mathlib has `LinearIsometryEquiv.ofInnerProductSpace`? There's `stdOrthonormalBasis`. For a finite-dimensional inner product space E, `stdOrthonormalBasis` gives an ONB. And `stdOrthonormalBasis.repr`... And `LinearIsometryEquiv.ofInjective`? Hmm. There's also `Submodule.linearIsometryEquivOfEq`? no that's for equality.

I recall in mathlib: `Mathlib/Analysis/InnerProductSpace/OrthonormalBasis.lean`? Hmm, orthonormal basis stuff is in `Mathlib/Analysis/InnerProductSpace/...`. And `Submodule` has `Submodule.linearIsometryEquiv`? Let me grep for "linearIsometryEquiv" in the submodule files.

Actually here's an idea that sidesteps the ONB entirely for the STATEMENT: prove the homeomorphism where the TARGET is the affine sphere {x : Fin (n+2) → ℝ // ∑x = 1 ∧ ‖x - c‖ = r} — wait but the statement in MoiseBranch.lean is fixed with target `Metric.sphere (0 : EuclideanSpace ℝ (Fin (n+1))) 1`. The task says "If an upstream definition is wrong, create a versioned corrected definition..." — the MoiseBranch statement is my own named lemma, I can refine it. But better to actually prove the literal Sphere n statement if feasible.

Hmm — wait, actually. Let me reconsider. There's a classical homeomorphism between ∂Δ^{n+1} and Sⁿ that uses coordinates without any affine isometry: the map x ↦ u/‖u‖ where u_i = 2x_i - 1? No...

What about this: Sⁿ ≅ ∂Δ^{n+1} via x ↦ (max(x,0)... no.

OK here's another thought. Do it in two clean steps, both with explicit formulas:

Step 1: ∂Δ^{n+1} ≃ₜ Sⁿ_aff where Sⁿ_aff = {x : Fin (n+2) → ℝ | x ∈ H ∧ ‖x - c‖ = 1} (radial projection, explicit formulas, denominator c - min x).

Step 2: Sⁿ_aff ≃ₜ Sphere n. For this, note Sⁿ_aff = c + unit sphere of H₀ where H₀ = {v | ∑v = 0} ⊂ ℝ^{n+2}. Need isometry H₀ → ℝ^{n+1} = EuclideanSpace ℝ (Fin (n+1)).

For step 2, the ONB v_k construction. To prove the linear map e is an isometry and bijective onto H₀: 

e : EuclideanSpace ℝ (Fin (n+1)) → (Fin (n+2) → ℝ), e(x)_i = sum over k of (x_{k-1}/√(k(k+1))) (v_k)_i.

Actually hmm, maybe better to use mathlib's orthonormal-basis machinery on the submodule H₀ ⊥ span{1}. Actually wait, easier: H₀ = (span ℝ {fun _ => 1})ᗮ. And `Submodule.linearIsometryEquiv`? Let me grep mathlib. I'm fairly confident there's `Submodule.linearIsometryEquiv` or something via `orthogonalFamily`... Let me actually check in the .lake packages.

Let me also reconsider: is there something in mathlib like `homeomorph between sphere in a hyperplane and standard sphere`? Probably not.

Let me search mathlib for relevant APIs:
1. `Submodule.*isometry*`
2. `stdOrthonormalBasis`
3. `continuous_finset_min` / `continuous_finset_sInf`
4. `StdSimplex` definition

Let me do these greps in parallel.
dsh: reasoning:
Build is green. `StdSimplex` was recently refactored (the old `StdSimplex` is deprecated in favor of `Convexity.StdSimplex`). There's `StdSimplex.equivIcc` (deprecated alias for `Convexity.StdSimplex.equivIcc`?) and `affineMapMk`, `single`, `compactSpace`, `pathConnectedSpace`.

Interesting! `StdSimplex.equivIcc`: homeomorphism between StdSimplex and Icc? Let me look at the new file `Mathlib/Geometry/Convex/StdSimplex.lean` (or wherever `Convexity.StdSimplex` lives). Also check `Convexity.StdSimplex` structure definition — has `weights`. Let me look.

Also there's `Geometry/Convex/ConvexSpace/CompactSpaceStdSimplex` etc. — a whole new folder `Mathlib/Geometry/Convex/`. Let me look at the new StdSimplex definition and its API: maybe there's already a boundary homeomorphism! Let me list the directory.
dsh: reasoning:
The new `Convexity.StdSimplex` structure has `weights : X →₀ R` (Finsupp), `nonneg`, `total`. The `barycenter` is available for `[Nonempty M] [Fintype M]`, with `weights_barycenter_apply`: weights = (card M)⁻¹.

Now, for the simplex boundary homeomorphism: ∂Δ^{n+1} = {w : StdSimplex ℝ (Fin (n+2)) | 0 ∈ range (weights i)}. Target: `Metric.sphere (0 : EuclideanSpace ℝ (Fin (n+1))) 1` = Sphere n.

Approach via radial projection from barycenter: c = barycenter, c_i = 1/(n+2). Map: boundary point w ↦ (w.weights - c)/‖w.weights - c‖ — wait but that has n+2 coordinates in ℝ^{n+2}, summing to 0. The target sphere has n+1 coordinates. Need the isometry between {v : Fin (n+2) → ℝ | ∑v = 0} and ℝ^{n+1}.

Hmm, let me think about the direction. Actually maybe reverse: map from Sphere n to ∂Δ^{n+1}? The cleanest homeo: φ(x) = c + t·u(x) where u(x) = (x - c)/‖x - c‖, t chosen so that min coordinate = 0... wait, x ∈ Sphere n ⊂ ℝ^{n+1}. To map into ℝ^{n+2} I need the isometry first anyway.

Alternative: do the affine sphere version first, then the isometry.

Let me now think concretely about how to do the isometry H₀ = {v | ∑ v = 0} → EuclideanSpace ℝ (Fin (n+1)) in Lean with minimal pain.

Option 1: explicit linear map with the v_k ONB:
For k : Fin (n+1), define v_k : Fin (n+2) → ℝ by v_k i = if (i : ℕ) < k+1 then 1 else if (i : ℕ) = k+1 then -((k : ℝ)+1) else 0.

Then e : EuclideanSpace ℝ (Fin (n+1)) → (Fin (n+2) → ℝ) := fun x i => ∑ k, x k * (v_k i) / sqrt((k+1)(k+2)). Hmm indices: k : Fin (n+1), k ranges 0..n. v_k = (1,...,1,-(k+1),0,...) with (k+1) ones. Norm² of v_k = (k+1) + (k+1)² = (k+1)(k+2). So e is isometric: ⟨e(x), e(y)⟩ = ∑_k x_k y_k / ((k+1)(k+2)) · (k+1)(k+2) = ∑ x_k y_k. Need to prove ⟨e(x), e(y)⟩ = x·y — this is the isometry proof. To prove it I need: for each pair (k, l), ⟨v_k, v_l⟩ = (k+1)(k+2) if k=l else 0. This is finicky but doable with interval/sum manipulations over Fin... The sums ∑_{i} v_k i * v_l i over i : Fin (n+2) with piecewise definitions — painful.

Option 2: use mathlib submodule ONB machinery. H₀ as a Submodule: `Submodule` of `Fin (n+2) → ℝ`. Is there an API to get an isometry between an f.d. submodule of Euclidean space and EuclideanSpace ℝ (Fin (finrank))? I recall `Submodule.linearIsometryEquivOfEq`? or `Submodule.isometryEquiv...`. Let me grep more broadly.

Actually — here's a cleaner idea I should check first: maybe mathlib already has `LinearIsometryEquiv.ofIsometry`? Hmm.

Actually, wait. Let me reconsider the whole node 9 problem. Do I really need the affine isometry? Alternative classical homeo: ∂Δ^{n+1} ≅ Sⁿ where both sides are given by explicit formulas WITHOUT isometry:

Sⁿ = {y ∈ ℝⁿ⁺¹ : ‖y‖ = 1}. Consider the map ψ : Sⁿ → ∂Δ^{n+1}: y ↦ weights given by w_i = ... hmm: (1 + y_i)/? no. 

Classical: ∂Δ^{n+1} ∋ w ↦ (2w - c')... let me think of the "square root" map: w ↦ (√w₀·σ₀, ..., √w_{n+1}·σ_{n+1})? no, not a function.

What about the map ∂Δ^{n+1} → Sⁿ sending w to the normalization of (w₀ - 1/(n+2), ..., w_n - 1/(n+2)) (dropping the last coordinate)? For w ∈ ∂Δ, v = w - c ∈ H₀ = 1^⊥; the last coordinate v_{n+1} = -∑_{i<n+1} v_i. The map w ↦ (v_0,...,v_n)/‖(v_0,...,v_n)‖: is it surjective onto Sⁿ? Given unit u ∈ ℝⁿ⁺¹, define v ∈ H₀ with first n+1 coordinates proportional to u: v_i = λu_i for i ≤ n, v_{n+1} = -λ∑u_i. Constraint: w = c + v ≥ 0 componentwise AND some w_i = 0. That requires λu_i ≥ -c for all i and λu_{n+1}... this is the intersection of ray {c + λ(u, -∑u)} with the boundary — exists and unique for every u! Because as λ grows, the coordinates decrease linearly from c... wait direction (u, -∑u): for λ>0, coordinate i = c + λu_i: this decreases iff u_i < 0. For the ray to exit the simplex, need SOME coordinate to decrease; since ∑ over all i of direction components = 0, at least one u_i < 0 (if u ≠ 0... well if all u_i ≥ 0 and not all zero, then the (n+2)-th coordinate direction -∑u < 0). OK so as λ increases, some coordinates decrease to 0. w = c + λ(u, -∑u) hits boundary when min over i of (c + λ·dir_i) = 0. So it IS a well-defined homeo: Sⁿ → ∂Δ^{n+1}, y ↦ c + λ(y)(y, -∑y) with λ(y) = c/(c - min(y·, -∑y))... min of the vector (y₀,...,y_n, -∑y_i). Nice — this avoids the affine isometry entirely!

Hmm wait, but is this map continuous and is the norm-algebra manageable? λ(y) = c / (c - m(y)) where m(y) = min(y₀, ..., y_n, -∑yᵢ). Note the direction vector (y, -∑y) is NOT unit — its norm is ‖y‖² + (∑y)² which varies. Fine — the map is still explicit and continuous. Inverse: w ↦ normalize(w₀ - c, ..., w_n - c). Let me double check inverse: given w ∈ ∂Δ, u = (w₀ - c, ..., w_n - c) ≠ 0 (since w ≠ c; w ∈ ∂Δ). y = u/‖u‖. Then λ(y) = c/(c - m(y)) and claim c + λ(y)(y, -∑y) = w: direction (y, -∑y) is a positive multiple of (u, -∑u) = (u, u_{n+1}) = w - c. Let t = ‖u‖. (y, -∑y) = (u/t, -∑u/t) = (w-c)/t. So c + λ·(w-c)/t = w iff λ = t iff c/(c - m(y)) = t iff c - m(y) = c/t iff m(y) = c - c/t. m(y) = min(u/t, -∑u/t) = min(w-c)/t = (min w - c)/t = -c/t (since min w = 0 on boundary). ✓!! So yes, it's a homeomorphism, and the algebra is exactly the same shape as the cone/suspension lemmas already proved (min-coordinate algebra instead of last-coordinate).

Now: formulas with min over Fin (n+2). Continuity of min: `continuous_inf` iterated over Fin — I need a lemma `continuous_fin_min : Continuous (fun f : ι → ℝ => sInf (Set.range f))`? For ℝ with conditionally complete linear order, there's `IsCompact.continuous_sInf`? The range of a function over a finite set is compact, but as a function of f... hmm. Simpler: prove min over Fin is continuous by induction over Fintype using `continuous_inf`... For Fin: min over Fin (n+2) = foldr. Write `def finMin (f : ι → ℝ) : ℝ := Finset.univ.inf' ... f`? There's `Finset.inf` for [SemilatticeInf]. With `Fintype ι [Nonempty ι]`, define m(f) = Finset.univ.inf f? Hmm, `Finset.inf` needs the image as a finset: `Finset.univ.image f` then `.inf'`? Actually `Finset.inf' s (hs : s.Nonempty) f` gives the inf of f over s. Then continuity: `continuous_finset_inf'`? Is that in mathlib? For ℝ: I believe there's `continuous_finset_sInf`? Let me search for "finset.*inf.*continuous" in mathlib.

Alternatively there's `sInf` version: m(f) = sInf (Set.range f) — continuity of f ↦ sInf (range f) as f varies over C(ι, ℝ): hmm, mathlib has `IsCompact.continuous_sInf {f : γ → β → α}` for compact families. There's also `continuous_sInf`? in `Mathlib/Topology/Order/Basic`? Let me search.

Actually — hold on, maybe a much better approach for node 9: avoid min entirely by using the face structure. ∂Δ^{n+1} = ∪ faces Fᵢ = {w : w.weights i = 0}. Map each face to the disk via drop-i, then glue? That's the "PL" approach — more work.

Or use the "cube" approach: mathlib has `Homeomorph` between StdSimplex and something? Hmm, wait — `StdSimplex.equivIcc` exists (deprecated alias, still there): homeomorphism between StdSimplex ℝ (Fin 1)... let me check what equivIcc is. Let me look at the old file (Analysis/Convex/StdSimplex.lean) — it's deprecated but functional, giving `equivIcc : StdSimplex ℝ (Fin 1) ≃ₜ Set.Icc (0:ℝ) 1`? Let me check. That's not directly helpful for the boundary.

OK let me now decide: for node 9 use the min-based radial formula — no affine isometry needed. The components:

Setup:
- ι = Fin (n+2). c = barycenter. weights c_i = 1/(n+2) as ℝ. Actually rather than using the Convexity.StdSimplex barycenter object, I work with the ambient function: w.weights i ∈ ℝ. The barycenter as a function ℝ^{n+2}: `baryFn := fun i => (1 : ℝ) / (n + 2)`.

Wait, hmm: the target of the map. The statement in MoiseBranch: Nonempty ({x : Convexity.StdSimplex ℝ (Fin (n+2)) // 0 ∈ Set.range (fun i => x.weights i)} ≃ₜ Metric.sphere (0 : EuclideanSpace ℝ (Fin (n+1))) 1). Hmm — note `x.weights i` for Finsupp: `x.weights i` coerces to ℝ. `0 ∈ range (fun i => x.weights i)` — "some coordinate is 0". But wait: is this the right boundary? The boundary of Δ should be ∪ {w_i = 0}. Yes.

Hmm, but hold on: should I keep the exact statement or use a cleaner one? The task says if an upstream definition is wrong, create versioned corrected definition + compatibility. The MoiseBranch statement seems fine (it's my own file). Let me check it elaborates: `Convexity.StdSimplex ℝ (Fin (n + 2))` — need `[LE ℝ] [AddCommMonoid ℝ] [One ℝ]` — ℝ has these. OK.

So plan for the theorem: define the map φ : Sphere n → ∂Δ^{n+1}... wait, direction: I'll define homeo from ∂Δ to Sphere (following the statement: source is the boundary simplex). Map: w ↦ normalize₁₋ₙ (w - c) = ((w.weights i - c) / ‖w - c‖)_{i : Fin (n+1)} where ‖w - c‖ is the norm of the full vector (all n+2 coordinates) — and crucially (w-c) as a full vector has norm > 0 since w ≠ c... wait, is w ≠ c for w ∈ ∂Δ? c has all weights 1/(n+2) > 0, so c ∉ ∂Δ. ✓. Also the LAST coordinate of the normalization equals -(sum of first n+1 coords)/‖·‖ — but for the target map we just drop it.

Check well-definedness of inverse etc. Inverse: y ↦ c + λ(y)·(y, -∑y) with λ(y) = c/(c - m(y)), m(y) = min(y₀,...,y_n, -∑y_i). Need: on Sphere n, m(y) < c (so λ > 0). Proof: if m(y) ≥ c then all y_i ≥ c and -∑y ≥ c. From y_i ≥ c ∀ i ≤ n: ∑y ≥ (n+1)c. And -∑y ≥ c → ∑y ≤ -c. So (n+1)c ≤ -c, i.e. (n+2)c ≤ 0, contradiction since c > 0. Wait but that uses (n+1)c ≤ ∑y? Hmm wait I need both: ∑y ≥ (n+1)·c and ∑y ≤ -c ⟹ (n+1)c ≤ -c ⟹ 0 ≥ (n+2)c > 0. Contradiction. ✓. But hmm, careful: -∑y ≥ c means -∑y ∈ ℝ ≥ c = 1/(n+2) > 0. Yes.

And the boundary condition: w = c + λ(y)(y, -∑y) has all coords ≥ 0: coord i ≤ n: c + λy_i ≥ c + λ·m(y) = c - λ(c - m(y))... wait m(y) = min includes y_i ≥ m(y) so c + λy_i ≥ c + λ m(y); and λ = c/(c - m(y)) ⟹ c + λ·m(y) = (c(c-m) + c·m)/(c-m) = c²/(c-m)... hmm that's not 0. Wait no: λ = c/(c-m) means λ(c-m) = c, i.e. c - λm... let me redo: we want min coordinate of w to be 0. min coord of w = c + λ·m(y) = c + c·m/(c-m) = c(c-m+m)/(c-m) = c²/(c-m) ≠ 0 in general. Hmm!! I made an algebra error above.

Let me redo. We want: for y ∈ Sⁿ, choose λ(y) such that w = c + λ(y)·(y, -∑y) ∈ ∂Δ, i.e., min coord = 0 and all coords ≥ 0. min coord of w = c + λ·m(y) where m(y) = min(y₀,...,y_n,-∑y). Setting = 0: λ = -c/m(y) = c/(-m(y)). Hmm, but earlier I wrote λ = c/(c-m). Which is right? Let me recheck with the inverse computation: given w ∈ ∂Δ, y = u/‖u‖ where u = (w₀-c,...,w_n-c). m(y) = min(y, -∑y) = min(u, -∑u)/‖u‖ = min(u, u_{n+1})/‖u‖ = (min w - c)/‖u‖ = -c/‖u‖. So m(y) = -c/t. Then λ = c/(-m) = t. ✓ So λ(y) = -c/m(y) = c/(-m(y)) — NOT c/(c - m). My earlier derivation of "t = c/(c - m)" was wrong. Correct: λ(y) = -c/m(y).

Check: w = c + λ(y)·(y, -∑y), min coord = c + λ·m = c - c = 0 ✓, all coords ≥ 0 since each direction coord ≥ m ⟹ c + λ·dir ≥ c + λ·m = 0 ✓. Sum: ∑w = (n+2)c + λ(∑y - ∑y) = (n+2)·c = 1 ✓. So w ∈ ∂Δ ✓.

Continuity: m(y) < 0 always on the sphere (shown: if m ≥ c > 0... wait I showed m < c, need m < 0). Hmm: λ = -c/m needs m < 0, i.e. m ≠ 0. Is m(y) < 0 for all y ∈ Sⁿ? Suppose m(y) ≥ 0: then y_i ≥ 0 ∀i ≤ n and -∑y ≥ 0 ⟹ ∑y ≤ 0 ⟹ all y_i = 0 and ∑y = 0 ⟹ y = 0, contradiction (‖y‖ = 1). ✓ So m < 0, λ > 0, well-defined and continuous (as m continuous and m ≠ 0 on the compact sphere, 1/m continuous... just need continuity: m is continuous, -c/m continuous where m < 0).

Now, the two maps:
- f : ∂Δ^{n+1} → Sphere n: w ↦ ((w.weights i - c)/‖w-c‖)_{i < n+2}^{i ≤ n}... The target is EuclideanSpace ℝ (Fin (n+1)) with norm 1: need ‖(w₀-c,...,w_n-c)/‖w-c‖‖ = 1 — wait, norm of the truncated vector vs full: ‖w-c‖² = ∑_{i≤n}(w_i-c)² + (w_{n+1}-c)². Truncated normalized: (u_i/t') where t' = sqrt(∑_{i≤n} u_i²) ≠ t unless u_{n+1} = 0. PROBLEM: to get a unit vector in ℝ^{n+1}, I should normalize by the truncated norm ‖(w₀-c,...,w_n-c)‖, not the full norm. Hmm. But is the truncated vector ever 0? w ≠ c, but could u_{0..n} = 0 while w ≠ c? That means w_i = c for i ≤ n, then ∑w = 1 = (n+1)c + w_{n+1} ⟹ w_{n+1} = 1 - (n+1)c = c. So w = c, contradiction. So the truncated u is nonzero on ∂Δ. ✓. But wait — for the INVERSE to be an inverse, the formula must match: y = u'/‖u'‖ where u' = truncation. And the inverse λ(y) = -c/m(y) with m over (y, -∑y): does c + λ(y)(y, -∑y) = w? Need (y, -∑y) to be a positive multiple of w - c = (u', u_{n+1}): y = u'/‖u'‖, and -∑y = -∑u'/‖u'‖ = u_{n+1}/‖u'‖ (since ∑w = 1 = ∑c ⟹ ∑u = 0 ⟹ u_{n+1} = -∑u'). ✓!!! So (y, -∑y) = (w - c)/‖u'‖, direction positive multiple. And m(y) = min(y, -∑y) = min(u', u_{n+1})/‖u'‖ = (min w - c)/‖u'‖ = -c/‖u'‖. λ = -c/m = ‖u'‖. Then c + λ(y, -∑y) = c + (w - c) = w. ✓

And the forward direction: f(c + λ(y, -∑y)) = truncation of (λ(y, -∑y))/‖λ(y, -∑y)‖ = y (truncation of (y, -∑y) is y, and norm of the full vector (y,-∑y) = sqrt(‖y‖² + (∑y)²) — but we normalize the truncation by its own norm: truncation is λy, its norm is λ‖y‖ = λ·1 = λ, so f(w) = λy/λ = y ✓).

So the maps:
f(w) = (w_i - c)_{i≤n} / ‖(w_i - c)_{i≤n}‖ — hmm wait, in the target EuclideanSpace ℝ (Fin (n+1)), f(w) = (fun i : Fin (n+1) => (w.weights i - c) / t) where t = ‖fun i : Fin (n+1) => w.weights i - c‖.

g(y) = weights: Fin (n+2) →₀ ℝ given by i ↦ c + λ(y)·d(y)_i where d(y)_i = y i for i ≤ n (cast), = -∑y for i = last. λ(y) = -c/m(y), m(y) = min over Fin (n+2) of d(y).

Now for Lean: this is all doable but the "min" handling is the frictional part. Let me look at how to express min over Fin in Lean and its continuity:

Option: `Finset.univ.inf'`? For ℝ, `Finset.inf' s hs f` : ℝ with SemilatticeInf ℝ. mathlib: `Finset.inf'` — the inf of f over nonempty finset. Continuity of `f ↦ s.inf' hs f`: is there `continuous_finset_inf'`? Hmm. Let me search for what's available. If not, define min recursively via `Fin.foldr`? or use `sInf (Set.range f)` with the existing `continuous_sInf`... Hmm. Actually I remember mathlib has `continuous_finset_sInf` in `Mathlib/Topology/Order/Basic.lean`? Let me grep for "finset" near "continuous" in Topology/Order. There was `IsCompact.continuous_sInf` (family version). Let me check for a finset version of continuous sInf.

Also, actually — since this is quite fiddly, let me consider using a different, slicker formula that avoids min: hmm, min is needed for the "exit point" of the ray. Alternatively use the max of the negative parts? Same thing.

Actually, wait — maybe there's an even slicker approach to node 9: prove Δ^{n+1} ≅ D^{n+1} first (simplex ≅ disk, also part of node 9), and then ∂Δ^{n+1} ≅ ∂D^{n+1} = Sphere n? But homeo of interiors doesn't automatically give boundary homeo. No.

Alternatively use quotient: Sⁿ ≅ Δ^{n+1}/∂Δ^{n+1}? That doesn't give the boundary homeo either.

OK, let me go with the min-based radial map. Before diving in, let me check the available min APIs:

1. Continuity of min as a function (Fin (n+2) → ℝ) → ℝ. 
2. The relation m(y) < 0, algebra.

Search mathlib for `continuous_finset` stuff and for `Finset.inf'`:

Also check: does mathlib have `finset_sInf` continuity? Let me grep. Additionally, maybe I should define min over Fin via `Fintype` recursion: `def finMin : (ι → ℝ) → ℝ` by `Finset.univ.sup'`? no, inf. Let me just check what exists.

Additionally, maybe there's a smarter statement form for node 9 avoiding the last-coordinate asymmetry: target = sphere in H₀. I could define:

`boundarySphere n := {v : Fin (n+2) → ℝ // (∑ i, v i) = 0 ∧ ‖v‖ = 1}` — wait, ‖v‖ = r arbitrary: {v | ∑v = 0 ∧ ‖v‖ = 1}. Then ∂Δ^{n+1} → boundarySphere: w ↦ (w - c)/‖w - c‖. Inverse: v ↦ c + t·v, t = -c/min v... min over all n+2 coords of v: t = -c/m(v), m(v) = min_i v_i < 0 (since ∑v = 0 and v ≠ 0). Symmetric and clean! No truncation needed. Then separately prove `boundarySphere n ≃ₜ Sphere n` — still needs the isometry. Hmm. The truncated version embeds the isometry implicitly: the map v ↦ truncate(v)/‖truncate v‖ is a homeo between {∑v=0, ‖v‖=1} and Sⁿ... wait: v ↦ (v_0..v_n)/‖(v_0..v_n)‖. Is that a homeo? Inverse: y ↦ (y, -∑y)/‖(y, -∑y)‖ — where ‖(y,-∑y)‖ = sqrt(1 + (∑y)²). Yes!! That's the isometry-free homeo between the two sphere models, with clean formulas:

h : {v : Fin (n+2) → ℝ | ∑v = 0 ∧ ‖v‖ = 1} ≃ₜ Sphere n
h(v) = (v_0, ..., v_n)/‖(v_0,...,v_n)‖
h⁻¹(y) = (y, -∑y)/‖(y, -∑y)‖

Check: h(h⁻¹(y)) = truncation(y,-∑y)/‖(y,-∑y)‖ normalized by its own norm = y/‖(y,-∑y)‖ · (‖(y,-∑y)‖/‖y‖) = y (since ‖y‖=1). ✓. h⁻¹(h(v)) = ((v_0..v_n)/t, -∑(v_0..v_n)/t)/‖...‖ where t = ‖(v_0..v_n)‖; note -∑_{i≤n} v_i = v_{n+1} (since ∑v = 0). So numerator = v/t, norm = ‖v‖/t = 1/t. Result = v. ✓. 

And the truncated norm is never 0: v = 0 excluded by ‖v‖=1... but wait, could (v_0..v_n) = 0 while v ≠ 0? Then v_{n+1} ≠ 0 but ∑v = 0 forces v_{n+1} = 0. Contradiction. ✓. And for y: ‖(y, -∑y)‖ ≥ ‖y‖ = 1 > 0 ✓.

So node 9 decomposes into TWO clean homeomorphisms:
(9a) ∂Δ^{n+1} ≃ₜ AffSphere n := {v : Fin (n+2) → ℝ | ∑v = 0 ∧ ‖v‖ = 1} — radial from barycenter (uses min).
(9b) AffSphere n ≃ₜ Sphere n — explicit quotient-by-norm formula (no min).

Both with explicit formulas, all elementary algebra. And composing gives the MoiseBranch statement (up to the definitional equality between the two source spaces — need the boundary condition `0 ∈ range weights` to match the definition).

Hmm, actually for (9a) — can I avoid min too? The map w ↦ (w - c)/‖w - c‖: fine, no min. The INVERSE v ↦ c + t·v with t = -c/m(v): min needed. Alternative inverse: v ↦ c + v·(1/(-m(v)))... same. OK, min is needed for the inverse of the radial projection. Fine — I need: continuity of m and the algebra of m. Let me now check what mathlib offers for min over finite types.

Actually — WAIT. There's an even better alternative for (9a) that avoids min entirely! Use the "vertex-distance" / face-projection trick? No. Or... hmm, what about using the formula c + v·t where t is expressed via... no, min is the exit time.

Alternatively use `sSup` of ... no. OK let me just check min APIs. Actually, here's a cleaner idea for avoiding min: define the inverse using Finsupp: w(v)_i = c + t·v_i where t = c/(sSup {r | r·v ≥ -c})? Circular.

Min it is. Let me check mathlib for:
- `continuous_finset_inf'`? 
- `Finset.inf'` API.

Actually, I realize there might be `continuous_inf` iterated: min over Fin (n+2) of f = foldl. mathlib `Finset.univ.inf f` for ℝ (with `Finset.inf` needing `OrderBot`? no — `Finset.inf` exists for `[SemilatticeInf α] [OrderTop α]`? `Finset.univ.inf f` needs OrderTop). For ℝ, `Finset.inf' s hs f` needs hs : s.Nonempty. Then `continuous_finset_inf'`? Let me grep. If missing, prove by induction: `Finset.inf'_insert` recursion over `Finset.induction_on` with `continuous_inf`. That's a local lemma, doable.

Also need for the algebra: for the inverse well-definedness: m(v) < 0 where v ∈ AffSphere (∑v = 0, ‖v‖ = 1). Proof: ¬ (m(v) ≥ 0): if all v_i ≥ 0 then since ∑v = 0, all v_i = 0, contradiction. So m < 0 (m ≤ 0 always? m ≤ v_i for all i, ∑v = 0 → hmm, m could be negative. We just need m < 0: suppose m ≥ 0 → all v_i ≥ 0 → sum ≥ 0 = sum → all zero → ‖v‖ = 0 ≠ 1. ✓).

And w = c + tv ∈ ∂Δ: coords ≥ 0: c + t·v_i ≥ c + t·m = c - c = 0 ✓ (t = -c/m). Sum = (n+2)c + t·0 = 1 ✓. Min coord = c + t·m = 0 ✓ so some coordinate is 0 (attained at argmin — need: m attained: finite type, use `exists_mem_of_min`? mathlib has `Finset.inf'_mem`? Hmm: the boundary condition `0 ∈ range (weights i)`: need ∃ i, w.weights i = 0. From min attained: `sInf_mem` for finite sets: `Finite.sInf_mem`? There's `Set.sInf_mem` for finite sets? I recall `Finite.sInf_mem`. Let me check later — for the finite type version: `(Set.range v).Finite.sInf_mem`. Hmm. Or directly: Finset.univ.inf' f ∈ the range? There's `Finset.inf'_mem`? I think there's a lemma `Finset.inf'_mem : s.inf' hs f ∈ s.image f`? Something like that exists for min'. Let me check.

Now, is the boundary of the simplex in the statement "0 ∈ Set.range (fun i : Fin (n+2) => x.weights i)"? Note weights : Fin (n+2) →₀ ℝ, and `x.weights i` is ℝ (Finsupp coerces via FunLike). So `range (fun i => x.weights i)` : Set ℝ. OK.

Also — important question: with `Convexity.StdSimplex ℝ (Fin (n+2))`, do we have a TopologicalSpace instance? The statement in MoiseBranch treats it as a subtype `{x : StdSimplex ... // 0 ∈ range ...}`. Does `StdSimplex` have a topology? There's `CompactSpaceStdSimplex` and `PathConnectedSpaceStdSimplex` in the new ConvexSpace folder — so yes, presumably StdSimplex has a topology (maybe via the `weights` embedding — `isClosedEmbedding_toFun_comp_weights` deprecated). Let me check the topology instance. It's probably defined via the embedding weights : StdSimplex → X → R? For the homeo, we only need that the source space is a subspace of a metric space — `Homeomorph` between subspaces with maps induced by continuous maps... The subtype {x // 0 ∈ range weights} gets subspace topology from StdSimplex's topology. If StdSimplex's topology is induced by weights (via `TopologicalSpace.induced`), then continuity proofs reduce to continuity of the underlying functions. Let me check `ModuleTopology.lean` / `Topology.lean` in ConvexSpace.

Let me read those files now. Also let me look at the remainder of Defs.lean and CompactSpaceStdSimplex.lean to see what instances exist.
dsh: reasoning:
The topology on `StdSimplex ℝ M` is the supremum/coinduced thing, but for `Finite M` (like Fin (n+2)), `topologicalSpace_eq` shows it equals `topologicalSpaceInduced`: induced by `weights : StdSimplex → M → R`. And `continuous_iff` gives the criterion. Also `StdSimplex.continuous_weights_apply` (fun_prop) is available — that's for the induced topology... note it says `attribute [local instance] topologicalSpaceInduced` inside `topologicalSpaceInduced` namespace... the lemma `continuous_weights_apply` is stated inside `namespace topologicalSpaceInduced` with `attribute [local instance]` — hmm, so the instance used is the induced one, but since for Finite M the global instance equals the induced one (topologicalSpace_eq), `continuous_weights_apply` as a lemma about the global instance... The declaration is `lemma continuous_weights_apply` with local instance — when used outside, it refers to the global instance? No — local instance in the section means the statement `Continuous (fun t : StdSimplex R ι => t.weights i)` uses the induced topology locally; when referenced elsewhere with the global topology, we'd need to rewrite via topologicalSpace_eq. Hmm, but there's `[fun_prop]` and `public` markers — the file uses `@[expose] public` section? The namespace section at the top: `@[expose] public noncomputable section` in Defs. In Topology.lean there's `@[no_expose] public noncomputable instance topologicalSpace`. OK — these are new-style public API.

For practical purposes: since I'm doing everything through explicit continuous functions into ℝ (the induced topology criterion), the cleanest is to prove continuity of my maps via `continuous_iff` / `continuous_induced_rng`, i.e., check each weight coordinate is continuous. That's a bit of boilerplate but manageable.

Hmm wait — actually, let me reconsider. Maybe rather than fighting with the new StdSimplex topology, I should do node 9 in terms of the boundary as a space of FUNCTIONS: The homeo I need is really between {w : Fin (n+2) → ℝ | w ≥ 0 ∧ ∑w = 1 ∧ ∃i, w i = 0} and Sphere n. The Convexity.StdSimplex version is equivalent (range_toFun_comp_weights gives range (weights) = {s | 0 ≤ s ∧ ∑s = 1}). But the MoiseBranch statement uses Convexity.StdSimplex. I could keep the statement but prove an equivalent theorem with the function-space boundary, then transport via a homeo between the two representations... The transport: StdSimplex ≃ₜ {s : Fin (n+2) → ℝ | 0 ≤ s ∧ ∑ s = 1}? Given `range_toFun_comp_weights` and `isClosedEmbedding`/`isEmbedding` — there's `isEmbedding_toFun_comp_weights`? Hmm, deprecated names: `StdSimplex.isClosedEmbedding_toFun_comp_weights`? Let me check what the current (non-deprecated) embedding statement is. If there's an `isEmbedding` lemma for `toFun ∘ weights`, then the homeo between StdSimplex and its range is easy: `Equiv.ofInjective` + embedding → homeo (Homeomorph.ofEmbedding). The range = {s | 0 ≤ s ∧ ∑s = 1} by range_toFun_comp_weights. And the boundary condition transfers.

So plan for node 9 file `SimplexBoundary.lean`:

1. Define `AffSphere n := {v : Fin (n+2) → ℝ // (∑ i, v i) = 0 ∧ ‖v‖ = 1}`. (For n : ℕ. Note: this is the n-sphere in the hyperplane.)
2. Define `SimplexBoundary n := {w : Convexity.StdSimplex ℝ (Fin (n+2)) // 0 ∈ Set.range (fun i => w.weights i)}`.
3. Prove `affSphereHomeoSphere n : AffSphere n ≃ₜ Sphere n` — explicit formulas, no min. 
4. Prove `simplexBoundaryHomeoAffSphere n : SimplexBoundary n ≃ₜ AffSphere n` — radial projection from barycenter, with min in the inverse.
5. Compose: `simplexBoundaryHomeoSphere n : SimplexBoundary n ≃ₜ Sphere n` — matches MoiseBranch statement.

Actually wait — maybe I can merge steps 3-4 into the single truncated map like I derived earlier (f(w) = truncation normalized; g(y) = c + λ(y)(y, -∑y)). That skips AffSphere entirely — one theorem, two explicit maps, still needs min. The separate version (9a)+(9b) has cleaner algebraic checks per step but more theorem scaffolding. I think the direct merged version is better: fewer moving parts.

Direct version details:

Constants: N := n+2 (card of Fin (n+2)). c = 1/(n+2) : ℝ. (Or (N : ℝ)⁻¹.)

Source: `SimplexBoundary n = {w : Convexity.StdSimplex ℝ (Fin (n+2)) // 0 ∈ range (fun i => w.weights i)}`. 
Target: Sphere n = Metric.sphere (0 : EuclideanSpace ℝ (Fin (n+1))) 1.

Forward map F(w) : EuclideanSpace ℝ (Fin (n+1)) := (fun i : Fin (n+1) => (w.weights i - c) / t) where t = ‖fun i : Fin (n+1) => w.weights i - c‖ — but ‖v‖ = sqrt(∑v²), and t > 0. Hmm — but proving ‖F(w)‖ = 1: ‖F(w)‖² = ∑ (w_i - c)² / t² = t²/t² = 1. ✓. Need t ≠ 0: shown earlier via w ≠ c.

Wait — but there's subtlety: (w.weights i) for i : Fin (n+1) vs Fin (n+2) — need a cast `Fin.castSucc i`? In the target I need Fin (n+1) coordinates. Define u : EuclideanSpace ℝ (Fin (n+1)) := fun i => w.weights (Fin.castSucc i) - c? Hmm wait, weights i where i : Fin (n+2): I need to map Fin (n+1) → Fin (n+2) via castSucc (coerce). And w - c as full vector in Fin (n+2): u_full i = w.weights i - c.

Actually, hmm, wait. Let me re-derive the direct map carefully, because in the merged version the "last coordinate" is Fin.last (n+1) : Fin (n+2).

F(w) := (w.weights (castSucc i) - c)/‖u‖ for i : Fin (n+1), where u := fun i : Fin (n+1) => w.weights (castSucc i) - c (truncated). F(w) has norm 1 ✓.

G(y) := weights: Fin (n+2) →₀ ℝ := c + λ(y)·d(y)_i where d : Fin (n+2) → ℝ := fun i => if h : ∃ j : Fin (n+1), castSucc j = i then y (classical choice...) hmm, cleaner: use `Fin.cases`/`Fin.lastCases`: Fin (n+2) splits as castSucc j for j : Fin (n+1) or last. mathlib: `Fin.cases`? There's `Fin.lastCases : (∀ i : Fin (n+1), C (castSucc i)) → C (last (n+1)) → ∀ i : Fin (n+2), C i`. 

d := fun i => Fin.lastCases (fun j => y j) (-∑ j, y j) i.

λ(y) := -c / m(y) where m(y) := min over i : Fin (n+2) of d(y)_i.

Continuity of G: weights coordinate i: c + λ(y)·d(y)_i — continuous in y as long as λ continuous: m continuous and m ≠ 0 on the sphere (m < 0). So need:
- Lemma: m : Continuous. 
- Lemma: m(y) < 0 for y ∈ Sphere n.

G lands in the simplex: coords ≥ 0 (since d_i ≥ m ⟹ c + λd_i ≥ c + λm = 0), sum = (n+2)c + λ(∑_{j} y_j - ∑ y_j) = 1 ✓ wait sum of d over Fin (n+2) = ∑_{j : Fin (n+1)} y j + (-∑y) = 0 ✓.

G(y) ∈ boundary: the coordinate where min is attained has value c + λm = 0. Need min attained: ∃ i, d i = m. For finite range: `Set.range` finite... mathlib: `Finite.exists_mem`? hmm. There's `Finite.sInf_mem`? Let me look: In mathlib `Set.Finite` has `sInf_mem`? Hmm — there's `Finite.sInf_mem` in `Mathlib/Data/Set/Finite.lean`? I recall `Set.Finite.sInf_mem` exists? Actually I remember `Finite.sInf_mem` hmm not sure. Alternatively use `Finset`: define m via `Finset.univ.inf' (by simp : (Finset.univ : Finset (Fin (n+2))).Nonempty) d`, and there's `Finset.inf'_mem`? Hmm, not sure that exists either. Let me check: I'll grep for `inf'_mem` in Finset. If missing, prove locally by induction — or use `Set.Finite.sInf_mem` if it exists.

Hmm, actually, do I even need attainment for the boundary condition? Alternative: to show G(y) ∈ {w | 0 ∈ range w}: hmm yes I need SOME coordinate = 0.

Alternative slicker: prove instead that min attained via `Finite.exists_...`? Let me grep for "sInf_mem" in Data/Set/Finite: `Finite.sInf_mem` — I'm fairly confident it exists (for conditionally complete lattices with the finite set having...). Let me check.

Also for the forward direction F: continuity: t = ‖u‖ is continuous in w (via weights embedding), t ≠ 0 on SimplexBoundary: u ≠ 0. Proof: if u = 0 then w.weights (castSucc i) = c for all i : Fin (n+1), and ∑weights = 1 = (n+1)c + w.last ⟹ w.last = 1 - (n+1)c = c; so w = barycenter, but w ∈ boundary has some coordinate 0, contradiction with c > 0. ✓

For F(w) ≠ 0 issue — norm of F(w): F(w)_i = u_i/t, so ‖F(w)‖² = (∑u²)/t² = 1 ✓ (by norm_sq_eq_of_L2 / PiLp machinery as in SphereGluing).

Inverse algebra: F(G(y)) = y: G(y) truncated = (c + λd_i - c)_{i≤n} = λ·y_i (d_i = y_i for castSucc i). t' = ‖λy‖ = λ‖y‖ = λ (λ>0). F(G(y)) = λy/λ = y ✓. λ > 0: m < 0 and c > 0 ⟹ λ = -c/m > 0 ✓.

G(F(w)) = w: u := truncated(w - c), t := ‖u‖. y := F(w) = u/t. d(y)_i: for castSucc i: y_i = u_i/t; last: -∑y = -(∑u)/t = (w.last - c)/t (since ∑ over all of (w - c) = 0). So d(y) = (w - c)/t. m(y) = min(w-c)/t = (min w - c)/t. Since w ∈ boundary: min w = 0 (some coord 0, all ≥ 0). So m(y) = -c/t. λ = -c/m = t. G(y) = c + t·(w-c)/t = w ✓. 

So all the algebra checks out. The remaining technical bits:
(a) min over Fin: continuity + m < 0 + attainment + min w = 0 ↔ 0 ∈ range.
(b) Finite sums over Fin (n+2) splitting into castSucc ∪ last: `Fin.sum_univ_castSucc` — already used in SphereGluing! Good.
(c) EuclideanSpace norms: PiLp.norm_sq_eq_of_L2 machinery — already used in SphereGluing. Good.

Now the big remaining question is how to define and work with "min". Options:

Option A: m(y) = sInf (Set.range (d y)). Continuity: need `continuous` of y ↦ sInf (range (d y)) — is there `continuous_sInf` for arbitrary functions into ℝ? Hmm — there's `continuous_sInf`? Let me search: In `Mathlib/Topology/Order/...` there was `IsCompact.continuous_sInf {f : γ → β → α}` which gives continuity of γ ↦ sInf (K.image (f γ))... Hmm the exact statement: `IsCompact.continuous_sInf {f : γ → β → α} {K : Set β} (hK : IsCompact K) : Continuous (fun x => sInf (K.image (f x)))`? Something like that, for α = ℝ maybe with appropriate order topology. If range (d y) is compact as a set — it's a finite set, so compact. K = Set.univ : Set (Fin (n+2)) is compact (finite type). So `sInf (Set.univ.image (d y))` = sInf (range (d y)) continuous in y. 

Then min facts: `sInf (range d) ≤ d i` for all i (sInf_le), and attainment: for finite set, `sInf_mem`: need `(range d).Finite.sInf_mem`? Let me check if `Finite.sInf_mem` exists in mathlib. I think there is: in `Mathlib/Order/ConditionallyCompleteLattice/...`? Hmm, "sInf_mem_of_finite"? Let me grep.

And m < 0: sInf (range d) < 0 ⟺ ∃... hmm, easier: show ¬ (0 ≤ sInf): if 0 ≤ sInf then 0 ≤ d i ∀i (sInf_le ⟹ 0 ≤ sInf ≤ d i)... wait no: sInf ≤ d i, so 0 ≤ sInf ⟹ 0 ≤ d i ∀ i. Then ∑ d = 0 and all d_i ≥ 0 ⟹ all d_i = 0 ⟹ y = 0, contradicting ‖y‖ = 1. Good, and then m ≠ 0 and m ≤ 0... do we get m < 0 from ¬(0 ≤ m)? Need linear order: m < 0 = ¬(0 ≤ m)? No: m < 0 ⟺ 0 > m ⟺ ¬(0 ≤ m) given... In a linear order, ¬(0 ≤ m) ⟺ m < 0 ✓ (since 0 ≤ m ∨ m < 0... m < 0 ⟺ ¬(0 ≤ m)? No! m < 0 means 0 > m. ¬(0 ≤ m) ⟺ 0 > m ⟺ m < 0 ✓ for linear orders).

Option B: m via Finset.inf'. `Finset.univ.inf' (by simp) (d y)`. Continuity by induction: prove `continuous_finset_inf'` locally: for a fixed nonempty finset s, `Continuous (fun f : ι → ℝ => s.inf' hs f)` — hmm, is that in mathlib? `continuous_finset_inf`? Let me grep for "continuous_finset". I saw nothing in the earlier grep results (the list of files matched "finset.*continuous" pattern loosely). Let me do a targeted grep.

If absent, prove locally:
```
lemma continuous_finset_inf' {ι : Type*} (s : Finset ι) (hs : s.Nonempty) :
    Continuous (fun f : ι → ℝ => s.inf' hs f) := by
  classical
  refine Finset.induction_on' s ?_ ?_  -- hmm, need nonempty induction
```
There's `Finset.induction_on'`? Hmm... `Set.Finite` induction: `Finset.cons_induction`? There's `Finset.induction_on'`? I don't remember. Alternative: `Finset.induction` requires the empty case; handle empty case as unneeded: 
```
  refine Finset.induction (p := fun s => ∀ hs : s.Nonempty, Continuous (fun f => s.inf' hs f)) ?base ?step ?h
```
Hmm induction on s with p s = ∀ hs. Base: s = ∅: intro hs; cases hs with | intro a ha => cases ha. Step: insert a s: for hs : (insert a s).Nonempty: split cases s empty: if s = ∅: inf' = f a, continuous (apply). Else: use inf'_insert... `Finset.inf'_insert`? Hmm there's `Finset.inf'_insert` requiring... I recall `Finset.inf'_insert : (s.cons ...)`. Honestly Option A (sInf) with mathlib's existing `IsCompact.continuous_sInf` looks better if the API fits.

Hmm wait, actually there's another idea for avoiding ALL of this min business! Let me think... The map G(y) = c + λ(y)d(y) with λ = exit time = -c/m. Alternative formula for exit time avoiding min: λ = c / sup_i (-d_i) = c / ‖d⁻‖_∞... same thing.

What if I use a different model for the inverse: instead of radial from c, use the "projection from the last vertex"? Hmm, e.g. identify ∂Δ^{n+1} with ∪ of faces; use stereographic-like projection from the vertex e_{n+1}? ∂Δ^{n+1} → Sⁿ via projection from vertex e_{n+1} onto the hyperplane... Let me think: the classical map: Sⁿ → ∂Δ^{n+1}, y ↦ w where w_i = max(y_i,0)-ish... 

Alternatively — the FIRST octant trick: Sⁿ ∋ y ↦ w := (y+)²·normalization? no.

OK, you know what — there's an even cleaner classical homeomorphism between ∂Δ^{n+1} and Sⁿ that uses ONLY square roots and norm, no min! Consider: w ∈ ∂Δ^{n+1}, w ≥ 0, ∑w = 1, some w_i = 0. Map: w ↦ y with y_i = (2w_i - ...) hmm.

Actually here's one: Sⁿ → ∂Δ^{n+1}: y ↦ w_i = (y_i - min(y, 0))... no.

Try: define F : Sⁿ → ∂Δ^{n+1}: y ↦ w where w_i = (y_i²/2)/(1 + ∑...) no, let me think about the octahedron! Sⁿ ≅ ∂Oct^{n+1} where Oct = {x : |∑|x| ≤ 1} — the map x ↦ x/‖x‖... The octahedron boundary: {x ∈ ℝⁿ⁺¹ : ∑|x_i| = 1}. Homeo to ∂Δ^{n+1}: x ↦ (|x_i|)_{i≤n} ++ (1 - ∑|x_i|)? no wait: ∂Δ^{n+1} ∋ w ↦ ... Given w ∈ ∂Δ^{n+1}: since some w_i = 0: define x_i = ... hmm, Δ^{n+1} = {w ∈ ℝⁿ⁺² : w ≥ 0, ∑w = 1} and the octahedron is its image under the "squaring" map w ↦ (√w₀, ..., √w_{n+1})? ∂Δ^{n+1} maps to Sⁿ under w ↦ (√w)/‖√w‖ — but ‖√w‖ = 1 always (∑w = 1). So the map w ↦ (√w₀, ..., √w_{n+1}) sends Δ^{n+1}... to the FIRST orthant of S^{n+1}, and ∂Δ to points with a zero coordinate. Not a homeo onto Sⁿ — wrong dimension (n+2 coords). Hmm wait: S^{n+1} ∩ first orthant: for w ∈ ∂Δ, √w has a zero coordinate, so it lands in ∂(first orthant of S^{n+1}) = Sⁿ-ish union of faces... no, first orthant of S^{n+1} is an (n+1)-dimensional set, not n-dimensional.

Hmm what about squaring map on Sⁿ: y ↦ (y₀², ..., y_{n+1}²)?? n+1... let me recount: Δ^{n+1} has n+2 vertices (Fin (n+2)); Sⁿ ⊂ ℝⁿ⁺¹. The squaring map y ↦ (y₀²,...,y_n², 1-‖y‖²·...) no: y ∈ Sⁿ ⊂ ℝⁿ⁺¹, ∑_{i≤n} y_i² = 1. Map y ↦ w ∈ Δ^{n+1}... w has n+2 coords. w_i = y_i² for i ≤ n... then w_last = 0? But that's only the face {w_last = 0}, not all of ∂Δ. Hmm no.

What about y ↦ (y₀², ..., y_n², 1 - ∑_{i≤n} y_i²) = (y₀²,...,y_n², 0)? Only hits ONE face. Not surjective onto ∂Δ^{n+1}.

OK here's the actually-clean classical one: ∂Δ^{n+1} ≅ Sⁿ via the map that sends w to the normalization of (2w₀ - 1, ..., 2w_n - 1): w ↦ (2w-c')... that's the radial thing again.

Honestly the min-based approach is fine. It's a natural, explicit homeomorphism, the same technique as the existing SphereGluing work. Let me go with sInf (Option A) and check the APIs:

1. `IsCompact.continuous_sInf` — exact statement, let me read it.
2. `Finite.sInf_mem` or similar attainment for finite sets.
3. `sInf_le` for sInf of range.

Let me look at these now.
dsh: reasoning:
Excellent finds:

1. `IsCompact.continuous_sInf {f : γ → β → α} {K : Set β} (hK : IsCompact K) (hf : Continuous ↿f) : Continuous fun x => sInf (f x '' K)` — for appropriate α. For α = ℝ (ConditionallyCompleteLinearOrder + OrderTopology + DenselyOrdered... let me check the hypotheses of `IsCompact.continuous_sSup` — it's in `Topology/Order/Compact.lean`. Let me check the variable context. Probably α : ConditionallyCompleteLinearOrder with OrderTopology etc. ℝ qualifies.

2. `Set.range_sInf_mem`-like: line 63: `(isLUB_csSup h hs.bddAbove)...` and line 158: something with `Nonempty.csSup_mem (range_nonempty f) (finite_range f)` — the lemma at line 155-158 might be `range_csSup_mem : sSup (range f) ∈ range f`. Let me check line 155ish. There's probably `csInf_mem` for finite: `Set.range_csInf_mem : sInf (range f) ∈ range f`? Line 462 in Basic: `csInf_mem (hs : s.Nonempty) : sInf s ∈ s` with what hypotheses? It's in `ConditionallyCompleteLattice/Basic.lean` line 462 — probably requires `[ConditionallyCompleteLinearOrder]` and `s.Finite`? Let me read it.

Let me now check these two, plus check how `Continuous ↿f` works — `↿f` is the uncurried function. For f : γ → β → α, need Continuous (fun p : γ × β => f p.1 p.2). 

Also let me confirm the variables for IsCompact.continuous_sSup — need to see the section context in Topology/Order/Compact.lean around line 400-460.

Also — important: does `sInf` of an empty set arise? K = Set.univ : Set (Fin (n+2)) is nonempty. Fine.

Now let me also plan the file structure. I'll write `SimplexBoundary.lean` in release/Poincare/D12/TriangulationTopology/ importing SphereGluing (for Sphere/Disk, norm_sq_esnoc, sqrt lemmas). 

Let me check the exact helper lemmas in SphereGluing I can reuse: sqrt_one_sub_sq_eq_norm_of_norm_sq_add_sq_eq_one, norm_esnoc_smul_sqrt_sub_sq_eq_one, etc. Let me read the whole SphereGluing file quickly to know what's available. It's ~600 lines maybe. Let me read it.

Also, check the Downstream and other files for the audit format (AxiomAudit.lean) — I need to add new declarations to the audit. Let me read AxiomAudit.lean and tools/d12_axiom_audit.py to understand the audit format.
dsh: reasoning:
I have a good picture now. Key APIs:
- `Set.csInf_mem (hs : s.Nonempty)` under `[WellFoundedLT α]`? The `csInf_mem` at Basic.lean:462 has `variable [WellFoundedLT α]` — hmm, that's a hypothesis! For ℝ, is there `WellFoundedLT ℝ`? No! ℝ is not well-founded. Hmm, that `csInf_mem` requires WellFoundedLT. Not usable for ℝ.

Better: `IsCompact.sInf_mem [ClosedIicTopology α] {s : Set α} (hs : IsCompact s) (ne_s : s.Nonempty) : sInf s ∈ s` — from Topology/Order/Compact.lean. For ℝ: `ClosedIicTopology ℝ` exists (order topology). range d is compact: finite_range → IsCompact: `isCompact_of_finite`? or `Set.Finite.isCompact`. Yes: `finite_range d |>.isCompact`.

- `exists_eq_ciSup_of_finite [Nonempty ι] [Finite ι] {f : ι → α} : ∃ i, f i = ⨆ i, f i` — for α : ConditionallyCompleteLinearOrder. So by duality: `exists_eq_ciInf_of_finite [Nonempty ι] [Finite ι] {f : ι → α} : ∃ i, f i = ⨅ i, f i` — with @[to_dual], the dual name is generated: `exists_eq_ciInf_of_finite`. And `⨅ i, f i` = sInf (range f). For ℝ this works without WellFounded. 

So for the min: define `finInf (d : Fin (n+2) → ℝ) := ⨅ i, d i` (= sInf (range d)). Facts:
- `ciInf_le : f i ≤ ... ` hmm: `ciInf_le (bddBelow_range) (mem_range_self i)` — or `iInf_le`... for ℝ: `iInf_le : ⨅ i, f i ≤ f i` needs `BddBelow (range f)` — instance `bddBelow_range`. Then `iInf_le (f := d) i`? Hmm, there's `iInf_le (f := f) i : ⨅ i, f i ≤ f i` with `[CompleteLattice]`? For ℝ, `iInf` over a type = sInf range with `ConditionallyCompleteLattice` — `ciInf_le (f := f) (i := i)`? For conditionally complete lattices, `ciInf_le` requires `BddBelow (range f)` (automatic). OK.

- Continuity: `IsCompact.continuous_sInf {f : γ → β → α} {K : Set β} (hK : IsCompact K) (hf : Continuous ↿f) : Continuous fun x => sInf (f x '' K)`. Here I want f : (Sphere-ish domain) → Fin (n+2) → ℝ given by f y i = d y i, K = Set.univ. Then sInf (f y '' K) = sInf (range (d y)) = ⨅ i, d y i ✓.

Wait, what are the section variables for `IsCompact.continuous_sSup`/`continuous_sInf`? Need α with appropriate instances — it's in the `ConditionallyCompleteLinearOrder` section presumably: `variable [ConditionallyCompleteLinearOrder α] [OrderTopology α] [DenselyOrdered α]`? Let me check the top of that file. Actually for `continuous_sSup` they need order topology and bddAbove stuff. Let me read the context lines 330-380 of the file.

Also: the function `f : γ → β → α` with `Continuous ↿f` — for γ = Sphere n (subspace of EuclideanSpace), need to define the underlying continuous function on EuclideanSpace and restrict. Fine.

Now let me also decide the definition of d (the direction function):
`def simplexDir (n) (y : EuclideanSpace ℝ (Fin (n+1))) : Fin (n+2) → ℝ := fun i => Fin.lastCases (fun j => y j) (-∑ j : Fin (n+1), y j) i`

Hmm — Fin.lastCases signature: `Fin.lastCases : (∀ j : Fin (n+1), C (castSucc j)) → C (last (n+1)) → ∀ i : Fin (n+2), C i`. Let me double check the exact name and argument order in this mathlib rev. In SphereGluing they used `Fin.lastCases`? grep. Actually they used Fin.snoc. Let me check `#check Fin.lastCases` quickly via lake env lean. I'll do a quick probe file.

Let me set up the development. First, a scratch file to probe APIs:

- #check Fin.lastCases
- #check IsCompact.continuous_sInf / its section context
- #check exists_eq_ciInf_of_finite
- #check ciInf_le
- Convexity.StdSimplex stuff: topologicalSpace_eq, continuous_weights_apply, weights_nonneg, total_of_fintype, barycenter.
- #check Set.finite_range
- #check Set.Finite.isCompact
- #check sInf_le / csInf_le
- #check Homeomorph.mk' or how Homeomorph works with toEquiv + continuous.

Also the boundary condition: `0 ∈ Set.range (fun i : Fin (n+2) => w.weights i)`. With weights : Finsupp, `w.weights i` : ℝ. And I'll want to show for the constructed G(y): `0 ∈ range (weights)`. Via exists_eq_ciInf: ∃ i, d i = ⨅... then G(y).weights i = c + λ·(⨅ d) = 0.

Also to prove G(y) is a valid StdSimplex: construct with nonneg and total. nonneg: 0 ≤ weights_i: need c + λ·d_i ≥ 0: λ·d_i ≥ λ·(⨅d) since d_i ≥ ⨅d and λ ≥ 0 (λ = -c/(⨅d), ⨅d < 0 → λ > 0... wait λ = -c/⨅d; need c > 0: c = 1/(n+2) > 0 ✓).

total: ∑ i : Fin (n+2), weights i = 1: = (n+2)·c + λ·∑d = 1 + λ·0 = 1. ∑d = ∑_{j} y_j + (-∑y) = 0 via Fin.sum_univ_lastCases? There's `Fin.sum_univ_castSucc`: ∑ i : Fin (n+2), f i = ∑ j : Fin (n+1), f (castSucc j) + f (last). Then for d: ∑ = ∑ y j + (-∑ y j) = 0 ✓.

Now F: SimplexBoundary n → Sphere n. w ↦ toLp of (fun j : Fin (n+1) => (w.weights j.castSucc - c)/t) where t = ‖fun j => w.weights j.castSucc - c‖... wait but in EuclideanSpace, coordinates: define u : EuclideanSpace ℝ (Fin (n+1)) := WithLp.toLp 2 (fun j => w.weights j.castSucc - c). Hmm, weights j.castSucc : ℝ. Then F(w) = (t⁻¹) • u? (1/t)·u. Norm: ‖(1/t)·u‖ = |1/t|‖u‖ = 1 when t > 0 ✓. 

Continuity of F: on SimplexBoundary (subspace of StdSimplex, which has induced topology from weights): w ↦ w.weights j.castSucc is continuous (continuous_weights_apply for the induced topology — hmm, the global instance = induced for Finite M via topologicalSpace_eq; so I should prove `Continuous (fun w : StdSimplex ℝ (Fin (n+2)) => w.weights i)` — there's `[fun_prop] lemma continuous_weights_apply` but stated with local instance topologicalSpaceInduced. Since global = induced for finite M (topologicalSpace_eq), I can derive. Actually hmm — maybe there's already a global-instance lemma... Let me check `CompactSpaceStdSimplex.lean` — it likely has `StdSimplex.instT2Space` etc. and maybe `continuous_weights` statements for the global topology. Let me look at more of Topology.lean and the CompactSpace file. There might be `isEmbedding_toFun_comp_weights` public with global instance. Let me grep for "embedding" in those files.

Then t > 0 on boundary: t = ‖u‖, u ≠ 0: proof via total: suppose u = 0: weights j.castSucc = c ∀j, then 1 = ∑_{i : Fin (n+2)} weights i = ∑_j c + weights last = (n+1)c + w_last ⟹ w_last = c. Then weights = c everywhere, so no coordinate is 0 — contradicts 0 ∈ range (since c > 0). 

Inverse G: Sphere n → SimplexBoundary n: continuous by coordinates: y ↦ c + λ(y)d(y)_i continuous (composition of continuous things; λ continuous since sInf-continuous + ⨅d < 0 ⟹... need `ContinuousAt.inv`? Use `continuousAt_inv₀`? mathlib: `Continuous.inv₀`? hmm: for ℝ: `continuous_inv₀`? There's `Continuous.inv₀ : Continuous f → (∀ x, f x ≠ 0) → Continuous fun x => (f x)⁻¹`. Or use division: λ = -c * (⨅d)⁻¹... Actually since I prove ⨅ d < 0 pointwise, and I know continuity of y ↦ ⨅ d, use `ContinuousAt.inv₀`/`Continuous.inv₀`. I recall `Continuous.inv₀ (hf) (h0)`. Yes I think `Continuous.inv₀` exists in mathlib for DivisionRing with topological... `Topology/Algebra/Field`? There's `continuousAt_inv₀`, and `Continuous.inv₀`. Fine.

Also G(y).weights is a Finsupp — construct via Finsupp.onFinset? Or use `Convexity.StdSimplex.mk`? Structure constructor: `{ weights := ..., nonneg := ..., total := ... }` where weights : Fin (n+2) →₀ ℝ — build via `Finsupp.ofSupportFinite`? There's `Finsupp.equivFunOnFinite` (seen in range_toFun_comp_weights: `equivFunOnFinite.symm s`). So weights := equivFunOnFinite.symm (fun i => c + λ·d_i). Note: `equivFunOnFinite` has domain `(X →₀ R)` ≃ (X → R). Need to double check exact name & universes.

Hmm wait — actually, do I even need to keep the Convexity.StdSimplex-based statement? Let me reconsider. The MoiseBranch statement is a `def : Prop` in a ledger file — I'm allowed to revise my own named-lemma ledger as long as I don't weaken. Alternatively define `SimplexBoundary` over the function space directly, prove the homeo there, and add a second theorem transporting to/from the `Convexity.StdSimplex` boundary (via the weights embedding). The transport requires: `{s : Fin (n+2) → ℝ | 0 ≤ s ∧ ∑ s = 1 ∧ 0 ∈ range s} ≃ₜ {w : StdSimplex | 0 ∈ range w.weights}` — from range_toFun_comp_weights + embedding. Is there an embedding/homeo lemma? `isClosedEmbedding_toFun_comp_weights` was deprecated → new name probably `StdSimplex.isClosedEmbedding_weights` or similar in ModuleTopology/CompactSpace files. Let me check.

Actually — simplest decision: do everything directly on Convexity.StdSimplex (as the MoiseBranch statement says), since the API (continuous_weights_apply via induced topology, nonneg, total_of_fintype, weights_nonneg) is there. The pain points: Finsupp construction and topology rewriting. Both manageable.

Hmm, wait — actually, one more consideration: maybe I should define the boundary condition slightly differently. The MoiseBranch statement: `0 ∈ Set.range (fun i : Fin (n + 2) => x.weights i)`. OK keep it.

Let me now check the remaining API details. Let me write a probe file and run it. Also grep the ConvexSpace files for embedding lemmas and T2/compact instances.
dsh: reasoning:
Mostly good. A few notes:

1. `Fin.lastCases` argument order: `(last : motive (Fin.last n)) (cast : (i : Fin n) → motive i.castSucc) (i : Fin (n+1))` — NOTE: it's for `Fin (n + 1)` with motive — so for Fin (n+2) I'd use `Fin.lastCases (n := n+1)` with last value first, cast function second. Interesting — actually wait, careful: `Fin.lastCases {n : ℕ} {motive : Fin (n + 1) → Sort}` `(last : motive (Fin.last n)) (cast : (i : Fin n) → motive i.castSucc) (i : Fin (n + 1))`. So for `i : Fin (n+2)`: `Fin.lastCases (n := n + 1)`.

2. `Set.exists_eq_ciInf_of_finite` — unknown as `Set.`; it's `exists_eq_ciInf_of_finite` in root namespace (ListMultiset section in ConditionallyCompleteLattice.Finset). Let me check: it's `exists_eq_ciSup_of_finite` with @[to_dual] → `exists_eq_ciInf_of_finite`. Note: it gives `∃ i, f i = ⨅ i, f i`.

3. `Convexity.StdSimplex.topologicalSpace_eq` unknown at top level? It's `topologicalSpace_eq` inside `namespace Convexity.StdSimplex` — the check said unknown identifier `Convexity.StdSimplex.topologicalSpace_eq`. Hmm — maybe it's `public lemma` with `@[no_expose]`... `@[no_expose] public noncomputable instance topologicalSpace` — the expose attributes. `topologicalSpace_eq` is `lemma topologicalSpace_eq (M : Type v) [Finite M] : topologicalSpace R M = topologicalSpaceInduced _ _ := ...` — is it marked `public`? Looking at the source: `lemma topologicalSpace_eq (M : Type v) [Finite M] : ...` — it does NOT have `public` marker in what I read. Hmm: in the new mathlib "expose" system, lemmas without `public` might not be exported in the interface... but `continuous_weights_apply` also lacked `public` in the earlier section (it has `@[fun_prop]` only)... and it WAS found. Wait, `continuous_weights_apply` was found: `Convexity.StdSimplex.continuous_weights_apply`. And it's under `namespace topologicalSpaceInduced` — hmm, so its full name would be `Convexity.StdSimplex.topologicalSpaceInduced.continuous_weights_apply`? But the #check said `Convexity.StdSimplex.continuous_weights_apply` — maybe the namespace flattens? The file is `module` + `@[expose] public noncomputable section` at top... wait no, Topology.lean's own section. Let me re-read the file structure. The `#check` outputs show both `Convexity.StdSimplex.continuous_weights_apply` (with hypotheses [PartialOrder R] [Ring R] [TopologicalSpace R] [IsStrictOrderedRing R] [IsTopologicalRing R] — the OUTER section's variables) — so it's the one inside `namespace topologicalSpaceInduced`?? That one had `variable (R : Type u) [PartialOrder R] [Ring R] [TopologicalSpace R]` from the outer namespace section and inner `attribute [local instance] topologicalSpaceInduced`. Hmm, its full name might be flattened because... whatever, it exists and has the right type. 

But `topologicalSpace_eq` was NOT found. Perhaps because it's not `public` in the expose sense. OK — I don't strictly need topologicalSpace_eq. I need:

(a) Continuity of `w ↦ w.weights i` w.r.t. the GLOBAL instance. `continuous_weights_apply` was stated with the induced instance as local instance. When I use it, the instance resolved is the local one inside that declaration — the statement `Continuous fun t => t.weights m` has the induced topology. To transfer to global: since global = induced (topologicalSpace_eq), I can do:

```lean
have hw : Continuous (fun t : StdSimplex ℝ (Fin (n+2)) => t.weights m) := by
  -- continuous w.r.t. induced topology
  rw [← topologicalSpace_eq ℝ (Fin (n+2))]
```
Hmm — but topologicalSpace_eq is not exposed... Let me check whether it's accessible with a different name. Let me grep the olean: `lake env lean` #check failed for the full name. Maybe it IS public under `Convexity.StdSimplex.topologicalSpaceInduced.topologicalSpace_eq`? Or maybe I need `StdSimplex.isEmbedding_toFun_comp_weights` which IS public: `public lemma isEmbedding_toFun_comp_weights (M : Type*) [Finite M] : IsEmbedding (fun t => t.weights : StdSimplex R M → M → R)`. From an embedding I get homeo between StdSimplex and its range, and continuity via `IsEmbedding.continuous_iff`. 

Actually hmm, wait — what does `Continuous` mean for a function FROM the StdSimplex with the global instance? There might be a cleaner route: prove everything on the function-space model and use the embedding homeo. Actually, let me check `#check Convexity.StdSimplex.isEmbedding_toFun_comp_weights` and `IsEmbedding.continuous_iff` and `Homeomorph.ofEmbedding`.

Also — do I even have T2Space/CompactSpace for the StdSimplex-with-global-instance? `compactSpace` instance exists (line 67 in CompactSpaceStdSimplex). And the source for the homeo is the SUBTYPE {w // 0 ∈ range weights}: for a homeo via Homeomorph.mk I need continuous maps both ways; compactness of the source isn't needed if I prove both maps continuous and mutually inverse. The subtype topology: subspace of StdSimplex global topology.

Plan for continuity of the coordinate function:
`(fun w : {w : StdSimplex ℝ (Fin (n+2)) // 0 ∈ range ...} => w.1.weights i)` — continuous: subtype_val ∘ weights_i. Need `Continuous (fun t : StdSimplex ℝ (Fin (n+2)) => t.weights i)` for the GLOBAL topology. 

Option: use `IsEmbedding.continuous_iff`? There's `IsEmbedding.continuous_iff`? Hmm, I don't remember exact name. Since `isEmbedding_toFun_comp_weights` is public: `hE : IsEmbedding (fun t => t.weights)`. Then `hE.continuous_iff`? Not sure it exists in this form. There's `IsEmbedding.continuousOn_iff`... Hmm. Let me check what lemmas exist: `Embedding.continuous_iff`? Let me grep.

Alternatively: use `continuous_iff` (the public lemma on StdSimplex: `Continuous f ↔ ∀ ι [Finite ι] g, Continuous (f ∘ map g)`)! For f = weights_i : StdSimplex → ℝ: f = weights_i = eval_i ∘ weights... Let me use: `(StdSimplex.continuous_iff (f := fun t : StdSimplex ℝ (Fin (n+2)) => t.weights i))` gives: Continuous iff ∀ ι' [Finite ι'] g, Continuous (f ∘ map g). Then f ∘ map g = weights_i ∘ map g, and `topologicalSpaceInduced.continuous_map_weights_apply` (fun_prop) gives continuity of (map g t).weights i w.r.t. induced topology on StdSimplex ℝ ι' — but for finite ι', global = induced via topologicalSpace_eq... circular again but fun_prop with the exposed fun_prop lemmas might just work. Hmm.

Simplest robust route: prove continuity of the coordinate function via the embedding + range homeo? Overkill.

Cleanest: just prove directly that the two topologies coincide for finite M myself:
```lean
lemma weights_continuous (i : Fin (n+2)) :
    Continuous (fun t : Convexity.StdSimplex ℝ (Fin (n+2)) => t.weights i) := by
  -- global topology = coinduced sup = induced (Finite case)
  have h := Convexity.StdSimplex.topologicalSpaceInduced.continuous_weights_apply (R := ℝ) (ι := Fin (n+2)) i
  -- h : Continuous[induced] (fun t => t.weights i)  -- with induced topology
  ...
```
Hmm, I need topologicalSpace_eq to rewrite. Let me check if `topologicalSpace_eq` is exposed under another name. Let me grep the olean interface: search in the .olean? Easier: try `#check Convexity.StdSimplex.topologicalSpaceInduced.topologicalSpace_eq` and `#check (inferInstance : TopologicalSpace (Convexity.StdSimplex ℝ (Fin 2)))` etc. Actually — let me look at what names are exported. In the new expose system, `@[expose] public` declarations go into the interface. `topologicalSpace_eq` is a plain `lemma` in namespace Convexity.StdSimplex — should be accessible as `Convexity.StdSimplex.topologicalSpace_eq`... but #check said unknown. Weird. Unless the file uses `module` (not `import`)... The file starts with `module` + `public import ...`. That should be fine.

OH WAIT. I see — the top of Topology.lean: `universe u v` + `open Topology` + `variable (R : Type u) ...` — and the lemma `topologicalSpace_eq (M : Type v) [Finite M] : topologicalSpace R M = topologicalSpaceInduced _ _`. Hmm the name should be `Convexity.StdSimplex.topologicalSpace_eq`. The #check failed... unless the declaration is in a `section` with `@[no_expose]`... The instance has `@[no_expose]`. Hmm, `public` keyword marks interface exposure in the new system; `topologicalSpace_eq` lacks `public` — in the new mathlib build system, non-public lemmas in interface files... they should still exist in the olean! Unless the olean I'm loading is the "library interface" olean only. Since `lake env lean` uses the built .olean from .lake/build — if the build only includes public decls in interface mode... Actually in mathlib's new "expose" system, ALL declarations are in the .olean (it's a normal Lean build), the expose attributes only matter for downstream proof checking? No wait — I think the new system strips non-public declarations from the compiled interface, so `lake env lean` (which loads interfaces) can't see non-public lemmas. That explains it: `continuous_weights_apply` visible because... it doesn't have `public` either. Hmm, but maybe visibility rules: declarations in a `namespace topologicalSpaceInduced` — no. Hmm.

Wait, actually let me recheck: maybe `continuous_weights_apply` IS marked public via the `@[expose] public noncomputable section` at the top of Defs.lean — no, that's Defs. In Topology.lean there's no such section header except `@[no_expose] public noncomputable instance topologicalSpace`. Hmm, and yet continuous_weights_apply was visible... Let me look at Topology.lean more carefully — maybe I misread and there IS an expose section. From my earlier sed output lines 1-120: I saw `universe u v`, `open Topology`, `variable (R : Type u) [PartialOrder R] [Ring R] [TopologicalSpace R]`, `namespace Convexity.StdSimplex`... no section headers. Then `lemma continuous_iff` (in topologicalSpaceInduced namespace), `[fun_prop] lemma continuous_weights_apply`... 

Hmm, but the #check DID find `Convexity.StdSimplex.continuous_weights_apply` — with the OUTER variable context (R : Type u [PartialOrder R] [Ring R] [TopologicalSpace R] [IsStrictOrderedRing R] [IsTopologicalRing R] {M : Type u_1} (m : M)). Wait — the inner namespace's `continuous_weights_apply` has `{ι : Type*}` and variables from `variable (R) [PartialOrder R] [Ring R] [TopologicalSpace R]` — but the #check shows extra [IsStrictOrderedRing R] [IsTopologicalRing R]... those come from `variable [IsStrictOrderedRing R] [IsTopologicalRing R]` declared AFTER the namespace in the file — but if the lemma is inside `namespace topologicalSpaceInduced`, it shouldn't get the later variables... The displayed type has `[IsStrictOrderedRing R] [IsTopologicalRing R]` — meaning the lemma is NOT inside that inner namespace, it's the outer one? Let me re-read the source around line 55-65:

```
namespace topologicalSpaceInduced

attribute [local instance] topologicalSpaceInduced

lemma continuous_iff {...}

@[fun_prop]
lemma continuous_weights_apply {ι : Type*} (i : ι) :
    Continuous (fun (t : StdSimplex R ι) ↦ t.weights i) :=
  (continuous_apply i).comp (by rw [continuous_iff_le_induced])

...
end topologicalSpaceInduced

variable [IsStrictOrderedRing R] [IsTopologicalRing R]
```

Hmm wait, but the #check output shows [IsStrictOrderedRing R] [IsTopologicalRing R] in continuous_weights_apply's context. Unless the namespace ends BEFORE continuous_weights_apply. Looking at the sed output again:

```
lemma continuous_iff {T ι : Type*} [TopologicalSpace T] (f : T → StdSimplex R ι) :
...
@[fun_prop]
lemma continuous_weights_apply {ι : Type*} (i : ι) :
    Continuous (fun (t : StdSimplex R ι) ↦ t.weights i) :=
  (continuous_apply i).comp (by rw [continuous_iff_le_induced])

open Classical in
@[fun_prop]
lemma continuous_map_weights_apply
    [IsStrictOrderedRing R] [IsTopologicalRing R] {ι₁ ι₂ : Type*}
...
```

Hmm — `continuous_map_weights_apply` has explicit [IsStrictOrderedRing] [IsTopologicalRing] in its signature. But `continuous_weights_apply`'s #check shows them as implicit binders... The variables could be inferred differently. Whatever — the point is these lemmas are VISIBLE. So maybe non-public declarations ARE visible after all, and my `topologicalSpace_eq` check failed for another reason: maybe the name is different. Let me look again: the instance is `@[no_expose] public noncomputable instance topologicalSpace (M : Type v)`. And the lemma `topologicalSpace_eq (M : Type v) [Finite M] : topologicalSpace R M = topologicalSpaceInduced _ _`. Hmm, in namespace Convexity.StdSimplex. #check Convexity.StdSimplex.topologicalSpace_eq — unknown. Maybe it's `public`-required... but continuous_weights_apply has no public either. 

Unless — AH, I bet the issue: `lemma continuous_weights_apply` is `[fun_prop]`-tagged, and mathlib's build might expose fun_prop lemmas specially? No...

Hmm, let me just directly probe again with several candidate names, and also grep the olean file names. Actually simpler: I'll test `#check Convexity.StdSimplex.isEmbedding_toFun_comp_weights` (public) and probe `#check IsEmbedding.continuous_iff`... And I'll test topologicalSpace_eq again carefully. Also check whether `rw [StdSimplex.topologicalSpace_eq ...]`... Let me just probe.

ALSO — one more important thing: what topology does the SUBTYPE `{x : StdSimplex ℝ (Fin (n+2)) // 0 ∈ range weights}` get? Subtype topology from StdSimplex. Fine.

And T2/Compact: `Convexity.StdSimplex.compactSpace` exists (global instance) for `[Ring R] [TopologicalSpace R] [IsTopologicalRing R] [Fintype M] [CompactSpace R]`-ish. Good — I can then use Homeomorph via compactness if needed, but I plan explicit two-sided continuity anyway.

Let me also double-check `exists_eq_ciInf_of_finite`: root namespace. #check `exists_eq_ciInf_of_finite`. Let me probe more names.
dsh: reasoning:
Good. Key findings:
- `exists_eq_ciInf_of_finite` : ∃ i, f i = ⨅ i, f i — for [ConditionallyCompleteLinearOrder α] [Nonempty ι] [Finite ι]. ℝ works.
- `Convexity.StdSimplex.continuous_weights_apply` — Continuous fun t => t.weights m — but with WHICH topology? It's declared inside namespace `topologicalSpaceInduced` where `attribute [local instance] topologicalSpaceInduced` — so the Continuous refers to the induced topology. But its #check signature shows plain types — when I use it, Lean will elaborate `Continuous fun t : Convexity.StdSimplex ℝ M => t.weights m` using the GLOBAL instance (in my context). So the lemma is not directly applicable unless the topologies are definitionally equal... they're NOT definitionally equal (global is the iSup, induced is different — proven equal by topologicalSpace_eq, which is not exposed).

Hmm wait — but `continuous_weights_apply` was visible in #check. And `topologicalSpace_eq` was NOT. So I cannot easily transfer. But maybe I don't need to: `IsEmbedding.continuous_iff` doesn't exist; but there's `StdSimplex.continuous_iff` (public): `Continuous f ↔ ∀ (ι : Type v) [Finite ι] (g : ι → M), Continuous (f ∘ map g)`. Hmm — for f : StdSimplex ℝ (Fin (n+2)) → ℝ... the quantifier is over ι : Type v (universe v) — for M = Fin (n+2) : Type, v = 0? And I'd take ι = Fin (n+2) with g = id, and use `map_id` to get f ∘ map id = f... then continuity of f ∘ map id as a map from StdSimplex ℝ (Fin (n+2)) to ℝ: (f ∘ map id) t = f (map id t) = f t... The continuity needed: `Continuous (f ∘ map g)` where the DOMAIN has the global topology too. Circular. Hmm no wait: the point of continuous_iff is that the coinduced topology is exactly characterized this way; the right side says `f ∘ map g` is continuous for the SUP topology on the smaller... it's still the global topology on StdSimplex ℝ ι. So circular-ish, BUT for the induced topology on finite ι there's `topologicalSpaceInduced.continuous_map_weights_apply` (fun_prop) which is about the INDUCED topology, and for finite ι the global = induced... circular again without topologicalSpace_eq.

Hmm OK. Alternative approach: PROVE the needed continuity directly with `continuous_induced_dom`-style reasoning? The global instance is a ⨆ of coinduced topologies — continuity from a coinduced space = continuity of the precomposition. `continuous_iSup_dom` / `continuous_coinduced_dom` (seen in the continuous_iff proof): `rw [continuous_iSup_dom, continuous_iSup_dom, continuous_iSup_dom, continuous_coinduced_dom]` — that's literally how continuous_iff is proved. So to prove `Continuous (fun t : StdSimplex ℝ (Fin (n+2)) => t.weights m)`: by continuous_iff, reduce to: ∀ ι [Finite ι] g, Continuous ((weights m) ∘ map g). Now (weights m) ∘ map g = fun t => (map g t).weights m — and there's the fun_prop lemma `topologicalSpaceInduced.continuous_map_weights_apply (R := ℝ) (ι₁ := ι) g m` : Continuous (fun t => (map (R := R) f t).weights i₂) — WITH the induced topology on StdSimplex R ι₁. And for FINITE ι₁... ugh, still need topologicalSpace_eq to switch.

Hmm hold on, wait. Let me reconsider: maybe `continuous_iff` on the right side uses `StdSimplex R ι` with its global topology, and `topologicalSpaceInduced.continuous_map_weights_apply` is a fun_prop lemma... When fun_prop or normal unification needs `Continuous fun t => (map g t).weights m` w.r.t. GLOBAL topology, the lemma gives it w.r.t. INDUCED topology — mismatch.

BUT: I can prove the missing instance-equality lemma MYSELF in my own file! `topologicalSpace_eq`'s proof is exactly the `le_antisymm` iSup/induced argument shown in the source — I can reproduce it (it's 8 lines). Or simpler: prove directly:

```lean
lemma weights_apply_continuous (m : Fin (n+2)) :
    Continuous (fun t : Convexity.StdSimplex ℝ (Fin (n+2)) => t.weights m) := by
  rw [Convexity.StdSimplex.continuous_iff] -- or apply
  intro ι _ g
  -- need Continuous (fun t => (map g t).weights m) for global topology on StdSimplex ℝ ι
  ...
```

hmm wait, continuous_iff's right side: `Continuous (f ∘ Convexity.StdSimplex.map g)` where the domain topology is the GLOBAL `topologicalSpace` on StdSimplex R ι. So still circular.

Alternative clean approach — CHANGE OF PLAN: do the whole proof on the FUNCTION-SPACE model and transfer at the end via `isEmbedding_toFun_comp_weights` + `Homeomorph.ofEmbedding`-like lemma (which doesn't exist under that name; but `Homeomorph.mk` from an embedding: `{ toEquiv := Equiv.ofInjective ... }` hmm — there's `Embedding.toHomeomorph`? There's `Homeomorph.ofEmbedding` missing; there's `IsEmbedding`... In mathlib: `Embedding.toHomeomorph`? hmm, I recall `Homeomorph.ofEmbedding : IsEmbedding f → (range f) ≃ₜ X`? The #check failed for `Homeomorph.ofEmbedding`. There's `Homeomorph.ofIsEmbedding`? Let me check: mathlib has `Equiv.ofInjective` and for embeddings `Homeomorph.ofEmbedding`... I might misremember the name. Let me grep for "ofEmbedding" in Mathlib/Topology/Homeomorph*.

Alternatively — completely sidestep StdSimplex: prove the homeo between the FUNCTION-space boundary {s : Fin (n+2) → ℝ | 0 ≤ s ∧ ∑ s = 1 ∧ 0 ∈ range s} and Sphere n, and state the main theorem in terms of a `def SimplexBoundary` I define as exactly that function-space model. Then the MoiseBranch ledger statement can be revised to match my definition — no, wait, the ledger's MoiseBranch statement uses Convexity.StdSimplex; I can update MoiseBranch.lean to reference my new file's definition... The instructions: "MoiseBranch.lean" statements are "named next lemmas" in MY directory; updating the ledger to point at a cleaner equivalent form is legitimate as long as I prove compatibility or the equivalence. Hmm — but the task instructions say: "If an upstream definition is wrong, create a versioned corrected definition plus proved compatibility in your directory instead of silently changing the target." MoiseBranch.lean is MY OWN file (authored in this worktree), not upstream. I can revise it with a note. But honestly, the cleanest is to keep the StdSimplex statement AND prove it — the weights embedding is a homeo onto its range; the range = {0 ≤ s ∧ ∑ = 1}; so {w // 0 ∈ range w.weights} ≃ₜ {s // 0 ≤ s ∧ ∑ s = 1 ∧ 0 ∈ range s} via that embedding-homeo. I need SOME version of "embedding → homeo onto range". Let me find it: grep mathlib for `ofEmbedding`/`homeomorphOfEmbedding`/`embedding.toHomeomorph`.

In mathlib I'm fairly sure there is `Homeomorph.ofEmbedding`... but #check said unknown. Maybe it's `Topology.Homeomorph.ofEmbedding`? or `IsEmbedding.homeomorphOfRange`? Hmm — I remember: `Embedding.toHomeomorph`? Let me grep.

Let me also double check the continuity approach ON the function space model: source space {s | 0 ≤ s ∧ ∑ s = 1 ∧ 0 ∈ range s} is a subtype of (Fin (n+2) → ℝ) with Pi topology = EuclideanSpace-ish product topology. Continuity of maps into/out of it: coordinates continuous — much easier: no StdSimplex topology fuss. The map F(s) = normalize truncation is continuous; G(y) = c + λ(y)d(y) continuous as before. Homeo via Homeomorph.mk with explicit continuity proofs via continuous_induced/continuous_pi. 

Then the transfer to Convexity.StdSimplex: `{w : Convexity.StdSimplex ℝ (Fin (n+2)) // 0 ∈ range weights} ≃ₜ {s : Fin (n+2) → ℝ // 0 ≤ s ∧ ∑ s = 1 ∧ 0 ∈ range s}` via the embedding homeo. Need: an embedding `fun w => w.weights` with `IsEmbedding` → `Homeomorph` onto range: search for lemma. Also need range equality via range_toFun_comp_weights.

Let me grep for the embedding-homeo API.
dsh: reasoning:
`IsEmbedding.toHomeomorph {f : X → Y} (hf : IsEmbedding f) : X ≃ₜ Set.range f` and `IsEmbedding.homeomorphImage (hf) (s : Set X) : s ≃ₜ f '' s`. 

So: `hE : IsEmbedding (fun t : Convexity.StdSimplex ℝ (Fin (n+2)) => t.weights)` (public lemma `isEmbedding_toFun_comp_weights`). Then `hE.toHomeomorph : StdSimplex ≃ₜ range (weights)`.

But hmm — for the transfer I need a homeo between subtypes:
- Source: {w : StdSimplex ℝ (Fin (n+2)) // 0 ∈ range (fun i => w.weights i)}
- Target (function-space boundary): {s : Fin (n+2) → ℝ // 0 ≤ s ∧ (∑ i, s i) = 1 ∧ 0 ∈ range s}

`hE.toHomeomorph` gives StdSimplex ≃ₜ range (weights). By range_toFun_comp_weights, range weights = (⋂ i, {s | 0 ≤ s i}) ∩ {s | ∑ s i = 1}. So range ≃ the set {s | 0 ≤ s ∧ ∑ s = 1} (as a SUBTYPE of the function space). Hmm, ranges/subtype-equalities: I need `Homeomorph.setCongr`? There's `Homeomorph.setCongr : (h : s = t) → s ≃ₜ t`. And subtypes under `⋂/∩` equalities: `(⋂ i, {s | 0 ≤ s i}) = {s | 0 ≤ s}`? For functions with pointwise order: `Set.ofPred`... the intersection of the half-spaces = {s | ∀ i, 0 ≤ s i} = {s | 0 ≤ s} (pointwise LE on Pi). Equality of sets — should be rfl-ish? `(⋂ i : Fin (n+2), {s : Fin (n+2) → ℝ | 0 ≤ s i}) = {s | 0 ≤ s}` — by ext + simp [Set.mem_iInter]? The RHS `0 ≤ s` is pointwise: `Pi.instLE` — `0 ≤ s` unfolds to ∀ i, 0 ≤ s i. So ext s; simp [le_def]? hmm, `le_def` for Pi: `Pi.le_def : x ≤ y ↔ ∀ i, x i ≤ y i`. So provable.

Then compose:
```
simplexBoundary ≃ₜ (range weights ∩ ...) ... 
```
Cleaner: use `hE.toHomeomorph` then `Homeomorph.setCongr` to rewrite the range into the function-space boundary, then restrict to the `0 ∈ range` condition on both sides. The restriction step: hmm, if I have a homeo φ : A ≃ₜ B and subsets A' ⊆ A, B' ⊆ B with φ(A') = B', then A' ≃ₜ B' via `φ.image ...`? There's `Homeomorph.image`? Hmm: `Homeomorph.image : (e : X ≃ₜ Y) (s : Set X) : s ≃ₜ e '' s`? I think there's `Homeomorph.image` or via `homeomorphImage` for embeddings: `hE.homeomorphImage s : s ≃ₜ (fun t => t.weights) '' s`. 

Then source subtype {w // 0 ∈ range w.weights} = {w | w ∈ ({w' | 0 ∈ range w'.weights})} — a subtype of the simplex: `homeomorphImage (hE) {w | 0 ∈ range w.weights}` : {w // 0 ∈ range w.weights} ≃ₜ weights '' {w | 0 ∈ range w.weights}. And weights '' {w | 0 ∈ range w.weights} = range weights ∩ {s | 0 ∈ range s} — set equality by ext. Then setCongr to move to {s : range weights... } hmm, getting layered. Alternatively build the transfer homeo manually with Homeomorph.mk and explicit continuity: it's a restriction of the weights embedding — continuity easy both ways? The inverse is the continuous inverse of the embedding restricted to the image — continuity: since hE.toHomeomorph is a homeo, its restriction to a subtype and image is a homeo via... `Homeomorph.subtypeRestrict`? Hmm, there might be: `Homeomorph.subtype`/`Homeomorph.setCongr`. Honestly, `homeomorphImage` + `setCongr` (twice) + `trans` works mechanically. Fine — I'll handle it when I get there.

Hmm wait, actually — let me step back and simplify the whole design. Do I really want the Convexity.StdSimplex in the FINAL theorem, given all this transfer overhead? The task cares about: actual topological spaces, concrete homeomorphism, matches MoiseBranch's named lemma. The MoiseBranch named lemma is a `def ... : Prop` — I'm the author of that ledger file; updating the ledger statement to a cleaner equivalent and proving THAT is acceptable practice per the rules ("named next lemma" is my own; I should keep provenance). But the results card already published `simplexBoundaryHomeoSphere` as a "named next lemma" statement... The card says these are named next lemmas, not proved. Changing the statement is a refinement, not weakening, if I prove the two models equivalent. To be safe and maximally useful, I'll do BOTH:

1. Main work on function-space model:
   - `SimplexBoundaryFn n := {s : Fin (n+2) → ℝ | 0 ≤ s ∧ (∑ i, s i) = 1 ∧ 0 ∈ range s}`
   - `simplexBoundaryFnHomeoSphere n : SimplexBoundaryFn n ≃ₜ Sphere n`
2. Transfer: `simplexBoundaryHomeoSphere n : {x : Convexity.StdSimplex ℝ (Fin (n+2)) // 0 ∈ range (fun i => x.weights i)} ≃ₜ Sphere n` — literally the MoiseBranch statement, proved by composing the embedding-transfer homeo with (1).

That's clean, honest, and matches the ledger exactly.

Now — actually, hold on. Let me reconsider whether to include the `0 ≤ s` condition in SimplexBoundaryFn... it's needed for the homeo G(y) to land in the simplex (coords ≥ 0). Keep it.

Wait, actually, let me reconsider the direction of the homeo once more to minimize algebra. I'll define:

F : SimplexBoundaryFn n → Sphere n (toFun)
F(s) = (1/t) • u where u : Fin (n+1) → ℝ := fun j => s j.castSucc - c, t = ‖u‖ (norm in EuclideanSpace ℝ (Fin (n+1))).

Hmm — but actually the target coordinates: F(s)_j = (s j.castSucc - c)/t. Norm 1 ✓ (shown).

G : Sphere n → SimplexBoundaryFn n (invFun)
G(y) = c + λ(y)·d(y), d(y) = lastCases (fun j => y j) (-∑j y j), λ(y) = -c/⨅i d(y) i.

G(y) conditions: 0 ≤ G(y) i: G(y) i = c + λ d_i ≥ c + λ·(⨅d) = c + λ·m = c - c = 0 (since λ = -c/m, λ·m = -c). ✓ (using d_i ≥ m = ⨅d: from ciInf_le or iInf_le: `iInf_le` for CompleteLattice? ℝ is ConditionallyCompleteLattice with iInf = sInf of range; `iInf_le` requires CompleteLattice — ℝ isn't a CompleteLattice as a type? Actually ℝ IS a complete lattice? No! ℝ has no top/bottom. But there's a lattice instance with ⊥ = 0, ⊤ = 0 in mathlib (the degenerate one) — and `iInf`/`sInf` for ℝ go through ConditionallyCompleteLinearOrder with the fake lattice... In mathlib ℝ has `instConditionallyCompleteLinearOrder`; `sInf s` for ℝ = if BddBelow s then ... The `iInf` notation for ℝ uses `sInf (range f)`. `iInf_le` for CompleteLattice ℝ: ℝ does have a CompleteLattice instance? I recall ℝ is a `CompleteLinearOrder`? Hmm no. Let me check: `[CompleteLattice ℝ]`? I don't think so. But `iInf_le` showed `[CompleteLattice α]` in its signature — it exists and could apply if ℝ had that instance. In mathlib, ℝ gets `CompleteLinearOrder`? No — that's ℤ or ℝ≥0∞? Hmm, actually I believe ℝ has a "fake" CompleteLattice via `ConditionallyCompleteLinearOrder.toCompleteLattice`? There IS such a construction: `ConditionallyCompleteLinearOrder.toCompleteLattice` (with sInf of empty = 0? or ⊥...). mathlib has `instance : CompleteLattice ℝ`? I don't remember. `ciInf_le (H : BddBelow (range f)) (c)` definitely works. To be safe use `ciInf_le (f := d) bddBelow_range i`. And `iInf f = sInf (range f)` definitionally.

Sum condition: ∑ i, G(y) i = (n+2)c + λ ∑ d = (n+2)c + λ·0. ∑ d = ∑_j (d j.castSucc) + d last = ∑_j y_j + (-∑_j y_j) = 0 ✓.

Boundary: ∃ i, G(y) i = 0: from exists_eq_ciInf_of_finite: ∃ i, d i = ⨅d = m; then G(y) i = c + λm = 0 ✓.

F(G(y)) = y: G(y) j.castSucc - c = λ d j.castSucc = λ y_j. So u = λ·y, t = ‖λy‖ = λ‖y‖ = λ·1 = λ (λ > 0). F(G(y)) = (1/λ)•(λy) = y. Need λ > 0: m < 0 and c > 0 → -c/m > 0. ✓

G(F(s)) = s: u_j = s j.castSucc - c, t = ‖u‖, F(s) = y = u/t (well, (1/t)•u). d(y) j.castSucc = y_j = u_j/t = (s j.castSucc - c)/t. d(y) last = -∑y = -(∑u)/t. ∑u = ∑_j (s j.castSucc - c) = ∑_j s j.castSucc - (n+1)c = 1 - s_last - (n+1)c = 1 - (n+1)c - s_last = c - s_last. So -∑u = s_last - c. Hence d(y) last = (s_last - c)/t ✓. So d(y) = (s - c)/t pointwise (s as full function: s i - c). m = ⨅d = (⨅s - c)/t = (0 - c)/t = -c/t (since s ∈ boundary: ⨅s = 0: need ∃ i, s i = 0 and 0 ≤ s ∀i ⟹ ⨅ s = 0: from ∃ i with s i = 0: m' = ⨅s ≤ 0; and ∀i, 0 ≤ s i ⟹ 0 ≤ ⨅s (le_ciInf). So ⨅s = 0 ✓.) λ = -c/m = -c·t/(-c) = t ✓. G(y) = c + t·(s-c)/t = s ✓.

All clean. Continuity:
- F: on SimplexBoundaryFn (subtype of Fin (n+2) → ℝ): coordinate j: (s j.castSucc - c)/t. t = ‖u‖ where u = WithLp.toLp of (fun j => s j.castSucc - c) — continuous in s (coordinates continuous + toLp continuous). t > 0 on the boundary — need pointwise non-vanishing for continuity of division: use Continuous.div or .inv₀ with h₀ : ∀ s, t s ≠ 0. t s = 0 ⟺ u = 0 ⟺ s j.castSucc = c ∀j ⟹ s_last = c ⟹ s = c — but s has a zero coordinate and c > 0. So t ≠ 0 ✓.

Actually wait — simpler: F = (1/t) • u where 1/t : ℝ — division by t: `Continuous.div` needs h₀. Fine.

- G: coordinate i: c + λ·d_i. λ = -c/m: m = ⨅d: continuous via IsCompact.continuous_sInf: f y i = d y i (d : (EuclideanSpace ℝ (Fin (n+1))) → Fin (n+2) → ℝ continuous), K = Set.univ (compact). Then λ = (-c)·(m)⁻¹ — Continuous.inv₀ with h₀: m ≠ 0 (m < 0). And d_i continuous: lastCases — split: for castSucc j: continuous (eval j); for last: -∑y: continuous. Need a lemma: Continuous (fun y => d y i) — for each i; via Fin.lastCases on i. Define d directly with lastCases and prove continuity by cases on i.

Hmm — one subtlety: `IsCompact.continuous_sInf` requires `Continuous ↿f` where ↿f : γ × β → α. γ = EuclideanSpace ℝ (Fin (n+1)) (or the Sphere subtype — I'll prove continuity on the ambient EuclideanSpace then compose with subtype_val). f y i := d y i. Continuous (fun p : E × (Fin (n+2)) => d p.1 p.2) — since d is continuous in the first coordinate and Fin (n+2) is discrete... prove via: for each i, continuous (fun y => d y i); then `continuous_pi`/`continuous_prod`... `Continuous ↿f` ⟺ ∀ i, Continuous (fun y => f y i)? There's `continuous_pi_iff`-style for the uncurried: `↿f` : E × Fin → ℝ; use `Continuous.comp`... simplest: `continuous_pi.mp`? Let me think: `continuous_prod_of_...`? There's lemma `continuous_pi` : `Continuous f ↔ ∀ i, Continuous (eval i ∘ f)`. So `Continuous ↿f` ⟺ ∀ i, Continuous (eval i ∘ ↿f) = Continuous (fun p => d p.1 i) — and fun p => d p.1 i = (fun y => d y i) ∘ Prod.fst — continuous. ✓

Then on the Sphere subtype: compose with subtype_val (continuous).

- The λ continuity: -c * m⁻¹: `Continuous.inv₀ (hm_cont) (fun y => ne_of_lt (m_neg y))` then continuous_mul. On the sphere: y ↦ m(y) < 0 — lemma.

Also G's output: it's a function Fin (n+2) → ℝ; the subtype conditions as shown. And continuity of G as a map INTO SimplexBoundaryFn (subspace topology of Pi): `continuous_induced_rng.mpr` + `continuous_pi.mpr` per coordinate: G y i = c + λ d_i: continuous ✓.

- Also need: maps land where claimed and are mutually inverse — via subtype ext + PiLp.ext.

Some more API needs:
- `Fin.sum_univ_castSucc` — ✓ have it (n+1 version: (f : Fin (n+2) → M) : ∑ i, f i = ∑ i, f i.castSucc + f (Fin.last (n+1))).
- `le_ciInf` for 0 ≤ ⨅s: `le_ciInf (h : BddBelow s?)` — `le_ciInf : (∀ i, a ≤ f i) → a ≤ ⨅ i, f i`? signature: `le_ciInf {f : ι → α} (H : BddBelow (Set.range f)) (c : ι) ...` no: `le_ciInf (f := f) (h : ∀ i, b ≤ f i) : b ≤ iInf f` with [ConditionallyCompleteLattice] + BddBelow... let me probe.
- `ciInf_le` ✓.
- `exists_eq_ciInf_of_finite` ✓.
- For "⨅s = 0": from s i₀ = 0 (boundary) and 0 ≤ s: ⨅s ≤ s i₀ = 0 (ciInf_le) and 0 ≤ ⨅s (le_ciInf since ∀i 0 ≤ s i). Antisymm ✓.
- `Real.sqrt` machinery for norms: PiLp.norm_sq_eq_of_L2 ✓ (used in SphereGluing).
- The final: F(G(y)) = y — needs `(1/t) • (λ • y) = y` etc. — scalar algebra: `smul_smul`, and (1/λ)•(λ•y) = ((1/λ)·λ)•y = 1•y = y — `inv_mul_cancel` with λ ≠ 0.

Now — target sphere membership: F(s) ∈ Sphere n: ‖(1/t)•u‖ = ‖1/t‖·‖u‖ = (1/t)·t = 1 with t > 0 ✓ — wait, 1/t with t = ‖u‖ > 0: |1/t| = 1/t ✓.

And G(F(s)) = s as elements of the function type — need ext.

Also for `SimplexBoundaryFn` definition: order of conjuncts: `0 ≤ s ∧ (∑ i, s i) = 1 ∧ 0 ∈ Set.range s`. Note for the transfer homeo to Convexity.StdSimplex, the function-space condition from range_toFun_comp_weights is `0 ≤ s ∧ ∑ s i = 1` with the Pi pointwise order — matches.

OK. Now let me also think about what the TOPOLOGY on the subtype is: SimplexBoundaryFn n := {s : Fin (n+2) → ℝ // ...} — subtype topology of Pi = product topology — fine.

One more check — `IsCompact.continuous_sInf`: α = ℝ requires [ConditionallyCompleteLinearOrder ℝ] [TopologicalSpace ℝ] [OrderTopology ℝ] — all instances exist (ℝ has order topology by default: `instOrderTopology ℝ`? mathlib's ℝ topology is the order topology — yes, `OrderTopology ℝ` instance exists).

And the m < 0 lemma: m = ⨅d. Suppose 0 ≤ m: then ∀i, 0 ≤ d_i (ciInf_le: m ≤ d_i). ∑d = 0 with all d_i ≥ 0 ⟹ all d_i = 0 ⟹ y_j = 0 ∀j and -∑y = 0 ⟹ y = 0 — but ‖y‖ = 1 ⟹ contradiction. So ¬(0 ≤ m) ⟹ m < 0 ✓.

Also need: `⨅ i, d y i = sInf (range (d y))` — definitional (`iInf` unfolds to sInf of range? For ConditionallyCompleteLattice, `iInf f` = `sInf (Set.range f)` definitionally). And `IsCompact.continuous_sInf` gives continuity of `x ↦ sInf (f x '' K)`; with K = Set.univ: `f x '' Set.univ = Set.range (f x)` by ext/simp — `image_univ`. So need `Continuous (fun x => sInf ((f x) '' Set.univ))` → rewrite to `Continuous (fun x => sInf (Set.range (f x)))` — via `congr`/`convert` or since image_univ is rfl-ish? `Set.image_univ : f '' Set.univ = Set.range f` is a simp lemma. I'll `simpa [Set.image_univ] using IsCompact.continuous_sInf ...`.

K = Set.univ : Set (Fin (n+2)) — compact: `isCompact_univ` ✓ (Finite → CompactSpace).

Alright — also the transfer theorem. Let me now also confirm `IsEmbedding.toHomeomorph` signature and `IsEmbedding.homeomorphImage`:
- `IsEmbedding.toHomeomorph {f : X → Y} (hf : IsEmbedding f) : X ≃ₜ Set.range f` — hmm, from the grep: `noncomputable def toHomeomorph {f : X → Y} (hf : IsEmbedding f) : X ≃ₜ ...` line 412 — let me read the exact type (it said `X ≃ₜ Set.range f`? I need to check). And `homeomorphImage (hf) (s : Set X) : s ≃ₜ f '' s`.

Let me read those lines precisely. Also check `Homeomorph.setCongr` exists.

Then the transfer:
```
def weightsHomeo (n) : {w : Convexity.StdSimplex ℝ (Fin (n+2)) // 0 ∈ Set.range (fun i => w.1.weights i)} ≃ₜ SimplexBoundaryFn n
```
Constructing: let e := (isEmbedding_toFun_comp_weights (R := ℝ) (M := Fin (n+2))).toHomeomorph : StdSimplex ≃ₜ range weights. Hmm — source subtype restriction: I want to build a homeo from {w // P w} to {s : range weights // ...} then setCongr the range... Steps:

1. hE.homeomorphImage {w | 0 ∈ range w.weights} : {w // 0 ∈ range w.weights} ≃ₜ (fun t => t.weights) '' {w | 0 ∈ range w.weights}.
2. (fun t => t.weights) '' {w | 0 ∈ range w.weights} = range weights ∩ {s | 0 ∈ range s}: ext; ⟨mem_image...⟩ — standard: `(fun t => t.weights) '' {w | 0 ∈ range w.weights} = {s ∈ range (fun t => t.weights) | 0 ∈ range s}` by ext/simp? `Set.mem_image` + `Set.mem_setOf`. Yes with simp [Set.mem_image] hmm need to be careful with simp behavior. Fine.
3. Homeomorph.setCongr to swap the order of conditions: {s : Fin (n+2) → ℝ // s ∈ range weights ∧ 0 ∈ range s} ≃ₜ {s // 0 ∈ range s ∧ s ∈ range weights}: subtype reorder — `Equiv.subtypeEquivRight`-ish. Hmm. Alternatively define SimplexBoundaryFn with `s ∈ range weights ∧ 0 ∈ range s` order? Ugly. Better: define the transfer target as `{s : Fin (n+2) → ℝ // s ∈ Set.range (fun t => t.weights) ∧ 0 ∈ Set.range s}` and a separate (cheap) `Homeomorph.setCongr`-style lemma from range = {0 ≤ s ∧ ∑ = 1}: `Set.range (fun t : Convexity.StdSimplex ℝ (Fin (n+2)) => t.weights) = {s : Fin (n+2) → ℝ | 0 ≤ s ∧ (∑ i, s i) = 1}` via range_toFun_comp_weights + simplification of the iInter to pointwise le. Then:
   - `Homeomorph.setCongr (by ...) : {s // s ∈ range weights} ≃ₜ {s // 0 ≤ s ∧ ∑ s = 1}`.
4. Combine: {w // 0 ∈ range w.weights} ≃ₜ (image set) ≅ {s ∈ range | 0 ∈ range s} ≅ {s | (0 ≤ s ∧ ∑=1) ∧ 0 ∈ range s} ≅ SimplexBoundaryFn (reorder ∧). Reorder: `Homeomorph.setCongr (by ext; tauto)`? The predicate: `0 ≤ s ∧ (∑ i, s i) = 1 ∧ 0 ∈ range s` — I'll define SimplexBoundaryFn's predicate to be exactly `s ∈ Set.range weightsOf ∧ 0 ∈ Set.range s`?? No — cleaner: define SimplexBoundaryFn's condition as `0 ≤ s ∧ (∑ i, s i) = 1 ∧ 0 ∈ Set.range s` and prove the setCongr with a small proof.

`Homeomorph.setCongr` — check existence: I believe `Homeomorph.setCongr : (h : s = t) → s ≃ₜ t` exists in mathlib (Homeomorph/Lemmas.lean or Subtype file). Let me probe. Also `IsEmbedding.homeomorphImage` exact type.

OK — also the axiom audit file needs updating: read AxiomAudit.lean + tools/d12_axiom_audit.py to see the format. Let me read them now.

Actually, let me now also quickly double-check `Homeomorph.setCongr`, `IsEmbedding.toHomeomorph`, `IsEmbedding.homeomorphImage` signatures and start writing the file. I'll structure the file `SimplexBoundary.lean`:

Sections:
1. Imports: SphereGluing + Convexity StdSimplex bits (import Mathlib might be simplest — SphereGluing imports Mathlib already. Actually CoveringLemma imports specific modules; SphereGluing does `import Mathlib` — heavy but fine (build is already big). To keep compile fast for iteration, import specific: Mathlib (needed: Geometry.Convex.ConvexSpace.*, Topology.Order.Compact, Order.ConditionallyCompleteLattice.Finset). I'll import Mathlib for dev speed of iteration? No — `import Mathlib` makes each probe ~seconds but full build ~minute. Iterating with `lake env lean file.lean` compiles deps from olean — fine. I'll import Mathlib (matches SphereGluing).

2. `SimplexBoundaryFn` def.
3. `simplexCenter` c = (n+2:ℝ)⁻¹, positivity lemma.
4. Direction function `simplexDir`.
5. `finInf` lemmas: `finInf_neg_of_sum_zero_norm_one` etc.
6. F, G with continuity + inverse proofs.
7. `simplexBoundaryFnHomeoSphere`.
8. Transfer to Convexity.StdSimplex: `simplexBoundaryHomeoSphere` (exact MoiseBranch statement).
9. Update MoiseBranch.lean: mark node 9 discharged with example using the new theorem. Also add simplexDisk homeo? Node 9 also mentions Δ^{n+1} ≅ D^{n+1}. That's an easy corollary: Δ^{n+1} ≅ cone(∂Δ) ≅ cone(Sⁿ) ≅ D^{n+1}? Hmm — cone over the boundary simplex glued... Actually Δ^{n+1} is the cone over ∂Δ^{n+1} with vertex = barycenter? Not literally the standard cone quotient, but there's a natural homeo: Δ^{n+1} ≅ Cone(∂Δ^{n+1}) via radial scaling from barycenter: every point ≠ c is c + t·(boundary direction). That's ANOTHER radial homeo (the map Δ∖{c} → ∂Δ × (0,1])... it's the inverse of the radial structure. Could do later; for now focus on the boundary homeo. Maybe add `simplexHomeoDisk` in a later iteration if time.

Also — check `norm_eq_one_iff_norm_sq_eq_one` is in my namespace (Poincare.D12.TriangulationTopology) — it's in SphereGluing namespace; importing gives access.

Also — PiLp: EuclideanSpace ℝ (Fin (n+1)) = PiLp 2 (fun _ : Fin (n+1) => ℝ). WithLp.toLp 2 f. F(s) = (t⁻¹) • u where u = WithLp.toLp 2 (fun j => s j.castSucc - c). Wait — need `u` as EuclideanSpace — but s : Fin (n+2) → ℝ; u_j = s j.castSucc - c ✓.

Let me now read the audit tooling to know how to register new declarations, then write the file. Let me also check remaining part of AxiomAudit.lean structure.
dsh: reasoning:
Notes:
- `IsEmbedding.toHomeomorph`/`homeomorphImage` unknown as `IsEmbedding.toHomeomorph` — maybe they're in namespace `Topology` (the file has `Topology.IsEmbedding`?). The #check output for isEmbedding_toFun_comp_weights shows type `Topology.IsEmbedding fun t => ⇑t.weights` — so IsEmbedding is `Topology.IsEmbedding`. Let me find the namespace of toHomeomorph — it's in `Mathlib/Topology/Homeomorph/Lemmas.lean` around line 412; likely in namespace `Topology.IsEmbedding`? Let me grep the surrounding context.
- `tauto` unknown — use `aesop` or `simp`/`tauto`? `tauto` should be built into Mathlib... `#check tauto` fails since tauto is a tactic (elab command), not a constant. Fine — use `aesop` or explicit.
- `WithLp.continuous_toLp` unknown — maybe `PiLp.continuous_toLp`? In SphereGluing they used `PiLp.continuous_toLp`? Let me grep SphereGluing for continuous_toLp usage.
- `closedBall` unknown — it's `Metric.closedBall`.
- `range_sInf_mem`: hmm. `IsCompact.sInf_mem` exists (needs ClosedIicTopology α — ℝ OK, IsCompact s, s.Nonempty).

For the finInf attainment: with m = ⨅d = sInf (range d): use `IsCompact.sInf_mem (hs := (Set.finite_range d).isCompact) (ne_s := range_nonempty d)` — gives sInf (range d) ∈ range d, i.e., ∃ i, d i = m. Good. (range_nonempty d: `Set.range_nonempty`? there's `range_nonempty : (range f).Nonempty` for Nonempty ι — `Set.range_nonempty` — yes.)

Now `IsEmbedding.toHomeomorph` namespace: let me grep the file quickly. Also check `IsInducing`→`toHomeomorphOfIsInducing`: `Equiv.toHomeomorphOfIsInducing`. And I'll double check names: `Topology.IsEmbedding.toHomeomorph`?

Also `Homeomorph.setCongr` ✓ (takes h : s = t).
`Equiv.subtypeEquivRight` ✓ (e : ∀ x, p x ↔ q x).

The transfer can also be built as: 
- e₁ : {w // 0 ∈ range w.weights} ≃ₜ (weights '' {w | 0 ∈ range w.weights}) via Topology.IsEmbedding.homeomorphImage.
- e₂ : weights '' {w | 0 ∈ range w.weights} ≃ₜ {s : Fin (n+2) → ℝ // 0 ≤ s ∧ ∑ s i = 1 ∧ 0 ∈ range s} via setCongr (set equality proof).

The set equality: weights '' {w | 0 ∈ range w.weights} = range weights ∩ {s | 0 ∈ range s}. Then range weights = (⋂ i, {s | 0 ≤ s i}) ∩ {s | ∑ = 1}. Need the chain of equalities:
(⋂ i, {s | 0 ≤ s i}) = {s | 0 ≤ s} — hmm is that rfl? (⋂ i, {s : Fin (n+2) → ℝ | 0 ≤ s i}) — as a set of functions with Pi order: `0 ≤ s` where 0 : Fin (n+2) → ℝ is the constant zero function and ≤ is Pi.le — `Pi.le_def`: 0 ≤ s ↔ ∀ i, 0 ≤ s i. So by ext: `Set.ext (fun s => by simp [Set.mem_iInter, Pi.le_def])` — but does `simp` know that `0 ≤ s` (Pi) unfolds via Pi.le_def? `simp [Pi.le_def]`? Hmm, Pi.le_def is not a simp lemma probably; `simp only [Pi.le_def]`? I'll handle manually:

```lean
lemma interRangeWeights_eq (n : ℕ) :
    Set.range (fun t : Convexity.StdSimplex ℝ (Fin (n + 2)) => (t.weights : Fin (n + 2) → ℝ)) =
      {s : Fin (n + 2) → ℝ | 0 ≤ s ∧ (∑ i, s i) = 1} := by
  rw [Convexity.StdSimplex.range_toFun_comp_weights]
  ext s
  constructor
  · intro h
    rw [Set.mem_inter_iff, Set.mem_iInter] at h
    rcases h with ⟨hle, hsum⟩
    constructor
    · rw [Pi.le_def]
      intro i
      exact hle i
    · exact hsum
  · intro h
    rw [Set.mem_inter_iff, Set.mem_iInter]
    rcases h with ⟨hle, hsum⟩
    rw [Pi.le_def] at hle
    exact ⟨hle, hsum⟩
```
Wait, `t.weights : Fin (n+2) →₀ ℝ` and coerced `⇑t.weights` — range_toFun_comp_weights says range of `fun t => ⇑t.weights` = (⋂ i, {s | 0 ≤ s i}) ∩ {s | ∑ i, s i = 1} — with `s : X → R` and `0 ≤ s i` scalar. In my rewrite, the `s` in `{s | 0 ≤ s i}` is a function — `0 ≤ s i` where s i : ℝ scalar — matches Pi.le at i. ✓.

Then the image set equality:
```lean
lemma image_boundary_eq (n) :
    (fun t : Convexity.StdSimplex ℝ (Fin (n + 2)) => (t.weights : Fin (n + 2) → ℝ)) ''
      {w | 0 ∈ Set.range (fun i : Fin (n + 2) => (w.weights : Fin (n + 2) → ℝ) i)} =
      {s : Fin (n + 2) → ℝ | (0 ≤ s ∧ (∑ i, s i) = 1) ∧ 0 ∈ Set.range s} := by
  ext s
  constructor
  · rintro ⟨w, hw, rfl⟩
    rw [Set.mem_setOf_eq] at hw ⊢
    -- hw : 0 ∈ range (fun i => w.weights i)
    constructor
    · -- s ∈ range weights
      rw [interRangeWeights_eq n]
      exact ⟨w.weights_nonneg, by simp⟩  -- hmm: 0 ≤ w.weights pointwise + sum
    · exact hw  -- since s = weights
  · intro hs
    rcases hs with ⟨hmem, hzero⟩
    rw [interRangeWeights_eq n] at hmem
    rcases hmem with ⟨hnonneg, hsum⟩
    -- construct w from s
    refine ⟨⟨Convexity.StdSimplex.mk (Finsupp.equivFunOnFinite.symm s) ?_ ?_⟩, ?_, ?_⟩ ...
```
Hmm — need: w.weights i = s i for the constructed w, and nonneg/total. Finsupp.equivFunOnFinite.symm s — need `(Finsupp.equivFunOnFinite.symm s) i = s i`: `Finsupp.equivFunOnFinite_apply`? The equiv: `(α →₀ M) ≃ (α → M)` — `equivFunOnFinite.symm s` has `⇑ = s`? There are simp lemmas: `Finsupp.coe_equivFunOnFinite_symm`? something. Let me handle: after constructing w := StdSimplex.mk ..., the goal `0 ∈ range (fun i => w.weights i)` should simplify: need `w.weights i = s i` for all i — via `Finsupp.ext`/simp: `Finsupp.equivFunOnFinite_symm_apply`? I'll probe. Actually since range_toFun_comp_weights already constructs such a w internally, maybe better approach for the forward direction: define the transfer homeo directly as the equivalence between the two subtype predicates, avoiding image-set gymnastics entirely:

transferEquiv : {w : StdSimplex ℝ (Fin (n+2)) // 0 ∈ range (fun i => w.weights i)} ≃ {s : Fin (n+2) → ℝ // (0 ≤ s ∧ ∑ s i = 1) ∧ 0 ∈ range s} := by
  refine Equiv.subtypeEquiv (Finsupp.equivFunOnFinite) ?_  -- hmm, subtypeEquiv of equiv between StdSimplex and functions? No — equivFunOnFinite is between Finsupp and functions, not StdSimplex.

Better: use `Equiv.subtypeEquivRight`: {x : StdSimplex // P x} ≃ {s : functions // Q s}? subtypeEquivRight moves within the SAME base type. Not directly.

Cleanest: compose:
  - weightsEmbedding homeo: hE.toHomeomorph : StdSimplex ≃ₜ Set.range (fun t => t.weights)
  - hE.homeomorphImage {w | 0 ∈ range w.weights} : {w // ...} ≃ₜ (weights) '' {w | ...}
  - setCongr (image_boundary_eq) : (weights) '' ... ≃ₜ {s | (0 ≤ s ∧ ∑ s i = 1) ∧ 0 ∈ range s}
  - setCongr (by ext s; exact and_assoc-ish?) : {s | (0 ≤ s ∧ ∑ s i = 1) ∧ 0 ∈ range s} ≃ₜ {s | 0 ≤ s ∧ ∑ s i = 1 ∧ 0 ∈ range s} — reorder conjunction: `by ext s; constructor <;> tauto`... tauto is available as a TACTIC (it's in core/Lean). `constructor <;> tauto`? tauto tactic exists in Lean (built-in since 4.x? it's in Mathlib.Tactic.Tauto imported by Mathlib). Use it.

OK this transfer machinery is mechanical. Let me now check the namespace of toHomeomorph and homeomorphImage (probably `Topology.IsEmbedding` or maybe root `IsEmbedding` namespace — the #check failed for root; likely `Topology.IsEmbedding.toHomeomorph`). Let me grep the file context.
dsh: reasoning:
All the pieces are identified:
- `Topology.IsEmbedding.toHomeomorph`, `Topology.IsEmbedding.homeomorphImage` ✓
- `Finsupp.coe_equivFunOnFinite_symm` ✓ (⇑(equivFunOnFinite.symm f) = f)
- `PiLp.continuous_toLp` ✓
- `Homeomorph.setCongr` ✓

Time to write the file. Let me design carefully.

```lean
import Mathlib
import Poincare.D12.TriangulationTopology.SphereGluing
```

Wait — SphereGluing imports Mathlib. Fine.

Namespace Poincare.D12.TriangulationTopology.

Definitions:

```lean
/-- The boundary of the standard `(n+1)`-simplex, as a function-space model:
nonnegative functions on `Fin (n+2)` summing to 1 with some coordinate 0. -/
def SimplexBoundaryFn (n : ℕ) : Set (Fin (n + 2) → ℝ) :=
  {s | 0 ≤ s ∧ (∑ i, s i) = 1 ∧ 0 ∈ Set.range s}
```

Barycenter:
```lean
def simplexCenter (n : ℕ) : ℝ := ((n + 2 : ℕ) : ℝ)⁻¹
lemma simplexCenter_pos (n) : 0 < simplexCenter n := inv_pos.mpr (Nat.cast_pos.mpr (by norm_num... n+2 > 0))
```

Direction function:
```lean
def simplexDir (n : ℕ) (y : EuclideanSpace ℝ (Fin (n + 1))) : Fin (n + 2) → ℝ :=
  Fin.lastCases (n := n + 1) (-∑ j : Fin (n + 1), y j) (fun j => y j)
```
Careful — Fin.lastCases: `Fin.lastCases {n} {motive} (last : motive (Fin.last n)) (cast : (i : Fin n) → motive i.castSucc) (i : Fin (n+1))`. For `Fin (n+2)` I want `Fin.lastCases (n := n+1)` — motive Fin (n+2) → Sort. last = value at Fin.last (n+1); cast : (i : Fin (n+1)) → value at i.castSucc.

So:
```lean
def simplexDir (n : ℕ) (y : EuclideanSpace ℝ (Fin (n + 1))) : Fin (n + 2) → ℝ :=
  Fin.lastCases (n := n + 1) (-∑ j : Fin (n + 1), y j) (fun j => y j)
```
✓. And simp lemmas:
```lean
@[simp] theorem simplexDir_last (n) (y) : simplexDir n y (Fin.last (n+1)) = -∑ j, y j := by simp [simplexDir]
@[simp] theorem simplexDir_castSucc (n) (y) (j : Fin (n+1)) : simplexDir n y j.castSucc = y j := by simp [simplexDir]
```
Need the right simp lemmas for Fin.lastCases: `Fin.lastCases_last`, `Fin.lastCases_castSucc`? Let me check names — probably `Fin.lastCases_last` : lastCases last cast (last n) = last? Actually mathlib has `Fin.lastCases_apply_last`? I'll probe quickly when compiling. If unknown, use `simp [Fin.lastCases]`? The definition might be via `Fin.reverseInduction`... hmm. `simp only [simplexDir, Fin.lastCases]`? If `lastCases` is a def with a match, `simp` might unfold it. Let me check `#print Fin.lastCases`. From #check: `Fin.lastCases {n} {motive} (last) (cast) (i)` — a def. Let me see its definition when I compile — if simp unfolds, fine.

Continuity of simplexDir:
```lean
theorem continuous_simplexDir (n) : Continuous (fun y : EuclideanSpace ℝ (Fin (n+1)) => simplexDir n y) := by
  rw [continuous_pi]  -- hmm, continuous_pi : (∀ i, Continuous (fun a => f a i)) → Continuous f
  apply continuous_pi
  intro i
  -- need Continuous (fun y => simplexDir n y i)
  ...
```
For each i: Fin (n+2): by Fin.lastCases on i: if i = last: simplexDir n y i = -∑ y — continuous (sum of evals). If i = castSucc j: = y j — continuous. So:

```lean
theorem continuous_simplexDir_apply (n) (i : Fin (n+2)) :
    Continuous (fun y : EuclideanSpace ℝ (Fin (n+1)) => simplexDir n y i) := by
  refine Fin.lastCases (n := n + 1) ?_ ?_ i
  · -- i = last: -∑
    -- simp: continuous_neg.comp (continuous_finset_sum ...)
  · intro j
    -- i = castSucc j: continuous (eval j)
```
Hmm wait — Fin.lastCases is an eliminator producing elements of a motive — I can use it to build a proof: `Fin.lastCases (motive := fun i => Continuous (...)) ...`? The motive is fun i => Continuous (fun y => simplexDir n y i). Fine:

```lean
theorem continuous_simplexDir_apply (n) (i : Fin (n+2)) :
    Continuous (fun y : EuclideanSpace ℝ (Fin (n+1)) => simplexDir n y i) := by
  refine Fin.lastCases (n := n + 1) (motive := fun i => Continuous (fun y => simplexDir n y i)) ?_ ?_ i
```
Hmm — careful: after `Fin.lastCases`, `i` is replaced by `Fin.last (n+1)` and `j.castSucc` — then simp [simplexDir]? If simplexDir unfolds: `simplexDir n y (Fin.last (n+1)) = -∑ j, y j` — continuous: `continuous_neg.comp (continuous_finset_sum _ (fun j => continuous_apply j))` — there's `continuous_finset_sum`? For `∑ j : Fin (n+1), y j` — `continuous_finset_sum` exists? I recall `continuous_finset_sum` in Topology/Algebra/BigOperators or ContinuousSum — there's `continuous_finset_sum (s) (h : ∀ j ∈ s, Continuous (f j))`. I think it exists: `continuous_finset_sum`. Let me probe. Otherwise: `continuous_pi`... no — `Finset.sum` continuity: use `continuous_finset_sum`. I'll probe.

Now, main maps. Let me write them:

```lean
/-- The truncated difference from the barycenter: coordinates `s i - c` for `i : Fin (n+1)`. -/
def truncToCenter (n : ℕ) (s : Fin (n + 2) → ℝ) : EuclideanSpace ℝ (Fin (n + 1)) :=
  WithLp.toLp 2 (fun j : Fin (n + 1) => s j.castSucc - simplexCenter n)

/-- Forward map: normalize the truncated barycenter difference. -/
def simplexBoundaryToSphere (n : ℕ) (s : SimplexBoundaryFn n) : Sphere n :=
  ⟨(‖truncToCenter n s‖)⁻¹ • truncToCenter n s, ?_⟩
```
where Sphere n = Metric.sphere (0) 1 in EuclideanSpace ℝ (Fin (n+1)). Membership proof: norm = 1:
`‖t⁻¹ • u‖ = ‖t⁻¹‖·‖u‖ = t⁻¹·t = 1` with t > 0. Need t ≠ 0 / t > 0:

```lean
lemma truncToCenter_ne_zero {n} {s : Fin (n+2) → ℝ} (hs : s ∈ SimplexBoundaryFn n) :
    truncToCenter n s ≠ 0 := by
  intro h
  -- if truncation = 0 then s j.castSucc = c for all j; then s last = c via sum; then no coord 0 — contradiction
```
Details: from h : truncToCenter n s = 0: get ∀ j, s j.castSucc - c = 0: `PiLp.ext`... h : WithLp.toLp 2 f = 0 ⟹ f = 0? `WithLp.toLp` is injective: use congrArg (WithLp.equiv 2 _) h → (WithLp.equiv 2 (fun _ => ℝ)) (toLp 2 f) = 0 → f = 0 (defeq: WithLp.equiv is rfl? `WithLp.equiv p V : WithLp p V ≃ V` with coe... `WithLp.equiv_apply`? Hmm: In SphereGluing esnoc_injective2 they did: `dsimp [esnoc] at h; exact congrArg (WithLp.equiv 2 (Fin (n+2) → ℝ)) h`. So `congrArg (WithLp.equiv 2 _) h` turns `toLp 2 f = 0` into `f = 0` — wait, toLp 2 0 = 0 and equiv (toLp 2 f) = f definitionally? WithLp.equiv p V = toLp... `WithLp.equiv` is defined as `Equiv.refl`-ish with toFun = ofLp? If `WithLp.equiv p V : WithLp p V ≃ V` maps toLp v ↦ v then congrArg works. In esnoc they did exactly that. So: `have hf : (fun j => s j.castSucc - c) = 0 := congrArg (WithLp.equiv 2 (Fin (n+1) → ℝ)) h`? Wait: `congrArg (WithLp.equiv 2 (Fin (n+1) → ℝ)) h : (WithLp.equiv 2 _) (toLp 2 f) = (WithLp.equiv 2 _) 0` — and `(WithLp.equiv 2 V) (toLp 2 v) = v` rfl? Probably via `WithLp.equiv_apply`? Let me check: `WithLp.equiv (p) (V) : WithLp p V ≃ V` — its toFun: `toLp p` inverse... Let me just mirror esnoc_injective2's exact pattern and use `funext` to get ∀ j, s j.castSucc - c = 0.

Then: s j.castSucc = c ∀j. Sum: 1 = ∑_{i : Fin (n+2)} s i = ∑_j s j.castSucc + s last = (n+1)·c + s last ⟹ s last = 1 - (n+1)c. (n+1)·c = (n+1)/(n+2) so s last = 1/(n+2) = c. So s = c pointwise (const c). Boundary: ∃ i₀, s i₀ = 0 ⟹ c = 0 — but c > 0. Contradiction ✓.

To get "∀ i, s i = c" for the contradiction, simpler: from hs: rcases hs.2.2 with ⟨i₀, hi₀⟩ (0 ∈ range s). s i₀ = 0. If i₀ = castSucc j: s i₀ = c by hf — c = 0 contradiction. If i₀ = last: s last = c via sum computation — same contradiction. Handle via Fin.lastCases on i₀.

Alternatively prove `s = const c` directly: ext i; Fin.lastCases on i: castSucc j → hf j (s j.castSucc - c = 0 → s j.castSucc = c); last → sum computation. Then from s i₀ = 0 get c = 0. Nice and uniform.

Now, sphere membership of F(s):
```lean
lemma simplexBoundaryToSphere_mem (n) (s : SimplexBoundaryFn n) :
    (‖truncToCenter n s‖)⁻¹ • truncToCenter n s ∈ Sphere n := by
  rw [mem_sphere_zero_iff_norm, norm_smul]
  have ht : 0 < ‖truncToCenter n s‖ := norm_pos_iff.mpr (truncToCenter_ne_zero s.2)
  rw [Real.norm_eq_abs, abs_of_nonneg (inv_nonneg.mpr (le_of_lt ht)), inv_mul_cancel (ne_of_gt ht)]
```
`norm_smul`: ‖r • x‖ = ‖r‖ * ‖x‖ — ‖(t)⁻¹‖ = |t⁻¹| = t⁻¹ (t > 0). ✓

Wait — `(‖u‖)⁻¹ • u` — (‖u‖ : ℝ)⁻¹ is a scalar; `•` on EuclideanSpace. norm_smul: ‖r•x‖ = ‖r‖·‖x‖ — ‖r‖ for r : ℝ is |r| = r... `‖r‖` = `Real.norm_eq_abs` — hmm in norm_smul the outer norm of scalar: for ℝ, ‖r‖ : ℝ = |r|. Then ‖r‖*‖x‖ = |r|·t = r·t. So with r = t⁻¹: |t⁻¹|·t = 1 — `inv_mul_cancel (ne_of_gt ht)`. But `abs_of_nonneg` for |t⁻¹|: 0 ≤ t⁻¹ from inv_nonneg of 0 ≤ t. OK as sketched.

Alternatively avoid norm_smul complexity: use `norm_smul` then simp with `[abs_of_nonneg, Real.norm_eq_abs]`. I'll iterate in Lean.

Backward map:

```lean
def sphereToSimplexBoundary (n : ℕ) (y : Sphere n) : Fin (n + 2) → ℝ :=
  fun i => simplexCenter n + simplexLambda n y * simplexDir n y i

def simplexLambda (n : ℕ) (y : EuclideanSpace ℝ (Fin (n + 1))) : ℝ :=
  - simplexCenter n / (⨅ i : Fin (n + 2), simplexDir n y i)
```
Hmm — `⨅ i, f i` for ℝ: iInf over Fin (n+2). Type: ℝ. Works with ConditionallyCompleteLattice.

Actually, to avoid double work with `Set.range` for continuity: `⨅ i, simplexDir n y i` = `sInf (Set.range (simplexDir n y))` definitionally. `IsCompact.continuous_sInf` gives continuity of `y ↦ sInf (f y '' K)`. Let me define:

```lean
def simplexMin (n : ℕ) (y : EuclideanSpace ℝ (Fin (n+1))) : ℝ :=
  ⨅ i : Fin (n + 2), simplexDir n y i
```

Facts needed about simplexMin:
1. `simplexMin_le (n) (y) (i) : simplexMin n y ≤ simplexDir n y i` — `ciInf_le bddBelow_range i`.
2. `le_simplexMin_of (n) (y) {a} (h : ∀ i, a ≤ simplexDir n y i) : a ≤ simplexMin n y` — `le_ciInf h`.
3. `simplexMin_neg_of_unit (n) {y} (hy : ‖y‖ = 1) : simplexMin n y < 0` — proof: suppose 0 ≤ m: then ∀i 0 ≤ d_i (m ≤ d_i); ∑d = 0 forces d = 0 → y = 0 → ‖y‖=0≠1. Contrapositive: ¬(0 ≤ m) → m < 0.

Wait — careful: ∑d = 0: ∑ i, simplexDir n y i = ∑_j y j + (-∑_j y j) = 0 ✓ via sum_univ_castSucc + simplexDir lemmas.

If all d_i ≥ 0 and ∑d = 0: each d_i = 0 (sum of nonnegatives = 0 ⟹ each = 0: Finset.sum_eq_zero_iff_of_nonneg). Then d_last = -∑y = 0 and d_castSucc = y j = 0 → y = 0. Contradiction ‖y‖ = 1 (norm_zero ≠ 1: `norm_eq_one_iff_norm_sq_eq_one`? or directly: ‖y‖ = 1 and y = 0 → 0 = 1). ✓

4. `simplexMin_eq_zero_of_boundary {n} {s : Fin (n+2) → ℝ} (hs : s ∈ SimplexBoundaryFn n) : (⨅ i, s i) = 0` — for the inverse direction: from hs.1 (0 ≤ s): le_ciInf gives 0 ≤ ⨅s; from hs.2.2 (0 ∈ range s): ⟨i₀, hi₀⟩: ⨅s ≤ s i₀ = 0. Antisymm.

5. `simplexMin_attains (n) (y) : ∃ i, simplexDir n y i = simplexMin n y` — from `exists_eq_ciInf_of_finite (f := simplexDir n y)` ✓.

6. Continuity: `continuous_simplexMin (n) : Continuous (fun y => simplexMin n y)` via IsCompact.continuous_sInf:
```lean
theorem continuous_simplexMin (n) : Continuous (fun y : EuclideanSpace ℝ (Fin (n+1)) => simplexMin n y) := by
  change Continuous (fun y => sInf ((fun (p : EuclideanSpace ℝ (Fin (n+1)) × Fin (n+2)) => simplexDir n p.1 p.2) y '' Set.univ))  -- hmm
```
Actually: `simplexMin n y = ⨅ i, simplexDir n y i = sInf (Set.range (simplexDir n y))`. And `IsCompact.continuous_sInf (hK := isCompact_univ) (hf := ?) : Continuous (fun x => sInf ((f x) '' Set.univ))` where f : γ → β → α, here γ = EuclideanSpace ℝ (Fin (n+1)), β = Fin (n+2), α = ℝ, f y i = simplexDir n y i. Then `simpa [Set.image_univ, simplexMin] using ...` — `(f y) '' Set.univ = Set.range (f y)` via image_univ. And `sInf (range f) = ⨅ i, f i` definitionally (iInf = sInf ∘ range for conditionally complete lattices — `iInf` is defined as `sInf (range f)`? For ConditionallyCompleteLattice, `iInf f := sInf (range f)` — yes definitional).

hf : Continuous ↿f — where ↿f : γ × β → α: `Continuous (fun p : (EuclideanSpace ℝ (Fin (n+1))) × Fin (n+2) => simplexDir n p.1 p.2)`. Prove: `continuous_pi`-style: there's `continuous_prod`... hmm — `Continuous ↿f` — by `continuous_pi`? No, ↿f has codomain ℝ. Use: the function (y, i) ↦ simplexDir n y i: continuous iff... Fin (n+2) is discrete: `continuous_pi.mp`? There's `continuous_iff_continuousAt`... Simplest: 
```lean
have hf : Continuous (fun p : EuclideanSpace ℝ (Fin (n+1)) × Fin (n+2) => simplexDir n p.1 p.2) := by
  -- by fun_prop? maybe
```
Hmm. There's `Continuous.comp` chain: p ↦ p.1 continuous, then apply continuous_simplexDir... no — the second component also matters (p.2 is the index i). `fun p => simplexDir n p.1 p.2` = eval p.2 (simplexDir n p.1) = (fun p => (simplexDir n p.1, p.2)) then uncurried eval: `Continuous (eval)`, and (fun p => (simplexDir n p.1, p.2)) = (continuous_simplexDir.comp continuous_fst).prod_mk continuous_snd — `Continuous.prod_mk` doesn't exist per probe — `Continuous.prodMk`? Hmm the earlier probe said unknown `Continuous.prod_mk`; mathlib has `Continuous.prodMk : Continuous f → Continuous g → Continuous (fun x => (f x, g x))`. Let me use `hf.prodMk hg`. Then eval: `continuous_apply i` is for Pi types: `Continuous fun p : (i : ι) → A i => p i`. The map p ↦ eval p.2 p.1 isn't literally continuous_apply... Use `continuous_pi_iff`? Hmm — alternative: `Continuous ↿f` ⟺ ∀ i, Continuous (eval i ∘ ↿f)? There's lemma `continuous_pi` (for codomain being a Pi type) — ↿f's codomain is ℝ. 

Alternative cleaner: prove hf via `continuous_iff_continuousAt` + `ContinuousAt` — overkill.

Simplest robust: for finite β = Fin (n+2), the topology on the product... Actually there's a cleaner trick: ↿f : (γ × β) → α with β discrete — I can use `continuous_pi`? No.

Hmm — what about `Continuous.comp` with the swap map: define ↿f = (fun p => (p.2, p.1)) then... Let me look at how `IsCompact.continuous_sSup` is typically used... Actually — wait, maybe I can avoid the product entirely: use `IsCompact.continuous_sInf` with γ = EuclideanSpace × ... no, γ must be the varying domain.

Another idea: prove hf by extensional decomposition: since β = Fin (n+2) is FINITE, `↿f` continuous iff for each i, Continuous (fun y => f y i) — there might be a lemma `continuous_pi`-adjoint: `continuous_uncurry`? Hmm. Actually there IS: for f : γ → β → α, `Continuous ↿f ↔ ∀ i, Continuous (fun y => f y i)`? That's exactly `continuous_pi_iff`-ish for functions? The lemma `continuous_pi` : Continuous f ↔ ∀ i, Continuous (eval i ∘ f) — for f : X → (i → A i). Not matching.

Hmm, alternatively use fun_prop — fun_prop might just solve `Continuous (fun p => simplexDir n p.1 p.2)` directly since simplexDir is built from continuous pieces and Fin is discrete (finset sums are continuous — continuous_finset_sum is a fun_prop lemma? maybe). Let me just try `fun_prop` and fall back to a manual proof:

Manual: 
```lean
have hf : Continuous (fun p : (EuclideanSpace ℝ (Fin (n+1))) × (Fin (n+2)) => simplexDir n p.1 p.2) := by
  apply Continuous.comp (g := fun q : Fin (n+2) × EuclideanSpace ℝ (Fin (n+1)) => simplexDir n q.2 q.1)
  · exact ?_ -- the swap is continuous: continuous_swap? 
```
`continuous_swap`? There's `continuous_swap : Continuous (fun p : α × β => (p.2, p.1))` I believe. Then need Continuous (fun q => simplexDir n q.2 q.1) — q ↦ (q.2, q.1)... circular.

Better: decompose by the Pi criterion on the DOMAIN: `continuous_pi` has domain X → Pi A. Here ↿f : γ × β → ℝ. Hmm.

What about: `Continuous ↿f` where β discrete — via `continuous_iff_continuousAt`? meh.

Actually — simplest: prove continuity of `fun p => simplexDir n p.1 p.2` by `continuous_pi`-style on the product domain: there's `continuous_prod_of_discrete_left`? Hmm — mathlib has `continuous_prod_of_discrete_left : Continuous (fun p : X × Y => f p.1 p.2) ↔ ∀ y, Continuous (fun x => f x y)`! For discrete Y. I recall `continuous_prod_of_discrete_left` in `Topology/Constructions/Discrete.lean` or similar. Let me probe: `#check continuous_prod_of_discrete_left`.

If that exists: `rw [continuous_prod_of_discrete_left]; intro i; exact continuous_simplexDir_apply n i`. 

Let me probe. Also probe `continuous_finset_sum`, `continuous_swap`, `Continuous.prodMk`, `Fin.lastCases` unfold behavior, `Finset.sum_eq_zero_iff_of_nonneg`, `norm_pos_iff`.

Continuity of G:
```lean
theorem continuous_sphereToSimplexBoundary (n) :
    Continuous (fun y : Sphere n => sphereToSimplexBoundary n y) := by
  rw [continuous_induced_rng]  -- continuous_iff via induced (subtype) topology: Continuous g ↔ Continuous (subtypeVal ∘ g)? 
```
Hmm — for maps INTO a subtype: `continuous_induced_rng : Continuous[_, induced f t₂] g ↔ Continuous (f ∘ g)`. For subtype: the subtype topology is `induced Subtype.val _` — so `Continuous (fun y : Sphere n => sphereToSimplexBoundary n y)` ⟺ `Continuous (fun y : Sphere n => (sphereToSimplexBoundary n y : Fin (n+2) → ℝ))`. `rw [continuous_induced_rng]` should work directly. Then `apply continuous_pi; intro i; ...` per coordinate:

coordinate i: c + λ(y)·d_i(y) where c const, λ(y) = -c/m(y), m(y) = simplexMin n y, d_i(y) = simplexDir n y i.

λ continuity: `(-c)·(m)⁻¹`: `Continuous.mul continuous_const ((continuous_simplexMin n).inv₀ (fun y => ne_of_lt (simplexMin_neg_of_unit n y.2)))` — note domain here: after rw continuous_induced_rng, the domain is Sphere n (subtype); the continuity of functions like simplexDir on Sphere n = simplexDir ∘ subtypeVal: `(continuous_simplexDir n).comp continuous_subtype_val`. Let me define helper:

```lean
theorem continuousOn_sphere_simplexMin (n) :
    Continuous (fun y : Sphere n => simplexMin n y) :=
  (continuous_simplexMin n).comp continuous_subtype_val
```
etc. for simplexDir.

Then coordinate i: by Fin.lastCases on i:
- castSucc j: value = c + λ·y j: continuous: const + (λ)(eval j) — `Continuous.add continuous_const ((continuous_lambda).mul (continuous_apply j ...))` with the comp-with-subtype-val for eval: `(continuous_apply j).comp continuous_subtype_val`? careful: fun y : Sphere n => (y : EuclideanSpace) j — eval j ∘ subtypeVal ✓.
- last: value = c + λ·(-∑y): similar with `continuous_finset_sum`.

Hmm — wait, actually simpler: prove coordinate continuity for the AMBIENT domain (EuclideanSpace) first:

```lean
theorem continuous_simplexDirEval (n) (i : Fin (n+2)) :
    Continuous (fun y : EuclideanSpace ℝ (Fin (n+1)) => simplexDir n y i) := by
  refine Fin.lastCases (n := n + 1) (motive := fun i => Continuous (fun y => simplexDir n y i)) ?_ ?_ i
```
then simplexDir n y i in each case: for last: need simp to reduce: `simplexDir n y (Fin.last (n+1)) = -∑ j, y j` — by the simp lemmas I define (simplexDir_last). Then continuity = `continuous_neg.comp (continuous_finset_sum ...)`. Hmm — wait, in the motive-based lastCases, after refining, `simplexDir n y i` becomes `simplexDir n y (Fin.last (n+1))` — then `simp [simplexDir]` — if my @[simp] lemma simplexDir_last fires ✓. But careful: my simp lemma would have to be proved BEFORE... define lemmas first then use.

Also λ on ambient: `fun y => simplexLambda n y` = -c * (simplexMin n y)⁻¹ — continuous where m ≠ 0 — on ambient m ≠ 0 fails at y=0 (m(0)=0). So ambient-level continuity of λ isn't available — the inv needs m ≠ 0, which holds only on the sphere. So do the λ continuity ON the sphere domain:

```lean
theorem continuous_sphere_simplexLambda (n) :
    Continuous (fun y : Sphere n => simplexLambda n y) := by
  have hm : Continuous (fun y : Sphere n => simplexMin n y) := (continuous_simplexMin n).comp continuous_subtype_val
  have hne : ∀ y : Sphere n, simplexMin n y ≠ 0 := fun y => ne_of_lt (simplexMin_neg_of_unit n y.2)
  exact Continuous.mul continuous_const (Continuous.inv₀ hm hne)  -- plus neg
```
`-c * m⁻¹`: `Continuous.mul continuous_const (hm.inv₀ hne)` then `.neg`. Since -c * x = -(c * x): `Continuous.neg (Continuous.mul ...)` — need `simplexLambda = fun y => -(simplexCenter n * (simplexMin n y)⁻¹)`: define simplexLambda := - simplexCenter n * (simplexMin n y)⁻¹ directly — then `show Continuous (fun y => -simplexCenter n * (simplexMin n y)⁻¹)` = Continuous.neg (Continuous.mul continuous_const (hm.inv₀ hne))? For `-c * x`: `(-c) * x`: `Continuous.mul continuous_const h` where const = -c. OK: define `simplexLambda n y := -simplexCenter n * (simplexMin n y)⁻¹`.

Wait — `(-c) * x` vs `-(c * x)`: I'll define as `(-simplexCenter n) * (simplexMin n y)⁻¹`. Then G's coordinate = c + λ·d_i.

Now the inverse-direction algebra — let me carefully write each lemma's proof sketch:

A. `simplexDir_sum (n) (y) : ∑ i : Fin (n+2), simplexDir n y i = 0`:
```lean
  rw [Fin.sum_univ_castSucc]
  simp [simplexDir]  -- sums: ∑ j, y j + (-∑ j, y j) = 0: ring/add_neg_self
```
`∑ i : Fin (n+2), simplexDir n y i` — sum_univ_castSucc (n := n+1): = ∑ i : Fin (n+1), simplexDir n y i.castSucc + simplexDir n y (Fin.last (n+1)) = ∑ y + (-∑y) = 0 via `add_neg_cancel`/`add_neg_self`.

B. `simplexMin_le`: ciInf_le (f := simplexDir n y) bddBelow_range i.
Hmm — `ciInf_le` signature: {f : ι → α} (H : BddBelow (Set.range f)) (c : ι) : iInf f ≤ f c. `bddBelow_range` — the instance `bddBelow_range` : BddBelow (range f) — is it an instance? In the probe `bddBelow_range` was unknown as a #check — maybe it's `bddBelow_range` theorem not instance... For ℝ (ConditionallyCompleteLinearOrder), `bddBelow_range` : BddBelow (range f) is a lemma. #check failed for `bddBelow_range`! Hmm. Let me probe `BddBelow (Set.range f)` — the lemma might be named `bddBelow_range`. Probe said unknown. Alternatives: `Set.range` of a finite type — BddBelow of a finite set: `Set.Finite.bddBelow`? Hmm. For ℝ: finite_range → bddBelow: `(Set.finite_range f).bddBelow`? There's `Set.Finite.bddBelow`? Let me probe. Or use `OrderBot`... ℝ has no OrderBot. But maybe there's an instance: `bddBelow_range` for [ConditionallyCompleteLinearOrder]? In mathlib, `bddBelow_range` exists as a theorem: `theorem bddBelow_range : BddBelow (range f) := ...` hmm — actually I recall `bddBelow_range` IS in mathlib (Order/ConditionallyCompleteLattice/Basic). The #check might have failed due to namespace: it's `bddBelow_range` in root? Let me probe again with different spellings. Or avoid: use `(Set.finite_range (simplexDir n y)).bddBelow`? `Set.Finite.bddBelow` — probably exists for [Preorder]. Let me probe several.

C. `le_simplexMin`: `le_ciInf (f := simplexDir n y) (fun i => h i)` — requires [Nonempty ι] — Fin (n+2) nonempty ✓.

D. `simplexMin_neg_of_unit`: 
```lean
theorem simplexMin_neg_of_unit (n) {y : EuclideanSpace ℝ (Fin (n+1))} (hy : ‖y‖ = 1) :
    simplexMin n y < 0 := by
  by_contra h
  -- h : ¬ simplexMin n y < 0
  have hm_nonneg : 0 ≤ simplexMin n y := le_of_not_gt h
  have hle : ∀ i, 0 ≤ simplexDir n y i := fun i => hm_nonneg.trans (simplexMin_le n y i)
  have hsum : ∑ i, simplexDir n y i = 0 := simplexDir_sum n y
  have hzero : ∀ i, simplexDir n y i = 0 := by
    rw [← Finset.sum_eq_zero_iff_of_nonneg] at hsum
    exact hsum
    exact hle  -- hmm, sum_eq_zero_iff_of_nonneg needs the nonneg hypothesis
```
`Finset.sum_eq_zero_iff_of_nonneg : (∀ x ∈ s, 0 ≤ f x) → (∑ x ∈ s, f x = 0 ↔ ∀ x ∈ s, f x = 0)` — so:
```lean
  have hzero' : ∀ i, simplexDir n y i = 0 := by
    have h := (Finset.sum_eq_zero_iff_of_nonneg (s := Finset.univ) (f := fun i : Fin (n+2) => simplexDir n y i) (fun i hi => hle i)).1 hsum
    intro i
    exact h i (Finset.mem_univ i)
```
Then from hzero' at last and castSucc: y = 0: 
```lean
  have hyz : y = 0 := by
    apply PiLp.ext
    intro j
    -- y j = simplexDir n y j.castSucc = 0
    simpa [simplexDir] using hzero' j.castSucc
  rw [hyz, norm_zero] at hy
  norm_num at hy
```
Hmm `simplexDir n y j.castSucc = y j` — needs my simp lemma simplexDir_castSucc ✓.

E. `simplexMin_eq_zero_of_boundary`:
```lean
theorem simplexMin_eq_zero_of_mem_boundary {n} {s : Fin (n+2) → ℝ} (hs : s ∈ SimplexBoundaryFn n) :
    (⨅ i : Fin (n + 2), s i) = 0 := by
  apply le_antisymm
  · -- ⨅ s ≤ 0
    rcases hs.2.2 with ⟨i₀, hi₀⟩  -- 0 ∈ range s : ∃ y, s y = 0
    exact (ciInf_le (f := s) ?bdd i₀).trans_eq (hi₀.symm.trans (by norm_num))  -- hmm: s i₀ = 0
  · -- 0 ≤ ⨅ s
    exact le_ciInf (f := s) (fun i => hs.1 i)
```
careful: `0 ∈ range s` ⟺ ∃ y, s y = 0 — `Set.mem_range.mp hs.2.2 : ∃ y, s y = 0`. Then `ciInf_le bdd i₀ : ⨅s ≤ s i₀ = 0`.

F. `simplexMin_attains`:
```lean
theorem simplexMin_attains (n) (y : EuclideanSpace ℝ (Fin (n+1))) :
    ∃ i : Fin (n+2), simplexDir n y i = simplexMin n y :=
  exists_eq_ciInf_of_finite (f := simplexDir n y)
```
✓.

Now the maps land correctly.

sphereToSimplexBoundary lands in SimplexBoundaryFn:
```lean
theorem sphereToSimplexBoundary_mem (n) (y : Sphere n) :
    sphereToSimplexBoundary n y ∈ SimplexBoundaryFn n := by
  rw [Set.mem_setOf_eq]  -- unfold SimplexBoundaryFn
  constructor
  · -- 0 ≤ each coordinate
    intro i   -- Pi.le
    dsimp [sphereToSimplexBoundary]
    have hdir : simplexMin n y ≤ simplexDir n y i := simplexMin_le n y i
    have hlambda_nonneg : 0 ≤ simplexLambda n y := by
      dsimp [simplexLambda]
      -- -c * m⁻¹ ≥ 0: -c ≤ 0, m⁻¹ ≤ 0 (m < 0) → product ≥ 0
      exact mul_nonneg (neg_nonneg.mpr (le_of_lt (simplexCenter_pos n))) (inv_nonneg.mpr (le_of_lt (simplexMin_neg_of_unit n y.2)))
    -- coordinate = c + λ·d_i ≥ c + λ·m = c + λ·m... need λ·m = -c
    calc
      simplexCenter n + simplexLambda n y * simplexDir n y i ≥ simplexCenter n + simplexLambda n y * simplexMin n y := by
        exact add_le_add_left (mul_le_mul_of_nonneg_left hdir hlambda_nonneg) (simplexCenter n)
      _ = simplexCenter n + (-simplexCenter n * (simplexMin n y)⁻¹) * simplexMin n y := rfl
      _ = 0 := by
        have hm : simplexMin n y ≠ 0 := ne_of_lt (simplexMin_neg_of_unit n y.2)
        field_simp [hm]; ring
  · constructor
    · -- sum = 1
      dsimp [sphereToSimplexBoundary]
      rw [Fin.sum_univ_castSucc]
      -- (n+1) coordinates c + λ y_j, last c + λ(-∑y)
      have hsumdir : ∑ j : Fin (n+1), simplexDir n y j.castSucc = ∑ j, y j := by simp [simplexDir]
      calc
        (∑ j : Fin (n+1), (simplexCenter n + simplexLambda n y * simplexDir n y j.castSucc))
            + (simplexCenter n + simplexLambda n y * simplexDir n y (Fin.last (n+1))) 
        = (n+1 : ℕ) * simplexCenter n + simplexLambda n y * (∑ i, simplexDir n y i) + ... hmm
```
Let me carefully compute: ∑_j (c + λd_j) + (c + λ d_last) where d_j = y_j, d_last = -∑y.
= (n+1)c + λ∑y_j + c + λ(-∑y_j) = (n+2)c + λ(∑y - ∑y) = (n+2)c + λ·0 = (n+2)c.
(n+2)c = (n+2)·(n+2)⁻¹ = 1 (since n+2 ≠ 0).

In Lean:
```lean
      have hsums : (∑ i : Fin (n + 2), simplexDir n y i) = 0 := simplexDir_sum n y
      rw [Fin.sum_univ_castSucc]
      -- goal: ∑ j, (c + λ * d j.castSucc) + (c + λ * d last) = 1
      simp only [simplexDir_castSucc, simplexDir_last]  -- wait these reduce d
```
Hmm — Fin.sum_univ_castSucc with f := fun i => c + λ·d i gives: ∑ j, (c + λ·d j.castSucc) + (c + λ·d last) = ∑ j, (c + λ y_j) + (c + λ(-∑y)). Then:
```lean
      simp only [simplexDir_castSucc, simplexDir_last]
      rw [Finset.sum_add_distrib, Finset.sum_const, Finset.card_fin]  -- hmm (n+1) terms
      rw [← mul_add, add_assoc]
      rw [hsums]  -- after: (n+1)c + c + λ·0 — need care to shape it
```
Alternative cleaner: 
```lean
      have h1 : ∑ j : Fin (n+1), (simplexCenter n + simplexLambda n y * y j)
          + (simplexCenter n + simplexLambda n y * (-∑ j, y j)) = (n + 2 : ℕ) * simplexCenter n + simplexLambda n y * (∑ i : Fin (n+2), simplexDir n y i) := by
        rw [Fin.sum_univ_castSucc]
        simp [simplexDir, Finset.sum_add_distrib, Finset.sum_const, mul_add, add_mul, add_assoc, add_comm, add_left_comm, mul_comm, mul_left_comm, mul_assoc]
        ring
```
Hmm — this is getting messy. Let me structure: prove the sum goal with `ring_nf`/`ring` after massaging. Steps:
```
(∑ j, (c + λ·y_j)) + (c + λ·(-∑y_j))
= ((n+1)c + λ·∑y_j) + (c - λ·∑y_j)      [Finset.sum_add_distrib, sum_const, card_fin, mul_neg]
= (n+1)c + c + (λ·∑y_j - λ·∑y_j)        [ring]
= (n+2)c + 0
= 1
```
`ring` can handle the last two lines if I set up the hypotheses right. I'll do:
```lean
      rw [Fin.sum_univ_castSucc]
      simp only [simplexDir_castSucc, simplexDir_last, Finset.sum_add_distrib,
        Finset.sum_const, Finset.card_fin, nsmul_eq_mul, mul_neg, sub_eq_add_neg]
      -- goal: (n+1) • c + λ*∑y + (c + λ * -∑y) = 1  -- roughly
      rw [← add_assoc]
      ring_nf
      -- goal should become (n+2) * c = 1 after ring simplifies λ terms
      rw [simplexCenter]
      -- (n+2) * ((n+2:ℕ):ℝ)⁻¹ = 1
      field_simp [Nat.cast_ne_zero.mpr (by norm_num : n + 2 ≠ 0)]  hmm
```
Hmm wait — ring can't cancel `λ·∑y - λ·∑y`... it can (ring normalizes). But `(n+1:ℕ) • c`? nsmul vs nat cast — ring_nf handles. Actually after ring_nf the goal is probably `↑(n + 2) * c = 1`? Hmm — `(n+1)•c + c` normalizes to `(n+2) * c`? nsmul: (n+1)•c = ↑(n+1)*c in a semiring — yes ring_nf does that. Then with c = ((n+2:ℕ):ℝ)⁻¹: `↑(n+2) * (↑(n+2))⁻¹ = 1` — `field_simp` or `rw [mul_inv_cancel₀]`? `exact mul_inv_cancel₀ (ne_of_gt (Nat.cast_pos.mpr (by norm_num : 0 < n + 2)))` — `mul_inv_cancel₀ : a ≠ 0 → a * a⁻¹ = 1` ✓.

OK. And the last conjunct:
    · -- 0 ∈ range
      rcases simplexMin_attains n y with ⟨i, hi⟩
      refine ⟨i, ?_⟩
      dsimp [sphereToSimplexBoundary, simplexLambda] at hi ⊢
      -- goal: c + (-c * m⁻¹) * d_i = 0 where hi : d_i = m
      rw [hi]
      have hm : simplexMin n y ≠ 0 := ne_of_lt (simplexMin_neg_of_unit n y.2)
      field_simp [hm]
      ring
`(-c * m⁻¹) * m = -c * (m⁻¹ * m) = -c` — `field_simp` then ring ✓.

Forward direction membership: F(s) ∈ Sphere n — done above via norm_smul.

Continuity of F:
```lean
theorem continuous_simplexBoundaryToSphere (n) :
    Continuous (simplexBoundaryToSphere n) := by
  -- target is Metric.sphere 0 1 : Set (EuclideanSpace ℝ (Fin (n+1))) — subtype
  rw [continuous_induced_rng]  -- reduces to continuity of the coercion into EuclideanSpace
  change Continuous (fun s : SimplexBoundaryFn n => (‖truncToCenter n s‖)⁻¹ • truncToCenter n s)
```
The ambient function: s ↦ t(s)⁻¹ • u(s) where t = ‖u‖, u continuous. Composition: `Continuous.smul`? There's `Continuous.smul : Continuous f → Continuous g → Continuous (fun x => f x • g x)` ✓ (for normed spaces with ContinuousSMul — EuclideanSpace has it). Need:
- u continuous: s ↦ truncToCenter n s = toLp 2 (fun j => s j.castSucc - c): `PiLp.continuous_toLp (2) _ .comp (continuous_pi.mpr (fun j => continuous_sub (continuous_apply j.castSucc) continuous_const))` — careful: domain SimplexBoundaryFn = subtype of (Fin (n+2) → ℝ); s j.castSucc: `continuous_apply` on the ambient then compose with subtype_val... After `rw [continuous_induced_rng]` the domain becomes... hmm — actually careful: I want continuity of F : SimplexBoundaryFn n → Sphere n. Rewriting via continuous_induced_rng at the CODIMENSION side: `Continuous[_, induced Subtype.val _] g ↔ Continuous (Subtype.val ∘ g)` — yes codomain induced. Domain SimplexBoundaryFn has its own subtype topology — for functions OUT of it, continuity = continuity of the ambient precomposition: `continuous_induced_dom : Continuous[induced f t₁, _] g ↔ Continuous (g ∘ f)`. So:
```lean
  rw [continuous_induced_dom]  -- hmm — the induced function here is Subtype.val : SimplexBoundaryFn → (Fin (n+2) → ℝ)
```
`continuous_induced_dom` signature: `Continuous[TopologicalSpace.induced f t, _] g ↔ Continuous (g ∘ f)` — so rw [continuous_induced_dom] turns `Continuous (fun s : SimplexBoundaryFn n => ...)` into `Continuous (fun s : Fin (n+2) → ℝ => ... (⟨s, ?⟩)...)`? NO — it changes the domain instance of the existing function — the function `fun s : SimplexBoundaryFn n => ...` stays, but now we need `Continuous (fun s : (Fin (n+2) → ℝ) => ... (⟨s, ...⟩ ...))` — hmm, `g ∘ f` where f = Subtype.val — but Subtype.val needs the predicate... The rewrite `rw [continuous_induced_dom]` should produce goal `Continuous (fun x : Fin (n+2) → ℝ => F ⟨x, ...⟩)`? The composition `(fun s : SimplexBoundaryFn n => F s) ∘ Subtype.val` — but this needs the well-defined subtype element — can't have `⟨x, ?⟩` as a function without the proof... The rewrite works if the original function is of the form `g ∘ Subtype.val` syntactically. Messy.

Alternative standard approach: define F first on the ambient with an arbitrary domain:
```lean
def simplexBoundaryToSphereFun (n) (s : Fin (n+2) → ℝ) : EuclideanSpace ℝ (Fin (n+1)) :=
  (‖truncToCenter n s‖)⁻¹ • truncToCenter n s

theorem continuous_simplexBoundaryToSphereFun (n) :
    Continuous (simplexBoundaryToSphereFun n) := by
  unfold simplexBoundaryToSphereFun
  refine Continuous.smul (g := fun s => truncToCenter n s) ?_ ?_
  · -- s ↦ ‖truncToCenter n s‖⁻¹
    refine Continuous.inv₀ (Continuous.norm (continuous_truncToCenter n)) ?_
    intro s
    -- ‖truncToCenter n s‖ ≠ 0 — FALSE in general! s = const c gives truncation 0!
```
Problem: t(s) = 0 when s = c on the first n+1 coords — that DOES happen for ambient s. So the ambient function is NOT continuous at those points (division by zero). Hence continuity must be proved on the subtype domain where t ≠ 0.

OK so do it directly on the subtype:
```lean
theorem continuous_simplexBoundaryToSphere (n) :
    Continuous (simplexBoundaryToSphere n) := by
  apply Continuous.subtype_mk  -- is there Continuous.subtype_mk? 
```
`Continuous.subtype_mk : Continuous f → (∀ x, p (f x)) → Continuous fun x => ⟨f x, hx⟩`? There's `Continuous.subtype_mk` for codomain subtypes? hmm. For DOMAIN subtypes: `Continuous.comp` with continuous_subtype_val: any continuous function on the ambient gives continuous function on the subtype by composition. The issue is only the inv part needs t ≠ 0 on the subtype.

Cleanest: prove continuity by the universal property of the induced domain topology: I'll prove the two lemmas:
- `continuous_simplexBoundaryToSphere' : Continuous (fun s : SimplexBoundaryFn n => (‖truncToCenter n s‖)⁻¹ • truncToCenter n s)` where codomain is the ambient EuclideanSpace — via Continuous.smul with inv₀ where h₀ : ∀ s : SimplexBoundaryFn n, ‖truncToCenter n s‖ ≠ 0 := fun s => norm_pos_iff.mpr? — wait norm ≠ 0 ⟺ u ≠ 0: `norm_ne_zero_iff`? ‖u‖ ≠ 0 ⟺ u ≠ 0 — `norm_ne_zero_iff`? For normed groups: `norm_ne_zero_iff : ‖a‖ ≠ 0 ↔ a ≠ 0`? Hmm — `norm_eq_zero` : ‖a‖ = 0 ↔ a = 0. So ‖u‖ ≠ 0 ⟺ u ≠ 0 via `norm_eq_zero.not`. `(norm_eq_zero).not`? Fine.

All pieces on the subtype domain: `Continuous fun s : SimplexBoundaryFn n => truncToCenter n s` := (continuous_truncToCenter_ambient n).comp continuous_subtype_val. continuous_truncToCenter_ambient: s ↦ toLp 2 (fun j => s j.castSucc - c): `PiLp.continuous_toLp (2) (fun _ : Fin (n+1) => ℝ) |>.comp (continuous_pi.mpr (fun j => (continuous_sub (continuous_apply j.castSucc) continuous_const)))`.

Then `Continuous.norm` of that. Then `.inv₀` with h₀. Then `Continuous.smul` with the u-part. Then finally wrap into the Sphere subtype: `Continuous.subtype_mk`? Hmm — for the codomain: `Sphere n` is a subtype with induced topology; `continuous_induced_rng` — I'll apply at the very end:
```lean
theorem continuous_simplexBoundaryToSphere (n) : Continuous (simplexBoundaryToSphere n) := by
  rw [continuous_induced_rng]  -- hmm — needs the function to be of shape Subtype.val ∘ g...
```
`continuous_induced_rng : Continuous[_, induced f t₂] g ↔ Continuous (f ∘ g)` — rw transforms the goal `Continuous (simplexBoundaryToSphere n)` (codomain = subtype) into `Continuous (fun s => (simplexBoundaryToSphere n s : EuclideanSpace ℝ (Fin (n+1))))` — the coercion (Subtype.val ∘ ...). This should work by rw since the codomain topology of the goal is `induced Subtype.val _`? Is the subtype topology definitionally `induced Subtype.val`? Subtype.topologicalSpace := induced Subtype.val inferInstance? Actually subtype topology is defined as `TopologicalSpace.induced (↑) t`? Let me check — mathlib: `instance Subtype.instTopologicalSpace {p : α → Prop} [t : TopologicalSpace α] : TopologicalSpace (Subtype p) := induced (↑) t` — YES it's definitionally induced Subtype.val. So `rw [continuous_induced_rng]` works directly. Then:
```lean
  change Continuous (fun s : SimplexBoundaryFn n => (‖truncToCenter n s‖)⁻¹ • truncToCenter n s)
```
Hmm — `(simplexBoundaryToSphere n s : EuclideanSpace)` unfolds to `(⟨(...), memproof⟩ : Sphere n)` coerced = the underlying element. So after rw + dsimp [simplexBoundaryToSphere] the goal is Continuous (fun s => (‖truncToCenter n s‖)⁻¹ • truncToCenter n s) — exact match with the helper '.

G's continuity: G : Sphere n → SimplexBoundaryFn n: rw [continuous_induced_rng] (codomain) → Continuous (fun y : Sphere n => sphereToSimplexBoundaryFun n y) — as established. Note the DOMAIN is Sphere n — a subtype — fine, our continuity lemmas for simplexMin etc. on the Sphere domain handle it.

Inverse algebra:

F(G(y)) = y:
```lean
theorem simplexBoundaryToSphere_sphereToSimplexBoundary (n) (y : Sphere n) :
    simplexBoundaryToSphere n (sphereToSimplexBoundary n y) = y := by
  apply Subtype.ext
  dsimp [simplexBoundaryToSphere, sphereToSimplexBoundary]
  -- goal: (‖truncToCenter n (c + λ·d)‖)⁻¹ • truncToCenter n (c + λ·d) = y
  -- truncToCenter n (sphereToSimplexBoundary n y) j = c + λ·d j.castSucc - c = λ·y_j
  have htr : truncToCenter n (sphereToSimplexBoundary n y) = simplexLambda n y • y := by
    apply PiLp.ext
    intro j
    -- coords: (c + λ·(y j)) - c = λ·y j
    dsimp [truncToCenter, sphereToSimplexBoundary, simplexDir]
    -- need: (c + λ * y j) - c = λ * y j — ring
    ring
```
Hmm wait — `truncToCenter n (sphereToSimplexBoundary n y)` — sphereToSimplexBoundary n y : Fin (n+2) → ℝ = fun i => c + λ·d_i. So trunc j = (c + λ·d j.castSucc) - c = λ·y j. With simp [simplexDir_castSucc] then ring ✓.
```lean
  rw [htr]
  -- goal: (‖λ • y‖)⁻¹ • (λ • y) = y
  have hλpos : 0 < simplexLambda n y := by ... (λ = -c·m⁻¹, -c > 0, m⁻¹ > 0 since m < 0)
  have hnorm : ‖simplexLambda n y • y‖ = simplexLambda n y := by
    rw [norm_smul, Real.norm_eq_abs, abs_of_nonneg (le_of_lt hλpos), y.2]  -- ‖y‖ = 1: y.2 : y ∈ sphere... — y.2 is the MEMBERSHIP proof: mem_sphere_zero_iff_norm.mp y.2 : ‖y‖ = 1? hmm — Sphere n is a Set; y : Sphere n = subtype; y.2 : y.1 ∈ Metric.sphere 0 1; ‖(y : E)‖ = 1 via mem_sphere_zero_iff_norm.mp y.2 ✓.
  rw [hnorm]
  -- goal: (λ)⁻¹ • (λ • y) = y
  rw [smul_smul, inv_mul_cancel (ne_of_gt hλpos), one_smul]
```
`(λ)⁻¹ • (λ • y) = ((λ)⁻¹ * λ) • y` via smul_smul — wait smul_smul: a₁ • a₂ • b = (a₁ * a₂) • b — so (λ⁻¹) • (λ • y) = (λ⁻¹ * λ) • y ✓.

hλpos: λ = -c·m⁻¹: -c = -(positive) < 0... wait: -c where c > 0 ⟹ -c < 0. m⁻¹ < 0 (m < 0 ⟹ inv < 0: `inv_lt_zero : a⁻¹ < 0 ↔ a < 0`? there's `inv_lt_zero` for LinearOrderedField: `inv_lt_zero.mpr (simplexMin_neg_of_unit n y.2)`). Product of two negatives > 0: `mul_pos_of_neg_of_neg : a < 0 → b < 0 → 0 < a*b` ✓.

G(F(s)) = s:
```lean
theorem sphereToSimplexBoundary_simplexBoundaryToSphere (n) (s : SimplexBoundaryFn n) :
    sphereToSimplexBoundary n (simplexBoundaryToSphere n s) = s := by
  apply Subtype.ext
  apply funext  -- s : Fin (n+2) → ℝ
  intro i
  -- LHS i = c + λ(y)·d(y)_i where y = F(s) = t⁻¹ • u, u = trunc s, t = ‖u‖
```
Work: let y := simplexBoundaryToSphere n s, u := truncToCenter n s, t := ‖u‖. y = t⁻¹ • u. Key: d(y) = (s - c)/t pointwise (over Fin (n+2)):
- d(y) j.castSucc = y j = (t⁻¹ u) j = u_j / t = (s j.castSucc - c)/t ✓.
- d(y) last = -∑y = -(∑u)/t = -(∑_j (s j.castSucc - c))/t = (s last - c)/t — since ∑_j (s j.castSucc - c) = (1 - s last) - (n+1)c = c - s last ⟹ negative = s last - c ✓.

Then m(y) = ⨅d = (⨅(s-c))/t = (0 - c)/t = -c/t (s ∈ boundary: ⨅s = 0 via simplexMin_eq_zero_of_mem_boundary + hs.1). λ = -c·m⁻¹ = -c·(-c/t)⁻¹ = -c·(-t/c) = t. Then G(y)_i = c + t·(s_i - c)/t = s_i.

Formal plan:
```lean
  let u := truncToCenter n s
  let t := ‖u‖
  have htpos : 0 < t := norm_pos_iff.mpr (truncToCenter_ne_zero (by simpa using s.2))
  -- hmm s : SimplexBoundaryFn n, s.2 : s.1 ∈ SimplexBoundaryFn n
  have hdir : ∀ i : Fin (n+2), simplexDir n (t⁻¹ • u) i = (s i - simplexCenter n) / t := by
    intro i
    refine Fin.lastCases (n := n+1) (motive := fun i => simplexDir n (t⁻¹ • u) i = (s i - simplexCenter n) / t) ?_ ?_ i
    · -- last
      -- LHS: -∑ j, (t⁻¹ • u) j ; RHS: (s last - c)/t
      have hsumu : (∑ j : Fin (n+1), (t⁻¹ • u) j) = (∑ j, (s j.castSucc - simplexCenter n)) / t := by
        rw [← Finset.mul_sum]  -- hmm: ∑ (t⁻¹ • u) j = ∑ (t⁻¹ * u j) = t⁻¹ * ∑ u j — smul on functions: (t⁻¹ • u) j = t⁻¹ * u j ✓ (pointwise smul)
        ...
      -- then use: ∑_j (s j.castSucc - c) = c - s last via s sum = 1
      have hsumdiff : (∑ j : Fin (n+1), (s j.castSucc - simplexCenter n)) = simplexCenter n - s (Fin.last (n+1)) := by
        have hsums : (∑ i : Fin (n+2), s i) = 1 := s.2.2.1
        rw [Fin.sum_univ_castSucc] at hsums
        -- hsums : ∑ j, s j.castSucc + s last = 1
        -- want ∑ (s j.castSucc - c) = c - s last
        -- LHS = ∑ s j.castSucc - (n+1)c = (1 - s last) - (n+1)c ; RHS = c - s last ⟺ 1 = (n+2)c ✓
        linarith [hsums, ...]? 
```
Hmm — linarith can handle: from hsums: ∑s = 1 - s_last. Need (∑s) - (n+1)c = c - s_last ⟺ 1 - s_last - (n+1)c = c - s_last ⟺ 1 = (n+2)c. So:
```lean
        calc
          (∑ j : Fin (n+1), (s j.castSucc - simplexCenter n))
              = (∑ j : Fin (n+1), s j.castSucc) - (n+1) * simplexCenter n := by
                  rw [Finset.sum_sub_distrib, Finset.sum_const, Finset.card_fin]; ring
          _ = simplexCenter n - s (Fin.last (n+1)) := by
                  -- from hsums
                  have hc : (n + 2 : ℕ) * simplexCenter n = 1 := by
                    dsimp [simplexCenter]
                    field_simp [Nat.cast_ne_zero.mpr (by norm_num : n + 2 ≠ 0)]
                  rw [← Finset.sum_add_sdiff?]... 
                  linarith [hsums, hc]
```
hmm — careful with `(n+1) * c` vs `((n+1 : ℕ) : ℝ) * c` — Finset.sum_const gives `(n+1 : ℕ) • c`? `∑ j : Fin (n+1), c = (Fintype.card (Fin (n+1))) • c = (n+1) • c` — nsmul. Then ring handles `(n+1)•c` — but hc has `(n+2:ℕ) * c`. nsmul vs mul mismatch — `nsmul_eq_mul` simp converts? For semiring, `(n+1)•c = ((n+1:ℕ):ℝ) * c` ✓ (nsmul_eq_mul). So `simp only [nsmul_eq_mul]` first, or let ring_nf handle. linarith handles nsmul? `linarith` can deal with `(n+1) • c`? It normalizes via `norm_num`/ring... I'll make the calc shape explicit with nsmul_eq_mul. Fine — iterate.

This last direction is the most involved. Let me now also confirm which boundary condition pieces I use: s.2 : s ∈ SimplexBoundaryFn n — the predicate `0 ≤ s ∧ (∑ i, s i) = 1 ∧ 0 ∈ Set.range s` — s.2.1 : 0 ≤ s (Pi le), s.2.2.1 : ∑ = 1, s.2.2.2 : 0 ∈ range s.

m(y) computation: m = ⨅d = ⨅(s-c)/t: `⨅ i, ((s i - c)/t) = (⨅ i, (s i - c))/t` — ciInf over scaled... need a lemma: ⨅ (f/t) = (⨅f)/t for t > 0. For conditionally complete lattices with linear ordered field: `ciInf_div`? There's `ciInf_div_const`? Hmm — in mathlib: `ciInf_div_const`? Let me probe: `ciInf_const_mul`, `ciInf_div`... For ℝ: `ciInf_div_const : (⨅ i, f i / b) = (⨅ i, f i) / b`? There might be `ciInf_div` under positivity... Let me check. If missing, prove directly:
- `(⨅ i, (s i - c)/t) ≤ (⨅i, (s i - c))/t`: for all i: (⨅i,(s i - c))/t ≤ (s i - c)/t ⟹ le_ciInf. Division by positive t preserves order ✓.
- `(⨅i, (s i - c))/t ≤ ⨅ i, ((s i - c)/t)`: pick attaining i₀ (s i₀ - c = ⨅): then LHS = (s i₀ - c)/t which is ≥ ⨅ (ciInf_le). ✓
Both directions need attainment in one and le_ciInf in the other — doable without extra API. Then ⨅(s - c) = (⨅s) - c: `ciInf_sub_const`? hmm — or again two-directional with attainment. Actually simpler: ⨅(s - c) = (⨅s) - c: 
- ≥: le_ciInf: ∀i, (⨅s) - c ≤ s i - c ✓.
- ≤: attain i₀ with s i₀ = ⨅s (exists_eq_ciInf_of_finite on s): then s i₀ - c = (⨅s) - c and ⨅(s-c) ≤ s i₀ - c (ciInf_le) ✓.

Hmm — this is a lot of two-directional inf algebra. Alternatively write helper lemmas in terms of `IsLeast`... Actually — wait, simpler: I can avoid the ⨅(s-c)/t business by choosing a cleaner formula for λ! Note m(y) = (⨅s - c)/t = -c/t where ⨅s = 0. But rather than computing λ = t, I can avoid computing m at all: prove G(F(s)) = s by showing G(F(s)) is on the ray {c + r·(s - c) : r ∈ ℝ} and has a zero coordinate, forcing r = 1 — hmm, that's essentially the same computation.

Alternatively — structure the G∘F proof around the fact that d(y) = (s-c)/t and m(y) = -c/t directly:
```lean
  have hm : simplexMin n (t⁻¹ • u) = -simplexCenter n / t := by
    -- m = ⨅ d = ⨅ ((s - c)/t)
    rw [show simplexMin n (t⁻¹ • u) = ⨅ i : Fin (n+2), ((s i - simplexCenter n) / t) by
      apply congrArg (fun f => ⨅ i, f i)? 
```
Hmm — actually cleaner: `simplexMin n (t⁻¹ • u) = ⨅ i, simplexDir n (t⁻¹ • u) i = ⨅ i, (s i - c)/t` — the second equality via funext hdir: `by congr; ext i; exact hdir i` — then compute ⨅ ((s - c)/t) = -c/t:

```lean
    have hinf1 : (⨅ i : Fin (n+2), (s i - simplexCenter n) / t) = (⨅ i : Fin (n+2), (s i - simplexCenter n)) / t := by
      apply le_antisymm
      · -- ≤
        apply ciInf_le (f := fun i => (s i - c) / t) ?_ _  -- hmm — ⨅(f/t) ≤ (⨅f)/t
```
ugh, wait: direction: `(⨅ i, f i / t) ≤ (⨅ i, f i) / t`:
```lean
        apply le_of_forall_lt_iff_le?  
```
Hmm — cleaner: since division by t > 0 is an order-isomorphism: mathlib: `div_le_div_right ht`? For cInf: use `le_csInf_iff`? ℝ: `le_csInf : (a ≤ sInf s) ↔ ∀ b ∈ s, a ≤ b` (with bddBelow + nonempty). So:
```lean
      · apply le_csInf (by exact Set.range_nonempty _)  -- need BddBelow instance — range of finite → bddBelow
        rintro x ⟨i, rfl⟩
        -- x = (s i - c)/t; show (⨅ i, s i - c)/t ≤ (s i - c)/t — but that's the OTHER side!
```
Hmm I mixed directions. Let me redo: want `⨅ i, (f i / t) = (⨅ i, f i)/t`:
- ≤: `⨅ i, (f i/t) ≤ (⨅i, f i)/t`: it suffices: for all i: ⨅(f/t) ≤ f i/t; then ⨅(f/t) ≤ ... no wait that gives lower bounds not the target. Use `le_csInf`: show ∀ b ∈ range (fun i => f i / t), (⨅ f)/t ≤ b: i.e. (⨅f)/t ≤ f i/t — from ⨅f ≤ f i and 0 < t: `div_le_div_of_nonneg_right (ciInf_le ... i) (le_of_lt htpos)`? there's `div_le_div_right`-style: `(div_le_div_right htpos)`? For a ≤ b and c > 0: a/c ≤ b/c — `div_le_div_of_nonneg_right`? with c = t: `div_le_div_right ht : a ≤ b → a / t ≤ b / t`? Hmm, `div_le_div_right` is for... In a LinearOrderedSemifield: `div_le_div_right (h : 0 < c) : a/c ≤ b/c ↔ a ≤ b`. OK so exact `(div_le_div_right htpos).mpr (ciInf_le _ i)`.
- ≥: `(⨅f)/t ≤ ⨅(f/t)`: by le_ciInf (f := fun i => f i / t): ∀i, (⨅f)/t ≤ f i/t — same argument ✓. So BOTH directions via le_ciInf! No attainment needed:

```lean
    apply le_antisymm
    · apply le_ciInf
      intro i
      exact (div_le_div_right htpos).mpr (ciInf_le (f := fun i => s i - c) ?bddBelow i)
    · apply le_ciInf
      intro i
      exact (div_le_div_right htpos).mpr (ciInf_le (f := fun i => s i - c) ?bddBelow i)
```
Wait — the FIRST direction: `⨅ i, (f i/t) ≤ (⨅ i, f i)/t`: le_ciInf gives `a ≤ ⨅(f/t)` from ∀i a ≤ f i/t. That's the WRONG direction — I need ⨅(f/t) ≤ target. Hmm: `le_ciInf` produces LOWER bounds for the iInf. So: ⨅(f/t) ≤ (⨅f)/t — use `le_csInf`-for-iInf: `ciInf_le_iff`? For ConditionallyCompleteLattice: `ciInf_le_iff : (iInf f ≤ a) ↔ ∀ b, (∀ i, b ≤ f i) → b ≤ a`? Hmm that exists? Alternatively use csInf formulation: `iInf f = sInf (range f)` and `le_csInf (h : BddBelow s) (hs : s.Nonempty) : a ≤ sInf s ↔ ∀ b ∈ s, a ≤ b` — `le_csInf` gives `a ≤ sInf s` from lower bound property. So first direction: apply le_csInf to s = range (fun i => f i/t): show ∀ b ∈ range, (⨅f)/t ≤ b: exact the div_le_div_right argument ✓. 

OK so:
```lean
    have hinf1 : (⨅ i : Fin (n+2), ((s i - simplexCenter n) / t)) = (⨅ i : Fin (n+2), (s i - simplexCenter n)) / t := by
      apply le_antisymm
      · -- ⨅(f/t) ≤ (⨅f)/t
        refine le_csInf ?_ (Set.range_nonempty _)
        rintro b ⟨i, rfl⟩
        exact (div_le_div_right htpos).mpr (ciInf_le (f := fun i : Fin (n+2) => s i - simplexCenter n) ?_ i)
      · -- (⨅f)/t ≤ ⨅(f/t)
        exact le_ciInf (f := fun i : Fin (n+2) => (s i - simplexCenter n) / t) (fun i => (div_le_div_right htpos).mpr (ciInf_le ?_ i))
```
Hmm — wait the first direction: le_csInf needs (a ≤ sInf s ↔ ∀ b ∈ s, a ≤ b) with a = (⨅f)/t. ✓ as written.

BddBelow issues: `le_csInf` signature: `le_csInf {s : Set α} {a : α} (h₁ : BddBelow s) (h₂ : s.Nonempty) : a ≤ sInf s ↔ ∀ b ∈ s, a ≤ b`. BddBelow (range (f/t)): finite range → `Set.Finite.bddBelow`? Let me probe that name. And ciInf_le needs `BddBelow (Set.range f)`.

Hmm, actually — does mathlib provide `bddBelow_range` as an instance for finite ranges? Let me probe `Set.Finite.bddBelow`, `bddBelow_range`. If there's an instance `(Set.finite_range f).bddBelow`? For ℝ: finite → bddBelow/bddAbove instances might exist as `Set.Finite.bddBelow`? I'll probe. Fallback: `Set.Finite.bddBelow` theorem.

Then:
```lean
    have hinf2 : (⨅ i : Fin (n+2), (s i - simplexCenter n)) = (⨅ i : Fin (n+2), s i) - simplexCenter n := by
      apply le_antisymm
      · -- ⨅(s-c) ≤ ⨅s - c: le_csInf on range (s - c): ∀ b ∈ range, ⨅s - c ≤ b
        refine le_csInf ?_ (Set.range_nonempty _)
        rintro b ⟨i, rfl⟩
        exact sub_le_sub_right (ciInf_le ?_ i) (simplexCenter n)
      · -- ⨅s - c ≤ ⨅(s-c): le_ciInf: ∀i, ⨅s - c ≤ s i - c
        exact le_ciInf (fun i => sub_le_sub_right (ciInf_le ?_ i) (simplexCenter n))
    have hinf3 : (⨅ i : Fin (n+2), s i) = 0 := simplexMin_eq_zero_of_mem_boundary n s.2 -- hmm — s : SimplexBoundaryFn n; s.2 : ↑s ∈ SimplexBoundaryFn n
    -- combine: m(y) = (0 - c)/t = -c/t
    calc
      simplexMin n (t⁻¹ • u) = ⨅ i : Fin (n+2), simplexDir n (t⁻¹ • u) i := rfl
      _ = ⨅ i : Fin (n+2), (s i - simplexCenter n) / t := by congr; ext i; exact hdir i
      _ = -simplexCenter n / t := by rw [hinf1, hinf2, hinf3]; field_simp? (0 - c)/t = -c/t: ring
```
Hmm `(⨅s) - c` with ⨅s = 0: `0 - c = -c` ring ✓.

Then λ(y) = -c·m⁻¹ = -c·(-c/t)⁻¹ = -c·(-t/c)... let me use field_simp: m = -c/t ⟹ m⁻¹ = -t/c (c ≠ 0, t ≠ 0): λ = -c·m⁻¹ = -c·(-t/c) = t:
```lean
    have hlambda : simplexLambda n (t⁻¹ • u) = t := by
      dsimp [simplexLambda]
      rw [hm]
      -- goal: -c * (-c / t)⁻¹ = t
      have hc : simplexCenter n ≠ 0 := ne_of_gt (simplexCenter_pos n)
      field_simp [hc, ne_of_gt htpos]  -- -c * (t/(-c)) ... hmm — (-c/t)⁻¹ = -t/c? inv_neg: (-c/t)⁻¹ = -(c/t)⁻¹ = -t/c ✓
      ring
```
`field_simp` should clear it; then ring.

Then final:
```lean
  -- G(y) i = c + t * (s i - c)/t = s i
  calc
    sphereToSimplexBoundary n (simplexBoundaryToSphere n s) i
        = simplexCenter n + simplexLambda n (t⁻¹ • u) * simplexDir n (t⁻¹ • u) i := rfl
    _ = simplexCenter n + t * ((s i - simplexCenter n) / t) := by rw [hlambda, hdir]
    _ = s i := by field_simp [ne_of_gt htpos]; ring
```
Wait — `sphereToSimplexBoundary n (simplexBoundaryToSphere n s) i` — simplexBoundaryToSphere n s = ⟨t⁻¹ • u, memproof⟩ — as a Sphere element. `sphereToSimplexBoundary n y` = fun i => c + λ y * d y i — its `y` argument is the Sphere element; inside, `simplexLambda n y` uses `y : EuclideanSpace` — since y is a Sphere (subtype), need coercion: `simplexLambda n (y : EuclideanSpace ...)` — I'll define sphereToSimplexBoundary to take y : Sphere n and use (y : E) inside. Fine.

Also — the `i` in the goal: s i — s : SimplexBoundaryFn n (subtype) — need `(s : Fin (n+2) → ℝ) i`. Careful with coercions.

Also F(G(y)) = y — done above.

Then the homeo:
```lean
noncomputable def simplexBoundaryFnHomeoSphere (n : ℕ) : SimplexBoundaryFn n ≃ₜ Sphere n where
  toEquiv :=
    { toFun := simplexBoundaryToSphere n
      invFun := sphereToSimplexBoundary n
      left_inv := simplexBoundaryToSphere_sphereToSimplexBoundary n
      right_inv := sphereToSimplexBoundary_simplexBoundaryToSphere n }
  continuous_toFun := continuous_simplexBoundaryToSphere n
  continuous_invFun := continuous_sphereToSimplexBoundary n
```
Careful: left_inv : invFun (toFun x) = x — i.e. G(F(s)) = s — that's `sphereToSimplexBoundary_simplexBoundaryToSphere`. And right_inv : toFun (invFun y) = y — F(G(y)) = y. ✓ mapping as written.

Naming: keep as the MoiseBranch name later.

Transfer to Convexity.StdSimplex:

```lean
/-- The boundary of the standard simplex as a `Convexity.StdSimplex`-subtype — matches the
statement recorded in `MoiseBranch.simplexBoundaryHomeoSphere`. -/
def SimplexBoundary (n : ℕ) := {x : Convexity.StdSimplex ℝ (Fin (n + 2)) // 0 ∈ Set.range (fun i : Fin (n + 2) => (x.weights : Fin (n + 2) → ℝ) i)}
```
Hmm — note the MoiseBranch statement: `0 ∈ Set.range fun i : Fin (n + 2) => x.weights i` where `x.weights i` : ℝ via Finsupp coercion — `(x.weights i : ℝ)` — the same thing. Definitional: `x.weights i` — Finsupp has CoeFun — `x.weights i` elaborates as (⇑x.weights) i ✓.

```lean
noncomputable def simplexBoundaryHomeoBoundaryFn (n : ℕ) :
    SimplexBoundary n ≃ₜ SimplexBoundaryFn n := by
  let e := Convexity.StdSimplex.isEmbedding_toFun_comp_weights (R := ℝ) (M := Fin (n + 2))
  -- e : Topology.IsEmbedding fun t => ⇑t.weights
  refine (e.homeomorphImage {x : Convexity.StdSimplex ℝ (Fin (n+2)) | 0 ∈ Set.range (fun i : Fin (n+2) => (x.weights : Fin (n+2) → ℝ) i)}).trans ?_
  · -- setCongr: (fun t => ⇑t.weights) '' {x | ...} = SimplexBoundaryFn n
    refine Homeomorph.setCongr ?_
    ext s
    ... two directions as sketched ...
```
Hmm — e.homeomorphImage {x | P x} : ↑{x | P x} ≃ₜ ↑(weights '' {x | P x}). And ↑{x | P x} = SimplexBoundary n definitionally? `{x : StdSimplex // P x}` vs `{x : StdSimplex | P x}` — both are the subtype type; the set {x | P x} coerced ↑ gives the subtype — same type (Subtype P) ✓ definitional.

Then setCongr (h : weights '' {x | P x} = SimplexBoundaryFn n) : ↑(weights '' ...) ≃ₜ ↑(SimplexBoundaryFn n). Need h:
```lean
    ext s
    constructor
    · rintro ⟨x, hx, rfl⟩
      -- s = ⇑x.weights ∈ SimplexBoundaryFn n: 0 ≤ s ∧ ∑ = 1 ∧ 0 ∈ range s
      rw [Set.mem_setOf_eq]
      constructor
      · rw [Pi.le_def]; intro i; exact x.weights_nonneg i
      · constructor
        · exact (Convexity.StdSimplex.total_of_fintype x)
        · exact hx
    · intro hs
      rw [Set.mem_setOf_eq] at hs
      rcases hs with ⟨hnonneg, hsum, hzero⟩
      -- construct x
      refine ⟨⟨Convexity.StdSimplex.mk (Finsupp.equivFunOnFinite.symm s) ?_ ?_⟩, ?_, ?_⟩
      · -- nonneg: 0 ≤ weights — Finsupp pointwise: 0 ≤ weights ⟺ ∀ i, 0 ≤ weights i
        intro i
        rw [Finsupp.coe_equivFunOnFinite_symm]
        rw [Pi.le_def] at hnonneg
        exact hnonneg i
      · -- total: weights.sum = 1
        -- via Finsupp.sum_fintype: weights.sum (fun _ r => r) = ∑ i, s i
        rw [Finsupp.sum_fintype]  -- need h : ∀ i, (fun _ r => r) i 0 = 0 ✓ by simp
        · simpa [Finsupp.coe_equivFunOnFinite_symm] using hsum
        · intro i; simp
      · -- the coercion: ⇑weights = s
        exact Finsupp.coe_equivFunOnFinite_symm s
      · -- 0 ∈ range of weights
        -- = 0 ∈ range s via coe
        simpa [Finsupp.coe_equivFunOnFinite_symm] using hzero
```
Note the mk: `Convexity.StdSimplex.mk (weights : X →₀ R) (nonneg : 0 ≤ weights) (total : (weights.sum fun x r => r) = 1)`. nonneg : 0 ≤ weights — Finsupp pointwise order — `intro i` gives 0 ≤ weights i? `0 ≤ weights` unfolds to ∀ i, 0 ≤ weights i ✓ (Finsupp.instLE). ✓

Then the main theorem:
```lean
noncomputable def simplexBoundaryHomeoSphere (n : ℕ) :
    SimplexBoundary n ≃ₜ Sphere n :=
  (simplexBoundaryHomeoBoundaryFn n).trans (simplexBoundaryFnHomeoSphere n)
```
And an `example` matching the MoiseBranch statement — actually make the MAIN def literally the statement shape: MoiseBranch says `{x : Convexity.StdSimplex ℝ (Fin (n+2)) // 0 ∈ Set.range (fun i : Fin (n+2) => x.weights i)}` — my SimplexBoundary def matches (modulo the redundant coercion annotation). Since MoiseBranch defines `simplexBoundaryHomeoSphere : Prop := ∀ n, Nonempty ({x : ...} ≃ₜ ...)`, I'll add to MoiseBranch.lean:
```lean
example (n : ℕ) : Nonempty ({x : Convexity.StdSimplex ℝ (Fin (n + 2)) //
    0 ∈ Set.range fun i : Fin (n + 2) => x.weights i} ≃ₜ
      Metric.sphere (0 : EuclideanSpace ℝ (Fin (n + 1))) 1) :=
  ⟨simplexBoundaryHomeoSphere n⟩
```
— check the types unify (my SimplexBoundary uses `(x.weights : Fin (n+2) → ℝ) i` — with Finsupp CoeFun the coercion is transparent: `x.weights i` — should be defeq).

Alright — also need to double check: `Convexity.StdSimplex ℝ (Fin (n+2))` requires `[LE ℝ] [AddCommMonoid ℝ] [One ℝ]` ✓ automatic.

Non-vacuity / shape test: also prove Δ² boundary ≅ S¹ example: `example : SimplexBoundary 1 ≃ₜ Sphere 1` via simplexBoundaryHomeoSphere 1 — plus compactness/nonemptiness instances: `simplexBoundaryCompactSpace`, `simplexBoundaryNonempty` (witness: single vertex — e.g. weights = single 0: StdSimplex.single (0 : Fin (n+2)) — `Convexity.StdSimplex.single x` with weights = .single x 1 — 0 ∈ range ✓ since... single 0 has weights i = 0 for i ≠ 0? weights .single x 1 = Finsupp.single x 1: at i ≠ 0: 0 ✓. So witness ⟨StdSimplex.single 0, ⟨1, by simp⟩⟩. And compactness: subtype of compact StdSimplex (closed subset?) — closed: {x | 0 ∈ range weights} = ⋃_i {x | weights i = 0} closed... For CompactSpace instance: use `isCompact` of the set? As an instance: `[CompactSpace (SimplexBoundary n)]` — hmm: subtype compact iff set compact: `isCompact_iff_compactSpace`. The set {x | 0 ∈ range weights} = ⋃ i, {x | weights i = 0} = preimage under closed... {x | weights i = 0} closed since weights i continuous → but I have the induced topology equivalence — hmm, continuity of weights i w.r.t. GLOBAL topology — I don't have it directly! (That was the original topology issue.) Hmm — but for compactness of SimplexBoundary I can use the homeo I just proved: SimplexBoundary n ≃ₜ Sphere n and Sphere n compact → `Homeomorph.compactSpace`! There's `Homeomorph.compactSpace : [CompactSpace X] (h : X ≃ₜ Y) : CompactSpace Y`? I think `Homeomorph.compactSpace` exists. ✓ clean — no need to touch StdSimplex topology directly.

Same for T2: `Homeomorph.t2Space` ✓ and nonempty: `Homeomorph.nonempty`. Actually — since I have the homeo, derive all three audits via the homeo from Sphere n. 

But WAIT — the homeo `simplexBoundaryHomeoSphere` is built from `simplexBoundaryHomeoBoundaryFn` which used `e.homeomorphImage` — `Topology.IsEmbedding.homeomorphImage` — continuous both ways ✓ no compactness needed. Good.

Similarly, the dimension audit: ∂Δ^{n+1} ⊂ ℝ^{n+2}, dim n+1... statement: ∂Δ⁴ ≃ₜ S³: `example : SimplexBoundary 3 ≃ₜ Sphere 3` — plus connect to SphereThree (ℝ⁴): `example : SimplexBoundary 3 ≃ₜ Poincare.Longrun.Topology.SphereThree` — SphereThree = Sphere 3? Downstream.lean has sphereThree_eq_sphere3 : SphereThree = Sphere 3 presumably (definitional or lemma). Let me check Downstream.lean for the exact equivalence — `sphereThree_eq_sphere3` in the proved list. So compose homeo with an Eq-based homeo: `Homeomorph.setCongr`? sphereThree_eq_sphere3 : SphereThree = Sphere 3 — hmm what's the exact type? From proved_declarations: "Poincare.D12.TriangulationTopology.sphereThree_eq_sphere3" and "disk3_boundary_eq_sphere2". Let me check its statement in Downstream.lean.

This gives the triangulation realization: |∂Δ⁴| ≃ₜ S³ — the standard 4-simplex boundary triangulates the 3-sphere. That's the "concrete geometric-realization statement for a finite complex" — excellent milestone content.

Also — do I want the n=0 edge case sanity: SimplexBoundary 0 = ∂Δ¹ = {two points} ≃ₜ Sphere 0 = S⁰ = {±1} — the proof goes through with n = 0 uniformly (Fin (0+2) = Fin 2). Good — proves nondegenerate small case automatically.

Now, before writing the file, quickly probe the remaining uncertain API names: `le_csInf`, `Set.Finite.bddBelow`, `bddBelow_range`, `continuous_finset_sum`, `Continuous.prodMk`, `continuous_swap`, `Finset.sum_eq_zero_iff_of_nonneg`, `norm_pos_iff`, `norm_ne_zero_iff`, `Continuous.norm`, `Continuous.smul`, `inv_lt_zero`, `mul_pos_of_neg_of_neg`, `div_le_div_right`, `Fin.lastCases` simp lemmas, `Fin.sum_univ_castSucc`, `Finset.sum_const`, `Finset.card_fin`, `Homeomorph.compactSpace`, `Homeomorph.t2Space`, `Homeomorph.nonempty`? (or `Homeomorph.instNonempty`?). Let me probe.
dsh: reasoning:
Almost everything is available. Notes:
- `div_le_div_right` unknown — use `div_le_div_of_nonneg_right`? Let me recall: mathlib has `div_le_div_right : 0 < c → (a / c ≤ b / c ↔ a ≤ b)`? The probe says unknown — maybe it's `div_le_div_right'` or `div_le_div₀`? Hmm. Let me check `div_le_div_of_nonneg_right`. I'll handle in-file with a probe fix: `div_le_div_of_nonneg_right (hab) (le_of_lt ht)` — signature: `div_le_div_of_nonneg_right {a b c : α} (hab : a ≤ b) (hc : 0 ≤ c) : a / c ≤ b / c`. That's enough (0 < t → 0 ≤ t).
- `bddBelow_range` unknown — use `(Set.finite_range f).bddBelow` — needs `[IsCodirectedOrder ℝ]`? ℝ has IsCodirectedOrder? For a linear order, codirected = any two have a lower bound — yes: `IsCodirectedOrder ℝ`? Hmm — instance `instIsCodirectedOrder`? For LinearOrder: `IsCodirectedOrder` is automatic? There's `OrderBot.toIsCodirectedOrder`... for ℝ (no OrderBot) hmm. Actually — there might be an instance for any `SemilatticeInf`: `IsCodirectedOrder` from SemilatticeInf: `SemilatticeInf.toIsCodirectedOrder`. ℝ is a SemilatticeInf (lattice) — so instance exists ✓. And `Set.Finite.bddBelow` also needs `[Nonempty ℝ]` ✓.
- `sInf_eq` unknown — not needed.
- `Continuous.sInf` unknown — not needed (IsCompact.continuous_sInf instead).
- `Homeomorph.nonempty` unknown — there's probably `Homeomorph.nonemptySpace`? hmm — for Nonempty instance transfer: I can prove `[Nonempty X] → Nonempty Y` via `⟨h default⟩`. Fine — write instance manually: `instance simplexBoundaryNonempty (n) : Nonempty (SimplexBoundary n) := ⟨(simplexBoundaryHomeoSphere n).symm (by classical exact default)⟩` — need Nonempty (Sphere n) = sphereNonempty ✓.

- For `IsCompact.continuous_sInf`, `Continuous ↿f`: `↿f` where f : γ → β → α — for the uncurried continuity use `continuous_prod_of_discrete_left`? It's for α × β → γ with discrete α: `Continuous f ↔ ∀ a, Continuous (fun x => f (a, x))` — for my case: ↿f : (EuclideanSpace × Fin) → ℝ — hmm, the product order: γ × β. I want ∀ i, Continuous (fun y => f y i). `continuous_prod_of_discrete_left` applies to domain α × β with DISCRETE α — I need discrete SECOND component: use `continuous_prod_of_discrete_left` with swapped product? `Continuous (fun p => f p.1 p.2)` ⟺ ∀ i, Continuous (fun y => f y i): first swap: Continuous (fun p : Fin × E => f p.2 p.1) = swap ∘ ↿f — `(continuous_swap.comp ?)`... circular. Alternatively — the domains: γ = EuclideanSpace, β = Fin (n+2). Define g : Fin (n+2) × EuclideanSpace → ℝ, g (i, y) = simplexDir n y i. Continuous g ⟺ ∀ i, Continuous (fun y => g (i, y)) = simplexDir n y i ✓ via continuous_prod_of_discrete_left (α := Fin (n+2)). And ↿f = g ∘ Prod.swap: `Continuous ↿f = (continuous g).comp continuous_swap`? wait ↿f : E × Fin → ℝ, (p : E × Fin) ↦ f p.1 p.2 = g (p.2, p.1) = g (Prod.swap p). So ↿f = g ∘ Prod.swap — `(hg.comp continuous_swap)` — need order: g ∘ swap : E × Fin → ℝ ✓.

Good. Now, one more check on `le_csInf`: signature `(h₁ : s.Nonempty) (h₂ : ∀ b ∈ s, a ≤ b) : a ≤ sInf s` — no BddBelow needed ✓ (nice — because sInf is defined via the conditionally complete lattice's csInf and le_csInf only needs the lower-bound direction).

Also for `Set.Finite.bddBelow` needed in ciInf_le — `(Set.finite_range (fun i : Fin (n+2) => s i - c)).bddBelow` — the argument `(hs : s.Finite)` ✓.

Now — the crucial remaining uncertainty: `Fin.lastCases` simp lemmas ✓ (`Fin.lastCases_last`, `Fin.lastCases_castSucc`).

`IsCompact.continuous_sInf` needs α = ℝ: [ConditionallyCompleteLinearOrder ℝ] ✓ [OrderTopology ℝ] ✓ (instance exists? ℝ's uniform topology = order topology instance — mathlib has `instOrderTopology`? There's `OrderTopology ℝ` via `orderTopology_of_ordConnected`? I believe the default instance on ℝ makes OrderTopology available — ℝ topology instance is the order topology: mathlib: `instance : OrderTopology ℝ := ⟨rfl⟩`? something — it exists.)

Let me now also double-check `truncToCenter` coordinates approach with WithLp.equiv congrArg — reuse pattern from esnoc_injective2.

One more design point — the `Sphere n` elements: `y : Sphere n` = Subtype (Metric.sphere 0 1). `y.2 : (y : EuclideanSpace ℝ (Fin (n+1))) ∈ Metric.sphere 0 1`. `mem_sphere_zero_iff_norm.mp y.2 : ‖(y : E)‖ = 1` ✓.

Now let me also double check `simplexDir` continuity lemma: `continuous_finset_sum` for `∑ j : Fin (n+1), y j`: `continuous_finset_sum Finset.univ (fun j => continuous_apply j)` — signature: `(s : Finset ι) : (∀ i ∈ s, Continuous (f i)) → Continuous fun a => ∑ i ∈ s, f i a` — note `∑ i ∈ s, f i a` — with s = univ and simp: `∑ i, f i a`. OK.

Let me also think about `Continuous (fun y : EuclideanSpace ℝ (Fin (n+1)) => simplexMin n y)` — `change Continuous (fun y => sInf (Set.range (simplexDir n y)))` — `simplexMin` is `⨅ i, simplexDir n y i` — iInf for ℝ unfolds to sInf (range f)? `iInf f` for ConditionallyCompleteLattice := sInf (Set.range f) — yes definitionally. So `change` should work or `simpa [simplexMin, Set.image_univ] using IsCompact.continuous_sInf ...`. Hmm — the goal after applying IsCompact.continuous_sInf is `Continuous fun x => sInf (f x '' K)` where f x i = simplexDir n x i and K = Set.univ. Then `(f x) '' Set.univ = Set.range (f x)` by image_univ — `simpa [Set.image_univ, simplexMin]`. Hmm careful: `sInf ((fun x => ...) '' Set.univ)` — after simp [Set.image_univ] it becomes `sInf (Set.range (fun i => simplexDir n x i))` and simplexMin unfolds to `⨅ i, simplexDir n x i` = sInf (range ...) — simp might not unfold the iInf def; use `change`... Let me write it as:
```lean
theorem continuous_simplexMin (n) :
    Continuous (fun y : EuclideanSpace ℝ (Fin (n + 1)) => simplexMin n y) := by
  change Continuous fun y : EuclideanSpace ℝ (Fin (n + 1)) => sInf (Set.range (simplexDir n y))
  have h := IsCompact.continuous_sInf (α := ℝ) (β := Fin (n + 2)) (γ := EuclideanSpace ℝ (Fin (n + 1)))
    (f := fun y : EuclideanSpace ℝ (Fin (n + 1)) => simplexDir n y) (K := Set.univ)
    isCompact_univ ?hf
  simpa [Set.image_univ] using h
```
with hf : Continuous ↿(fun y => simplexDir n y) proved as above. `change` — does `⨅ i, f i` reduce to sInf (range f) with `change`? `change` uses defeq — yes.

Now — writing time. I'll also need `Subtype.ext` for F(G(y)) = y; `PiLp.ext` for vector equalities.

For the SimplexBoundaryFn subtype: `s : SimplexBoundaryFn n` — I define `abbrev SimplexBoundaryFn (n) := {s : Fin (n+2) → ℝ // s ∈ simplexBoundarySet n}`? Or make it the Set itself and coerce. Cleaner: define the predicate set and use subtype type directly in the theorem:

```lean
def simplexBoundarySet (n : ℕ) : Set (Fin (n + 2) → ℝ) :=
  {s | 0 ≤ s ∧ (∑ i, s i) = 1 ∧ 0 ∈ Set.range s}
abbrev SimplexBoundaryFn (n : ℕ) := simplexBoundarySet n
```
Then `s : SimplexBoundaryFn n` is a subtype; `(s : Fin (n+2) → ℝ)`; `s.2 : ↑s ∈ simplexBoundarySet n`.

For F's definition:
```lean
def truncToCenter (n : ℕ) (s : Fin (n + 2) → ℝ) : EuclideanSpace ℝ (Fin (n + 1)) :=
  WithLp.toLp 2 (fun j : Fin (n + 1) => s j.castSucc - simplexCenter n)
```

Careful: `s j.castSucc` — j.castSucc : Fin (n+2) ✓ (j : Fin (n+1) → castSucc : Fin (n+1) → Fin (n+2)) ✓.

Let me also reconsider potential trouble: `(‖truncToCenter n s‖)⁻¹ • truncToCenter n s` — smul by ℝ⁻¹ — `inv` on ℝ ✓.

Also for the hdir lemma I need `(t⁻¹ • u) j = t⁻¹ * u j` — smul on EuclideanSpace = pointwise: `smul_eq_mul`? For PiLp: `(a • x).ofLp i = a • x.ofLp i`? PiLp has smul defined pointwise: `PiLp.smul_apply : (c • x) i = c • x i`? For ℝ-valued: c • (x i) = c * x i — hmm PiLp.smul_apply might say `(c • x) i = c • x i` where the RHS • is the ℝ smul on ℝ = multiplication — defeq: `smul_eq_mul ℝ` — simp knows `smul_eq_mul` for ℝ? There's simp lemma `smul_eq_mul : a • b = a * b` for ℝ? Hmm — `nsmul`/`smul_eq_mul` for ℝ... For a field: `smul_eq_mul` is a simp lemma? In mathlib, `smul_eq_mul : a • b = a * b` — I believe it exists for ℝ (in Algebra/...). Actually `PiLp.smul_apply`? Hmm — PiLp is a function type with pointwise instances, so `(a • x).ofLp i = a • x.ofLp i` should be rfl? PiLp smul instance: `instance instSMul : SMul α (PiLp p β) := Pi.instSMul`-ish — so (a • x).ofLp i = a • x.ofLp i definitionally. Then `a • (x i : ℝ) = a * x i` — rfl? ℝ smul = mul: `instSMul ℝ ℝ = MulAction...` — hmm, `a • b` for ℝ is defined as multiplication? In Lean mathlib, `a • b` on ℝ is definitionally `a * b`? No — it's `MulAction.toSMul`... ℝ acts on itself: instance `SMul ℝ ℝ` — via `Algebra ℝ ℝ`-ish — `smul_def`? For ℝ: `a • b = a * b` — there's a simp lemma `smul_eq_mul` : a • b = a * b (for ℝ? it's `smul_eq_mul` in the monoid-with... I recall `smul_eq_mul` for ℕ/ℤ/ℝ? For ℝ: `smul_eq_mul : a • b = a * b` — yes it exists (Ring) — it's a simp lemma? Let me just handle with `change`/`show`/simpa as needed. I'll write `(t⁻¹ • u) j = t⁻¹ * u j` with proof `by rw [PiLp.smul_apply]`? hmm — `PiLp.smul_apply`? Let me check quickly in the compile loop.

OK — enough planning, start writing. I'll write the file in chunks and compile iteratively. Given the scale, I'll write the full file now, then fix errors.

Also, need to remember the exact module header convention and add to audit + update MoiseBranch + checkpoint within 30 min. Let me write the file.
dsh: reasoning:
Good progress — first batch of fixable errors:

1. Line 137: `continuous_finset_sum Finset.univ (fun j _ => continuous_apply j)` — typeclass stuck; the apply of `continuous_apply j` isn't resolving to EuclideanSpace coordinates. Fix: give explicit type ascription: `(continuous_apply (α := Fin (n + 1)) (β := fun _ : Fin (n + 1) => ℝ) j)`? Hmm — continuous_apply for PiLp: `y.ofLp j` vs `y j`. EuclideanSpace ℝ (Fin (n+1)) = PiLp 2 (fun _ => ℝ); `y j` elaborates via PiLp's CoeFun to `y.ofLp j`? The error says expected `Continuous fun (y : EuclideanSpace ...) => y.ofLp j` — so `continuous_apply j` has type Continuous fun p => p j where p : (i : Fin (n+1)) → ?m.78 i — mismatched metavariables. Fix by making the codomain explicit: `(continuous_apply j : Continuous (fun y : EuclideanSpace ℝ (Fin (n + 1)) => y j))` — hmm — since EuclideanSpace is PiLp, `fun y => y j` — PiLp has CoeFun so `y j` works. Let me write:

```lean
  · -- i = last: -∑ y
    have hsum : Continuous (fun y : EuclideanSpace ℝ (Fin (n + 1)) => (∑ j : Fin (n + 1), y j)) :=
      continuous_finsetSum Finset.univ (fun j _ =>
        show Continuous (fun y : EuclideanSpace ℝ (Fin (n + 1)) => y j) from continuous_apply j)
    simpa [simplexDir] using continuous_neg.comp hsum
```
Use `continuous_finsetSum` (new name). Also note `continuous_apply j` needs domain Pi type with EuclideanSpace — the show ascription pins it.

2. Line 160: swap composition mismatch: `(fun q => simplexDir n q.2 q.1) ∘ Prod.swap` vs `fun p => simplexDir n p.1 p.2` — not defeq after simp. Fix: 
```lean
  have hswap : Continuous (fun p : EuclideanSpace ℝ (Fin (n + 1)) × Fin (n + 2) =>
      (fun q : Fin (n + 2) × EuclideanSpace ℝ (Fin (n + 1)) => simplexDir n q.2 q.1) (p.2, p.1)) :=
    hg.comp continuous_swap
  simpa using hswap
```
`(fun q => ...) (p.2, p.1) = simplexDir n p.1 p.2` — `simpa` unfolds. But careful: `Prod.swap` vs the lambda — `hg.comp continuous_swap : Continuous ((fun q => simplexDir n q.2 q.1) ∘ Prod.swap)` = Continuous (fun p => (fun q => ...) (Prod.swap p)) — Prod.swap p = (p.2, p.1) — `simpa` should reduce `(fun q => f q.2 q.1) (p.2, p.1)` to `f p.1 p.2`? `simp` beta-reduces and unfolds Prod.swap — yes with `simp only []`... Actually `simpa` does beta reduction? `simpa` = simp_all? `simpa [Prod.swap]`? Prod.swap is a def — simp unfolds it if given. Let me write `simpa [Prod.swap] using hg.comp continuous_swap`... hmm the comp: `hg.comp continuous_swap` has type `Continuous ((fun q => simplexDir n q.2 q.1) ∘ Prod.swap)` and target `Continuous (fun p => simplexDir n p.1 p.2)` — simpa [Prod.swap] should close since `((fun q => f q.2 q.1) ∘ Prod.swap) p` reduces to f p.1 p.2 (beta + swap unfold). I think `simpa [Prod.swap]` works — beta reduction is automatic in simp.

Actually cleaner — avoid the swap entirely: use `continuous_prod_of_discrete_left` on the swapped formulation? Simplest alternative: use `Continuous.comp` twice with explicit lambda... The above should work. Note earlier error also mentioned typeclass stuck at continuous_finset_sum which cascaded.

3. Line 215: `(Finset.sum_const simplexCenter n).symm` — sum_const takes only b; remove the `n` arg.

4. Line 219: nlinarith failed — hsum' isn't being used? The goal after rw [hsum'] at hsum: `↑(n+1) * c + s last = 1`, hc: `↑(n+2)*c = 1`, need s last = c. nlinarith needs to prove `s last = c` from these — from hsum: s last = 1 - (n+1)c; hc: (n+2)c = 1 ⟹ (n+1)c = 1 - c ⟹ s last = c ✓ nlinarith should do it — but the error shows nlinarith FAILED with goal `False` and hypothesis `a✝ : s last < c`?? The nlinarith failed on a DIFFERENT goal: "case h1 ... ⊢ False" with `a✝ : s last < c` — that's the `linarith` at line ~232? No wait, error at 219:4 says linarith failed... the context shows `a✝ : s (Fin.last (n+1)) < simplexCenter n` — that's from the LAST linarith at the end (hzero/hpos part)? Line 219 is `nlinarith` inside hlast... hmm the context includes `a✝ : s last < c` which would come from... whatever — the errors cascade. Let me restructure: the goal for hlast after rw is `s (Fin.last (n+1)) = simplexCenter n`; use `nlinarith [hsum, hc]`? nlinarith needs to derive s last = c from hsum + hc: hsum: (n+1)c + s_last = 1. hc: (n+2)c = 1. Then (n+1)c + s_last = (n+2)c ⟹ s_last = c ✓. Should work if hsum is in context — but the error suggests hsum was consumed... Looking at the error context: `hsum : ↑(n + 1) * simplexCenter n + s (Fin.last (n + 1)) = 1` ✓ present, `hc` ✓ present. And the goal `⊢ False` with `a✝ : s last < c` — this is a DIFFERENT nlinarith call (the one at the very end: after hzero we have hpos : 0 < c and hzero : 0 = c — contradiction. The error at 219:4 might actually be a cascading misattribution. Line 219 is inside `hlast` where the goal after `rw [hsum'] at hsum` is `s (Fin.last (n + 1)) = simplexCenter n` — then I wrote `nlinarith` — hmm the reported failing nlinarith context has ⊢ False which is the final linarith (line ~237). Line numbers may be off by a bit due to my write vs actual. Let me count: the final `linarith` after hzero — `have hpos ... ; linarith` — that's around line 236-237. The error says 219:4 — hmm. Line 219 in file: let me recount... Actually the error at 215 (`Finset.sum_const simplexCenter` applied to n) is line 215; `nlinarith` at 219 fails with the ⊢ False goal. That means at 219 the goal IS `False`?? That would mean the nlinarith at 219 is actually the one resolving `hzero`... whatever — the `hzero` structure with `Fin.lastCases` — the `refine Fin.lastCases ... ?_ ?_ i₀ hi₀` — lastCases's `last` argument is `motive (Fin.last (n+1))` = `s (last) = 0 → 0 = c`, cast: `(i : Fin (n+1)) → motive i.castSucc`. My refine has TWO goals `?_ ?_` then applies to `i₀ hi₀` ✓ shape right.

The context shown has `hcast`, `hsum`, `hsum'`, `hc` — these are the hlast block's hypotheses... and goal False with a✝ : s last < c — hmm, `a✝ : s (Fin.last (n+1)) < simplexCenter n` — where would that come from? From `nlinarith`'s internal case splitting! nlinarith splits on trichotomy: case h1: s last < c → derive False — and nlinarith FAILED to find the contradiction in that case! Because... in case s last < c: hsum: (n+1)c + s last = 1 and hc: (n+2)c = 1 ⟹ s last = c — contradiction with s last < c. nlinarith should find it — UNLESS hsum/hc aren't being seen as linear (c is `simplexCenter n` — an opaque def — fine, it's a real). Hmm — hsum : ↑(n + 1) * simplexCenter n + s (Fin.last (n + 1)) = 1 — `↑(n+1)` is a nat cast to ℝ — nlinarith handles. hc : ↑(n + 2) * simplexCenter n = 1. From these: s last = c. nlinarith SHOULD handle. Why failed? OH WAIT — I see: the error says "linarith failed to find a contradiction, case h1" and shows hypotheses INCLUDING `a✝ : s last < simplexCenter n` — but it's missing `hsum'`... no hsum' is there. Hmm — but note: this nlinarith at line 219 in MY file — let me recount lines. Actually the error line numbers: 219:4 — my hlast block:

```
  have hlast : s (Fin.last (n + 1)) = simplexCenter n := by
    have hsum : ... := hs.2.1          -- ~212
    rw [Fin.sum_univ_castSucc] at hsum  -- 213
    have hsum' : ... := by              -- 214
      calc
        ...
        _ = (Finset.univ : Finset (Fin (n + 1))).card • simplexCenter n :=
          (Finset.sum_const simplexCenter n).symm    -- 215 (error: apply to n)
        _ = ((n + 1 : ℕ) : ℝ) * simplexCenter n := by simp [nsmul_eq_mul]
    rw [hsum'] at hsum
    have hc := simplexCenter_total n
    nlinarith                               -- 219
```
Goal at 219: s last = c with hsum: (n+1)c + s last = 1... hmm wait — after `rw [hsum'] at hsum`, hsum : ↑(n+1) * c + s last = 1 — hmm, but actually `rw [hsum'] at hsum` rewrites `∑ j, s j.castSucc` — but hsum is `∑ j, s j.castSucc + s last = 1`? After rw: `((n + 1 : ℕ) : ℝ) * c + s last = 1` ✓. nlinarith with hc: (n+2)c = 1: goal s last = c: from hsum: s last = 1 - (n+1)c; need 1 - (n+1)c = c ⟺ 1 = (n+2)c = hc ✓. nlinarith handles nonlinear? (n+1)c is linear in c (n+1 is a numeral) ✓. So why fail? The failing case h1 has `a✝ : s last < c` — proving False — nlinarith should use hsum+... hmm wait — in the FAILING context I see NO hsum'... it IS there. Hmm — but I DON'T see the goal `s last = c` — the goal shown is `⊢ False` with case h1 — so this nlinarith call is solving by contradiction?? The goal should be `s last = c` — nlinarith on an equality goal doesn't case split like that...

OH WAIT. I bet the error at 219:4 is not my hlast nlinarith — the reported position may correspond to the LAST `linarith` (in the hzero contradiction part) — no... Let me look: the last part:

```
  rcases hs.2.2 with ⟨i₀, hi₀⟩
  have hzero : (0 : ℝ) = simplexCenter n := by
    refine Fin.lastCases (n := n + 1) (motive := ...) ?_ ?_ i₀ hi₀
    · intro hzero_last
      rw [hlast] at hzero_last
      exact hzero_last.symm
    · intro j hzero_j
      rw [hcast j] at hzero_j
      exact hzero_j.symm
  have hpos : 0 < simplexCenter n := simplexCenter_pos n
  linarith
```
The final `linarith` goal: False from hzero : 0 = c, hpos : 0 < c — direct contradiction ✓ should work. The error context mentions `a✝ : s last < c` — that's a case split — hmm, `linarith` doesn't case split on `s last`... nlinarith does nonlinear case splits. The failing goal was under nlinarith at 219 with cases from... nlinarith case splits when there are `if`/`abs`/`min`/`max` terms — none here.

Hmm wait, maybe the failing nlinarith is the one in `hsumdiff` inside `simplexDir_of_simplexBoundaryToSphere`? No — line 219 is way earlier (file is ~500 lines).

Let me just count the file lines: line 219 would be around hlast. Let me view lines 200-240 to be precise. Also fix the other errors and re-run — cascades often mislead. Actually, one plausible cause for the 219 failure: `hsum'` at line 215 failed to elaborate (the sum_const error), so the whole hlast block got mangled: after the 215 error, hsum' has a wrong type (involving metavariables) — and nlinarith at 219 can't use it — but then the shown hypotheses `hsum' : ∑ j, s j.castSucc = ↑(n+1)*c` looks fine... but the elaboration error might have made hsum' unusable differently. Just fix 215 and retry.

5. Line 239: `inv_mul_cancel (ne_of_gt ht)` — `inv_mul_cancel : (a : G) : a⁻¹ * a = 1` for Group G — argument should be the group element `‖u‖`, not the proof. Fix: `inv_mul_cancel ‖truncToCenter n (s : Fin (n + 2) → ℝ)‖`? For ℝ: `inv_mul_cancel a : a⁻¹ * a = 1` ✓ no proof needed. So `exact inv_mul_cancel (‖truncToCenter n (s : Fin (n + 2) → ℝ)‖)`.

6. Line 248: `continuous_sub (continuous_apply j.castSucc) continuous_const` — `continuous_sub` is a Constant theorem (not a function): `continuous_sub : Continuous fun p : ℝ × ℝ => p.1 - p.2`. So use `(continuous_apply j.castSucc).sub continuous_const`? There's `Continuous.sub : Continuous f → Continuous g → Continuous (fun x => f x - g x)`. Use `.sub`. Similarly `continuous_sub` misuse.

7. Line 256: `Continuous.smul` — metavariable stuck: add type ascriptions:
```lean
  refine Continuous.smul (M := ℝ) (X := EuclideanSpace ℝ (Fin (n + 1))) ?_ ?_
```
Hmm — Continuous.smul: {M X Y} ... {f : Y → M} {g : Y → X} — Y = SimplexBoundaryFn n. Provide explicit: `refine @Continuous.smul ℝ (EuclideanSpace ℝ (Fin (n + 1))) (SimplexBoundaryFn n) _ _ _ _ _ _ ?_ ?_` — ugly. Try `Continuous.smul (f := fun s : SimplexBoundaryFn n => (‖truncToCenter n (s : Fin (n + 2) → ℝ)‖)⁻¹) (g := fun s : SimplexBoundaryFn n => truncToCenter n (s : Fin (n + 2) → ℝ))` — should pin things. The change before it might already have pinned the goal — the error at 256 is typeclass stuck for ContinuousSMul — after `change` the goal is the ambient function; `Continuous.smul ?_ ?_` — Lean should infer M = ℝ from the scalar `(‖...‖)⁻¹`. Hmm — maybe the `change` didn't fire because of the subtype coercion mismatch and the goal still had metavariables. The earlier error 239 (inv_mul_cancel) may have poisoned simplexBoundaryToSphere's elaboration, cascading into 256. Fix 239 first and see.

8. Line 272: `rw [Set.mem_setOf_eq]` deprecated/doesn't fire — `sphereToSimplexBoundary n y ∈ simplexBoundarySet n` — simplexBoundarySet is a def, not syntactic setOf. Fix: `dsimp [simplexBoundarySet]` or `change (0 ≤ sphereToSimplexBoundary n y ∧ ...)`. Since simplexBoundarySet n := {s | 0 ≤ s ∧ ...} — `dsimp [simplexBoundarySet]` — hmm `change` cleaner:
```lean
  change 0 ≤ sphereToSimplexBoundary n y ∧
    (∑ i, sphereToSimplexBoundary n y i) = 1 ∧ 0 ∈ Set.range (sphereToSimplexBoundary n y)
```
But careful — `0 ≤ s` with s : Fin (n+2) → ℝ — Pi.le — `change` with `0 ≤ ...` fine.

9. Line 319: `rw [continuous_induced_rng]` failed — target: `@Continuous (↑(Sphere n)) (Fin (n + 2) → ℝ) instTopologicalSpaceSubtype Pi.topologicalSpace (sphereToSimplexBoundary n)` — WAIT — this is `continuous_sphereToSimplexBoundary`: the goal is `Continuous (sphereToSimplexBoundary n)` where codomain is `Fin (n+2) → ℝ`?? NO — the codomain should be SimplexBoundaryFn n. The goal shown: codomain = `Fin (n + 2) → ℝ` — hmm — because `sphereToSimplexBoundary`'s declared type is `Sphere n → Fin (n + 2) → ℝ` — I defined it WITHOUT the subtype codomain! Right — I defined sphereToSimplexBoundary as a function into the function space, and the SimplexBoundaryFn-valued version is `fun y => ⟨sphereToSimplexBoundary n y, mem⟩`. So the continuity theorem I want: `Continuous (fun y : Sphere n => (⟨sphereToSimplexBoundary n y, sphereToSimplexBoundary_mem n y⟩ : SimplexBoundaryFn n))`. Let me define:

```lean
def sphereToSimplexBoundaryFn (n : ℕ) (y : Sphere n) : SimplexBoundaryFn n :=
  ⟨sphereToSimplexBoundary n y, sphereToSimplexBoundary_mem n y⟩

theorem continuous_sphereToSimplexBoundaryFn (n : ℕ) :
    Continuous (sphereToSimplexBoundaryFn n) := by
  rw [continuous_induced_rng]
  change Continuous (fun y : Sphere n => sphereToSimplexBoundary n y)
  apply continuous_pi
  intro i
  refine Continuous.add continuous_const ?_
  refine Continuous.mul (continuous_sphere_simplexLambda n) ?_
  exact (continuous_simplexDir_apply n i).comp continuous_subtype_val
```
`rw [continuous_induced_rng]` — codomain topology = Subtype topology = induced Subtype.val — goal `Continuous (fun y => (sphereToSimplexBoundaryFn n y : Fin (n+2) → ℝ))` ⟺ rw gives `Continuous (Subtype.val ∘ sphereToSimplexBoundaryFn n)` = Continuous (fun y => ↑(sphereToSimplexBoundaryFn n y)) — change to sphereToSimplexBoundary n y — the coercion of the subtype is its underlying — `(sphereToSimplexBoundaryFn n y : Fin (n+2) → ℝ)` = sphereToSimplexBoundary n y definitionally (Subtype.val of ⟨v, p⟩ = v) — `change` works.

Similarly for continuous_simplexBoundaryToSphere: the rw failed? Error at line ~248 was continuous_sub; the `rw [continuous_induced_rng]` at ~245 worked (no error listed for it) but then change at 246? The error list shows 248 (continuous_sub) and 256 (Continuous.smul stuck) — the change must have worked or partially. Let me also fix simplexBoundaryToSphere to use exact `inv_mul_cancel` (error 239).

Also — in `continuous_simplexBoundaryToSphere` the `change` statement: `fun s : SimplexBoundaryFn n => (‖truncToCenter n (s : Fin (n + 2) → ℝ)‖)⁻¹ • truncToCenter n (s : Fin (n + 2) → ℝ)` — matches the coercion of the ⟨...⟩ — ✓.

10. Also line 137 deprecation warning: use `continuous_finsetSum`.

11. In the `hsumu` proof inside simplexDir_of_simplexBoundaryToSphere I used `rfl` for `(t⁻¹ • u) j = t⁻¹ * u j` — might not be rfl (PiLp.smul_apply?). And later `rw [PiLp.smul_apply, mul_comm]; rfl` in the castSucc branch — might need `smul_eq_mul`... Let me keep and see errors.

12. `exact (Finset.sum_const simplexCenter n).symm` — remove `n`.

Also — line 215 error means my calc in hsum' — fix now.

Let me also double check `le_csInf` usage in simplexMin_of_simplexBoundaryToSphere: `le_csInf (Set.range_nonempty _) (rintro b ⟨i, rfl⟩ ...)` — signature (h₁ : s.Nonempty) (h₂ : ∀ b ∈ s, a ≤ b) — `refine le_csInf (Set.range_nonempty _) ?_` ✓ shape right.

`div_le_div_of_nonneg_right` — check exists: probed earlier? Not probed — `div_le_div_right` unknown; assume `div_le_div_of_nonneg_right` exists (standard mathlib: `div_le_div_of_nonneg_right : a ≤ b → 0 ≤ c → a / c ≤ b / c`). Will verify on compile.

Let me apply the fixes.
dsh: reasoning:
Oops — the second and third edits were no-ops (I made the same replacement). Let me fix them properly:
- swap composition: `simpa [Prod.swap] using hg.comp continuous_swap` — needs adjusting. The issue: `((fun q => simplexDir n q.2 q.1) ∘ Prod.swap)` isn't beta-reduced by simpa? The error showed it wasn't matching. Let me write it explicitly:
```lean
    have hswap : Continuous (fun p : EuclideanSpace ℝ (Fin (n + 1)) × Fin (n + 2) =>
        (fun q : Fin (n + 2) × EuclideanSpace ℝ (Fin (n + 1)) => simplexDir n q.2 q.1)
          (p.2, p.1)) := hg.comp continuous_swap
    simpa [Prod.swap] using hswap
```
Hmm — `hg.comp continuous_swap` : Continuous ((fun q => ...) ∘ Prod.swap). `Prod.swap p = (p.2, p.1)` — but `Prod.swap` is a def `fun x => (x.2, x.1)`? In Lean core `Prod.swap` is a structure field def — `Prod.swap : α × β → β × α := fun x => (x.2, x.1)`. So `(f ∘ Prod.swap) p` beta-reduces to f (p.2, p.1) ✓. The problem earlier: target was `fun p => simplexDir n p.1 p.2` and the term was `(fun q => simplexDir n q.2 q.1) ∘ Prod.swap` — these are definitionally equal? `((fun q => f q.2 q.1) ∘ Prod.swap) p` ↦ f (Prod.swap p).1 (Prod.swap p).2 — hmm no: ∘ comp: (g ∘ h) x = g (h x) = (fun q => f q.2 q.1) (p.2, p.1) = f (p.2).2 (p.2).1 — eta/beta: f p.1 p.2. All beta-reduction, should be defeq! The error said type mismatch "After simplification" — `Continuous.comp hg continuous_swap` has type `Continuous ((fun q => ...) ∘ Prod.swap)` — and expected `Continuous fun p => simplexDir n p.1 p.2` — `simpa` should beta-reduce the lambda... simp does beta-reduce lambdas? `simp` does NOT beta-reduce arbitrary lambdas by default? It does beta when the lambda is applied... `(fun q => ...) ∘ Prod.swap` is a composition — simp knows `Function.comp_apply` and can unfold. Hmm, the earlier failure says the mismatch persisted. Use `convert`/`exact` with explicit change:

```lean
    have hswap : Continuous (fun p : EuclideanSpace ℝ (Fin (n + 1)) × Fin (n + 2) =>
        simplexDir n p.1 p.2) := by
      simpa [Prod.swap] using (hg.comp continuous_swap)
```
If simpa still fails, use `change Continuous ((fun q => ...) ∘ Prod.swap)` then exact. Let me write:
```lean
    change Continuous ((fun q : Fin (n + 2) × EuclideanSpace ℝ (Fin (n + 1)) =>
      simplexDir n q.2 q.1) ∘ Prod.swap)
    exact hg.comp continuous_swap
```
`change` with defeq ✓.

- sum_const: remove the stray `n` argument.

Also fix inv_mul_cancel, continuous_sub, Continuous.smul, sphereToSimplexBoundary_mem change, and define sphereToSimplexBoundaryFn. Let me look at current file around those lines to edit precisely.
dsh: reasoning:
The sum_const issue: `(Finset.sum_const simplexCenter n)` — sum_const has signature `(b : M)` only — so it's `(Finset.sum_const simplexCenter)` — but the calc line references the equality `∑ _x ∈ s, b = s.card • b` — applying sum_const to `simplexCenter n` returns the equality. The stray `n` argument was the error: `(Finset.sum_const simplexCenter n)` applies the RESULT (an equality) to n. So fix: `(Finset.sum_const simplexCenter n)` → `(Finset.sum_const (simplexCenter n))`. Wait — my file currently has `(Finset.sum_const simplexCenter n).symm` — the correct is `(Finset.sum_const (simplexCenter n)).symm`. Let me edit properly.
dsh: reasoning:
Now fix the `sphereToSimplexBoundary_mem` setOf issue and introduce `sphereToSimplexBoundaryFn`. Also the continuity theorem for the backward map.
dsh: reasoning:
Also fix the `simplexBoundaryToSphere_sphereToSimplexBoundary` — it currently constructs the subtype explicitly `⟨sphereToSimplexBoundary n y, sphereToSimplexBoundary_mem n y⟩ : SimplexBoundaryFn n` — can now use `sphereToSimplexBoundaryFn n y`. That's fine as is (defeq). But the left_inv uses `sphereToSimplexBoundary_simplexBoundaryToSphere` — the invFun is now `sphereToSimplexBoundaryFn n` — left_inv: invFun (toFun s) = s — `sphereToSimplexBoundaryFn n (simplexBoundaryToSphere n s) = s` — my theorem sphereToSimplexBoundary_simplexBoundaryToSphere concludes `sphereToSimplexBoundary n (simplexBoundaryToSphere n s) = s` — the LHS is the FUNCTION, and the goal needs the SUBTYPE. Since sphereToSimplexBoundaryFn y = ⟨sphereToSimplexBoundary n y, mem⟩, `sphereToSimplexBoundary_simplexBoundaryToSphere n s` gives equality of the underlying functions, need Subtype.ext — the theorem as stated compares `sphereToSimplexBoundary n (...)` (a bare function) with `s` (subtype)?? Hmm — in my theorem:

```lean
theorem sphereToSimplexBoundary_simplexBoundaryToSphere (n : ℕ) (s : SimplexBoundaryFn n) :
    sphereToSimplexBoundary n (simplexBoundaryToSphere n s) = s := by
```
LHS : Fin (n+2) → ℝ, RHS s : SimplexBoundaryFn n (subtype). Type mismatch?! Hmm — `s` as subtype vs function — the equality `sphereToSimplexBoundary n (simplexBoundaryToSphere n s) = s` — would need coercion... it shouldn't typecheck! Unless — hmm. It did NOT error at that line in the first compile? The first compile errors ended at line 319 (continuous_sphereToSimplexBoundary). The sphereToSimplexBoundary_simplexBoundaryToSphere theorem is at ~line 430 — beyond the first 80 lines of errors shown (I only saw head -80). Let me fix it now: change the theorem to conclude the SUBTYPE version:

```lean
theorem sphereToSimplexBoundary_simplexBoundaryToSphere (n : ℕ) (s : SimplexBoundaryFn n) :
    sphereToSimplexBoundaryFn n (simplexBoundaryToSphere n s) = s := by
  apply Subtype.ext
  ... same body (goal becomes sphereToSimplexBoundary n (simplexBoundaryToSphere n s) = (s : Fin (n+2) → ℝ))
```
In the body, `s i` usages: `(s : Fin (n + 2) → ℝ) i` — already written that way mostly. The funext intro i: goal `sphereToSimplexBoundary n (simplexBoundaryToSphere n s) i = ↑s i` ✓.

Similarly right_inv: `simplexBoundaryToSphere_sphereToSimplexBoundary n y` — my theorem takes `⟨sphereToSimplexBoundary n y, mem⟩ : SimplexBoundaryFn n` — update to use sphereToSimplexBoundaryFn n y — defeq so fine as written.

Let me apply the left_inv fix. Also check the `hdir`/`rfl` coord proof for smul — will see compile errors.
dsh: reasoning:
The theorem at line 461-462 compares `sphereToSimplexBoundary n (simplexBoundaryToSphere n s)` (a bare function) with `s` (subtype) — Lean would insert coercions making this a type error... unless the elaborated form coerces s. Actually `= s` where LHS : Fin (n+2) → ℝ and RHS s : SimplexBoundaryFn n — type mismatch error expected. But wait — it compiled past? The first compile's error list ended at line 319 because I only looked at head -80. Let me fix this theorem now:

```lean
theorem sphereToSimplexBoundary_simplexBoundaryToSphere (n : ℕ) (s : SimplexBoundaryFn n) :
    sphereToSimplexBoundaryFn n (simplexBoundaryToSphere n s) = s := by
  apply Subtype.ext
  dsimp [sphereToSimplexBoundaryFn]
  ... rest same ...
```
After `apply Subtype.ext`, goal: `↑(sphereToSimplexBoundaryFn n (simplexBoundaryToSphere n s)) = ↑s` — need dsimp [sphereToSimplexBoundaryFn] to expose. Then apply funext etc.

Also `left_inv` matches ✓.
dsh: reasoning:
Also the `apply Subtype.ext` / `apply funext` inside the body (lines 474-475) are now redundant — the body still has `apply Subtype.ext; apply funext` after the hlambda block. Remove the inner `apply Subtype.ext`. Let me edit: replace

```
  apply Subtype.ext
  apply funext
  intro i
```
with
```
  apply funext
  intro i
```
dsh: reasoning:
Progress. Remaining issues:

1. Line 139: `continuous_apply j` — the show ascription didn't pin: expected `fun y => y.ofLp j` — EuclideanSpace `y j` elaborates to `y.ofLp j`? The mismatch: `continuous_apply j : Continuous fun p => p j` for `p : (i : Fin (n+1)) → ?m.86 i` — with my `show` it should elaborate... the show says `Continuous (fun y : EuclideanSpace ℝ (Fin (n+1)) => y j)` — but the expected type displayed is `fun (y : EuclideanSpace ...) => y.ofLp j`. So `y j` via PiLp CoeFun = y.ofLp j — and `continuous_apply j`'s function `fun p => p j` has Pi domain `(i : Fin (n+1)) → ?m.86 i` — type mismatch: PiLp p β ≠ (i : Fin (n+1)) → β i (PiLp is a reducible wrapper? PiLp 2 β = (i : ι) → β i? PiLp is a def: `def PiLp (p : ENNReal) {ι : Type*} (β : ι → Type*) : Type _ := (i : ι) → β i`? I think PiLp is a structure-like abbrev `∀ i, β i`. Hmm — EuclideanSpace ℝ ι = PiLp 2 (fun _ => ℝ) — if PiLp is `abbrev`/`def` to the function type, then `continuous_apply j` should match directly. The metavariable ?m.86 suggests it's stuck because `EuclideanSpace` doesn't unfold for the inference. Force: 

```lean
exact (continuous_apply j : Continuous (fun y : EuclideanSpace ℝ (Fin (n + 1)) => y j))
```
Hmm — that's what show does. The issue is `continuous_apply j` has Pi domain with METAVARIABLE codomain ?m.86 i, not ℝ — expected codomain ℝ. So I need to pin the codomain: `(continuous_apply (α := Fin (n+1)) (β := fun _ : Fin (n+1) => ℝ) j)` — continuous_apply's params: `continuous_apply {ι} {A : ι → Type u_2} [T : (i : ι) → TopologicalSpace (A i)] (i : ι) : Continuous fun p => p i`. With A = fun _ => ℝ ✓. Then the domain is `(i : Fin (n+1)) → ℝ` = PiLp... hmm but expected domain EuclideanSpace ℝ (Fin (n+1)) = PiLp 2 (fun _ => ℝ). Is PiLp 2 (fun _ => ℝ) defeq to (i : Fin (n+1)) → ℝ? PiLp is defined as `def PiLp (p : ENNReal) (β : ι → Type*) : Type _ := (i : ι) → β i`? I believe PiLp is an abbreviation for the function type with instances — yes, `PiLp` is reducible to the plain function type. So `continuous_apply (β := fun _ : Fin (n+1) => ℝ) j` — the domain `(i : Fin (n+1)) → ℝ` — should unify with EuclideanSpace (reducible). The metavar stuck because A was unknown. Let me write `continuous_apply (A := fun _ : Fin (n + 1) => ℝ) j` — hmm the binder name might be `A`. Let me check signature from the probe: `continuous_apply.{u_2, u_3} {ι : Type u_2} {A : ι → Type u_3} [T : (i : ι) → TopologicalSpace (A i)] (i : ι) : Continuous fun p => p i`. So `continuous_apply (A := fun _ : Fin (n + 1) => ℝ) j`.

Wait — but PiLp has a `ofLp` structure... the expected type shows `y.ofLp j` — hmm, that suggests PiLp is NOT the bare function type but has `ofLp` projection (the WithLp one has ofLp). EuclideanSpace ℝ (Fin (n+1)) = `WithLp 2 (Fin (n+1) → ℝ)`? Actually: `EuclideanSpace 𝕜 ι = PiLp 2 (fun _ : ι => 𝕜)` — and PiLp = WithLp? `PiLp` is `abbrev PiLp (p) (β) := WithLp p ((i : ι) → β i)`. YES — PiLp is WithLp over the function type. So `y j` via CoeFun (WithLp has CoeFun? or PiLp registers CoeFun so y j = y.ofLp j). So the domain type is `WithLp 2 ((i : Fin (n+1)) → ℝ)` — NOT the bare function type — hence continuous_apply doesn't directly match!

So for `y : EuclideanSpace ℝ (Fin (n+1))`, the map `y ↦ y j` = `(WithLp.equiv ... y) j` — continuous via `continuous_apply j |>.comp PiLp.continuous_equiv`? There's `WithLp.continuous_equiv`? Earlier probe: `WithLp.continuous_toLp` unknown, `PiLp.continuous_toLp` ✓. Is there `PiLp.continuous_equiv`? Hmm. In SphereGluing, how did they handle `w i` continuity? They used `PiLp.continuous_toLp` and `continuous_pi`... Let me look at how existing files prove continuity of evaluation. Search SphereGluing for "continuous_apply" or eval usage. Alternatively — there might be `PiLp.continuous_eval`? Let me grep mathlib for WithLp continuous_apply lemmas: `WithLp.continuous_apply`? 

2. Line 140: `((fun a => -a) ∘ fun y => ∑ x, y.ofLp x)` vs `fun y => -∑ x, y.ofLp x` — simpa didn't beta-reduce the composition. Use `change`... after fixing 139, write:
```lean
    change Continuous (fun y : EuclideanSpace ℝ (Fin (n + 1)) => -((∑ j : Fin (n + 1), y j)))
    exact continuous_neg.comp hsum
```
hmm — hsum's function is `fun y => ∑ j, y j` — after the comp it's `neg ∘ hsum` — `(fun a => -a) ∘ (fun y => ∑ x, y.ofLp x)` — target `fun y => -∑ x, y.ofLp x` — beta-equivalent but simpa didn't reduce? `simp` does unfold `Function.comp`? comp is a def `fun x => f (g x)` — simp knows `Function.comp_apply` — but here the terms are functions not applications. `change` explicitly — since beta-reduction is defeq, `change` works:
```lean
    change Continuous (fun y : EuclideanSpace ℝ (Fin (n + 1)) => -(∑ j : Fin (n + 1), y j))
    exact continuous_neg.comp hsum
```
hmm — `continuous_neg.comp hsum` has type Continuous ((fun a => -a) ∘ fun y => ...) — target after change — defeq via beta ✓ exact works.

3. Line 142: same as 139 — `continuous_apply (A := fun _ => ℝ) j`.

4. Line 221: `Finset.sum_const` — result type has metavar for the finset: `Finset.card ?m.194 • simplexCenter n = ∑ _x ∈ ?m.194, simplexCenter n` — pin: `(Finset.sum_const (α := Fin (n+1)) (M := ℝ) (simplexCenter n) : ...)`? sum_const params: {ι} {M} {s} (b) — provide s: `(Finset.sum_const (s := Finset.univ) (simplexCenter n)).symm` — hmm wait: sum_const's s is implicit; `Finset.sum_const (simplexCenter n)` — metavar s unconstrained because the calc target `(Finset.univ : Finset (Fin (n+1))).card • c` should pin it — the calc line expects type `∑ j, simplexCenter n = Finset.univ.card • c` — since ∑ j is over univ — sum_const gives `∑ _x ∈ ?m, c = ?m.card • c` — unify ?m = univ? The metavar got stuck — maybe because elaboration order: symm applied to the metavariable'd equality first. Provide explicitly: `(Finset.sum_const (s := (Finset.univ : Finset (Fin (n + 1)))) (simplexCenter n)).symm`.

5. Line 225: nlinarith — STILL fails in hlast with the case-split. Context: hsum: ↑(n+1) * c + s last = 1; hc: ↑(n+2) * c = 1; goal: s last = c. nlinarith does a case split `s last < c`? Why? nlinarith should just close... `nlinarith` sometimes struggles with `simplexCenter n` as an opaque constant — no, it's fine... The failure "linarith failed to find a contradiction, case h1" with a✝ : s last < c suggests nlinarith split on something and couldn't close in that case — but the overall goal is an equality which nlinarith handles by... hmm — nlinarith on an EQUALITY goal tries contradiction in each case? nlinarith proves `s last = c` by contradiction cases: case s last < c → contradiction with hsum+... wait can it? hsum: (n+1)c + s_last = 1, hc: (n+2)c = 1. If s_last < c: then (n+1)c + s_last < (n+1)c + c = (n+2)c = 1 = (n+1)c + s_last — contradiction ✓. nlinarith should find this... unless the multiplication (n+1)c isn't normalized — `↑(n + 1) * c` — nlinarith treats as linear in c with coefficient n+1 ✓. Hmm — why fail? Let me test in isolation... Actually — maybe the issue: `hc : ↑(n + 2) * simplexCenter n = 1` — and the case split is `s last < c` where hsum' is ALSO in context. Wait — the case analysis `a✝ : s (Fin.last (n+1)) < simplexCenter n` and goal False — with hsum and hc available — nlinarith MUST find: substitute c - s_last... hmm let me think — from hsum: s_last = 1 - (n+1)c; from hc: c = 1/(n+2)?? No — nlinarith doesn't do division/inverse! c is opaque; the equations are linear in {c, s_last}: hsum: (n+1)c + s_last = 1; hc: (n+2)c = 1. From hc: (n+1)c = 1 - c. Then hsum: 1 - c + s_last = 1 ⟹ s_last = c ✓ linear reasoning — nlinarith should do it...

UNLESS nlinarith can't handle the `•`/nsmul... no, those are gone (nsmul_eq_mul'd). Hmm — hsum' : ∑ j, s j.castSucc = ↑(n+1) * c is present — irrelevant. 

Hmm wait — maybe the problem: nlinarith needs `(n : ℕ)` cast coefficients as numerals — `↑(n + 1)` with n a variable — nlinarith treats ↑(n+1) as an atom (not a numeral) ✓ still linear in the atom. Should work. Let me try `linarith` instead — or restructure: prove s_last = c directly:

From hsum: s_last = 1 - (n+1)c. Show 1 - (n+1)c = c ⟺ hc: (n+2)c = 1 — since (n+2)c - (n+1)c = c: 
```lean
    calc
      s (Fin.last (n + 1)) = 1 - ((n + 1 : ℕ) : ℝ) * simplexCenter n := by linarith [hsum]
      _ = ((n + 2 : ℕ) : ℝ) * simplexCenter n - ((n + 1 : ℕ) : ℝ) * simplexCenter n := by rw [hc]
      _ = simplexCenter n := by ring
```
linarith [hsum] for the first: hsum: (n+1)c + s_last = 1 → s_last = 1 - (n+1)c ✓ simple linear. ✓ This avoids nlinarith weirdness. But wait — the hsum in context after my rw is `↑(n + 1) * simplexCenter n + s (Fin.last (n + 1)) = 1` ✓.

6. Line 245: `inv_mul_cancel ‖...‖` — ℝ is not a Group — inv_mul_cancel requires Group. For fields: `inv_mul_cancel₀ (h : a ≠ 0) : a⁻¹ * a = 1`. So use `inv_mul_cancel₀ (ne_of_gt ht)` — wait the earlier error said argument type mismatch for inv_mul_cancel (ne_of_gt ht) — because inv_mul_cancel takes the element. For inv_mul_cancel₀: `exact inv_mul_cancel₀ (ne_of_gt ht)` ✓ (ht : 0 < ‖u‖).

7. Line 297: `add_le_add_left` — I need the reverse: goal `c + λd_i ≥ c + λm` — i.e. `c + λm ≤ c + λd_i`. `add_le_add_left h (c)` gives `c + λm ≤ c + λd_i` where h : λm ≤ λd_i ✓ — that's exactly what I wrote: `add_le_add_left (mul_le_mul_of_nonneg_left hdir hlambda_nonneg) (simplexCenter n)` : λm + c ≤ λd_i + c — but the goal is `c + λd_i ≥ c + λm` — GE notation: `c + λd ≥ c + λm` = `c + λm ≤ c + λd` ✓ — but add_le_add_left gives `λm + c ≤ λd + c` (adds on the RIGHT). Need `add_le_add_right : b ≤ c → b + a ≤ c + a`? Hmm — `add_le_add_right (h) (a)` : b + a ≤ c + a. My goal is `c + λd ≥ c + λm` ⟺ `c + λm ≤ c + λd` — hmm add_le_add_right gives `λm + c ≤ λd + c` — commutative mismatch. Use `add_le_add_left` but with the terms commuted: `add_le_add_left h c : c + λm ≤ c + λd` — WAIT: `add_le_add_left {b c : α} (bc : b ≤ c) (a : α) : b + a ≤ c + a`? From the probe: `add_le_add_left {α} {b c} [Add α] [LE α] [i : AddRightMono α] (bc : b ≤ c) (a : α) : b + a ≤ c + a` — so it's `b + a ≤ c + a` — adds a on the right! I want `a + b ≤ a + c` — that's `add_le_add_right`? Let me check: `add_le_add_right : (a : α) (bc : b ≤ c) : b + a ≤ c + a`? Hmm mathlib: `add_le_add_right {α} {a b c} (h : b ≤ c) (a) : b + a ≤ c + a`? and `add_le_add_left (h : b ≤ c) (a) : a + b ≤ a + c`. From the probe signature of add_le_add_left: `(bc : b ≤ c) (a : α) : b + a ≤ c + a` — hmm it showed `{b c : α} ... (bc : b ≤ c) (a : α) : b + a ≤ c + a` — so add_le_add_left adds on the RIGHT?? That's confusingly named. There's also `add_le_add_right`. Simplest: use `(add_le_add_right (mul_le_mul_of_nonneg_left hdir hlambda_nonneg) (simplexCenter n))`? If add_le_add_right is `a + b ≤ a + c`... Let me just use `nlinarith [hdir, hlambda_nonneg]`? That's overkill. Or use `add_le_add_iff_left`? Hmm. Simplest reliable: 
```lean
      exact add_le_add (le_rfl) (mul_le_mul_of_nonneg_left hdir hlambda_nonneg)
```
`add_le_add : a ≤ b → c ≤ d → a + c ≤ b + d` ✓ gives `c + λm ≤ c + λd` with le_rfl : c ≤ c ✓. But careful — the `_ ≥ _` goal: the calc line is `... ≥ ... := by` — the goal after calc: `c + λd ≥ c + λm` — exact expects `c + λm ≤ c + λd` — GE is flipped LE ✓ `exact add_le_add le_rfl (mul_le_mul_of_nonneg_left hdir hlambda_nonneg)` — hmm: add_le_add (a≤b)(c≤d) : a + c ≤ b + d — with a=b=c(center), c=λm, d=λd ✓.

8. Line 315: rw simplexCenter_total failed — the goal after ring_nf is: `↑(1 + n) * c + c - λ*∑y + ∑x, λ*yx = 1` — ring_nf reordered into `↑(1+n) * c + c + (∑x, λ*yx - λ*∑x, yx) = 1`. The λ terms: `∑x, λ * yx - λ * (∑x, yx)` — ring_nf should cancel them to 0 — but they remained! Because... `λ * ∑x, yx` vs `∑x, λ * yx` — need to distribute λ over the sum: `Finset.mul_sum` — ring_nf CAN'T distribute multiplication over a Finset sum (it's not ring-normalizable). Fix: insert `rw [Finset.mul_sum]` before ring_nf. Also the hsumdir have is unused — remove or use. Plan:

```lean
    · dsimp [sphereToSimplexBoundary]
      rw [Fin.sum_univ_castSucc]
      simp only [simplexDir_castSucc, simplexDir_last, Finset.sum_add_distrib,
        Finset.sum_const, Finset.card_fin, nsmul_eq_mul, mul_neg, sub_eq_add_neg]
      rw [← add_assoc, Finset.mul_sum, add_neg_cancel]  -- hmm after this goal: (n+1)c + c = 1
      rw [← mul_add, add_comm (n+1) 1, Nat.cast_add? ...]
```
Let me think about what the goal looks like after the simp only: 
`(↑(n+1) * c + λ * (∑ x, yx)) + (c + λ * -∑ x, yx) = 1`? — with mul_neg: `λ * -(∑x, yx)`. Then:
```lean
      rw [← add_assoc]  -- ↑(n+1)*c + λ*∑y + (c + λ * -∑y) = 1 — hmm rw ← add_assoc inside?
```
Simpler with ring after Finset.mul_sum:
```lean
      rw [← add_assoc, Finset.mul_sum, mul_neg]  -- hmm
      ring_nf
      -- goal: ↑(n+1)*c + c = 1
      rw [← Nat.cast_add, ← add_assoc, ← Nat.cast_add]  -- messy
      ...
```
Hmm — `↑(n+1)*c + c = 1`: want to convert to (n+2)c = 1 = simplexCenter_total. `↑(n+1) * c + c = ↑(n+1) * c + 1 * c = (↑(n+1) + 1) * c = ↑(n+2) * c`:
```lean
      have hcast : ((n + 1 : ℕ) : ℝ) * simplexCenter n + simplexCenter n =
          ((n + 2 : ℕ) : ℝ) * simplexCenter n := by
        norm_num [Nat.cast_add, mul_add, add_mul, one_mul]
      rw [hcast, simplexCenter_total n]
```
`(↑(n+1) + 1) = ↑(n+2)`: `norm_num [Nat.cast_add]`? `(↑(n+1) : ℝ) + 1 = ↑(n+2)` — `norm_num` handles `↑(n+1) + 1 = ↑(n+2)` with Nat.cast_add — let me write:
```lean
      have hcast : ((n + 1 : ℕ) : ℝ) * simplexCenter n + simplexCenter n =
          ((n + 2 : ℕ) : ℝ) * simplexCenter n := by
        ring_nf
        norm_num [Nat.cast_add]
```
hmm ring_nf turns LHS into (↑(n+1) + 1) * c? No — ring_nf doesn't factor. Let me do explicitly:
```lean
      have hcast : ((n + 1 : ℕ) : ℝ) * simplexCenter n + simplexCenter n =
          ((n + 2 : ℕ) : ℝ) * simplexCenter n := by
        rw [show ((n + 1 : ℕ) : ℝ) + 1 = ((n + 2 : ℕ) : ℝ) by norm_num [Nat.cast_add]]
        ring
      rw [hcast, simplexCenter_total n]
```
`ring` on `↑(n+1) * c + c = (↑(n+1) + 1) * c` ✓ ring distributes ✓.

Wait — but also need `simp only` order: after `simp only [...]` the goal might be exactly:
`(∑ x : Fin (n+1), (c + λ * yx)) + (c + λ * (-∑x, yx)) = 1`
then sum_add_distrib turns the first sum: `∑ c + ∑ (λ * yx)` — hmm simp only [Finset.sum_add_distrib] rewrites `∑ (c + λ*yx)` to `∑ c + ∑ (λ*yx)` ✓ and sum_const: `∑ c = ↑(card) • c` then nsmul_eq_mul → `↑(n+1) * c`. So goal: `(↑(n+1) * c + ∑ x, λ * yx) + (c + λ * (-∑ x, yx)) = 1`. Then:
```lean
      rw [← add_assoc, Finset.mul_sum, mul_neg, add_neg_cancel]
```
Hmm — Finset.mul_sum: `a * ∑ x, f x = ∑ x, a * f x` — rewrites `λ * ∑x, yx` → `∑x, λ*yx` ✓ (mul_neg: `λ * -s = -(λ*s)` — so `λ * (-∑ yx)` — after mul_sum: `λ * ∑(-...)`? careful — `λ * -(∑x, yx)` — mul_neg: `a * -b = -(a*b)` → `-(λ * (∑x, yx))` — then mul_sum inside: `-(∑x, λ*yx)`. Then `∑x, λ*yx + -(∑x, λ*yx) = 0` via add_neg_cancel — but that's inside the overall expression `(A + S) + (c + -S)` — rw [add_neg_cancel]? The goal after rw's: `(↑(n+1)*c + S) + (c + -S) = 1` — need `ring_nf` to close: ring CAN handle S + -S ✓ — ring_nf normalizes `(A + S) + (c + -S)` → `A + c` (since S - S cancels? ring doesn't cancel variable S? ring DOES handle ring normalization: S + -S → 0 ✓ ring_nf normalizes fully). So:
```lean
      rw [← add_assoc, Finset.mul_sum, mul_neg]
      ring_nf
      -- goal: ↑(n+1) * c + c = 1
      have hcast : ... := ...
      rw [hcast, simplexCenter_total n]
```
Hmm wait — after rw [← add_assoc] the goal is `↑(n+1)*c + (S + (c + -S)) = 1`? ← add_assoc rewrites `(A + S) + B` to `A + (S + B)`? add_assoc : a + b + c = a + (b + c) — rw [← add_assoc] rewrites `A + (B + C)` to `(A + B) + C`?? No: rw [← add_assoc] replaces instances of `a + (b + c)` with `a + b + c`... The goal has `(A + S) + (c + -S)` — already associated left. I want to regroup so S + -S are adjacent — just ring_nf directly after the two rw's:

```lean
      rw [Finset.mul_sum, mul_neg]
      ring_nf
```
ring_nf handles the rest of the ring normalization including cancellation ✓. So drop the ← add_assoc line and the unused hsumdir.

Also line 315 context shows `↑(1 + n)` — ring_nf printed `↑(1 + n)` — from nsmul `(n+1)•c` = `↑(1+n)`... whatever, hcast uses ↑(n+1) — `norm_num [Nat.cast_add]` on `(↑(n+1) : ℝ) + 1 = ↑(n+2)`: ↑(n+1) + 1 — Nat.cast_add: ↑(n+1+1) = ↑(n+2) ✓ need `n+1+1 = n+2` ✓ by norm_num. OK.

But hmm — after ring_nf the goal might be `↑(1 + n) * c + c = 1` where ↑(1+n) vs my hcast's ↑(n+1) — 1+n and n+1 are defeq ✓ fine.

9. Also remaining: line 297 add_le_add fix.

Additionally, I should double check the `simplexBoundaryToSphere_sphereToSimplexBoundary` theorem statement uses explicit ⟨...⟩ construction — earlier I wrote `⟨sphereToSimplexBoundary n y, sphereToSimplexBoundary_mem n y⟩ : SimplexBoundaryFn n` — that's fine.

Also check `hsumu` rfl for smul — will see.

Also — there may be more errors below line 315. Let me apply these fixes and recompile.
dsh: reasoning:
Oops — that last edit was wrong! I accidentally replaced the wrong thing — I removed the calc step structure. Let me look at the current state of that region and repair. The calc had:

```
    calc
      simplexCenter n + simplexLambda n (y : ...) *
          simplexDir n (y : ...) i
          ≥ simplexCenter n + simplexLambda n (y : ...) *
              simplexMin n (y : ...) := by
            exact add_le_add_left
              (mul_le_mul_of_nonneg_left hdir hlambda_nonneg) (simplexCenter n)
      _ = 0 := by
        have hm : ...
        field_simp [hm]
        ring
```

My edit replaced the `_ = 0 := by ... ring` block ending with a new block that has TWO `:= by` — that's broken syntax. Let me view and fix properly.
dsh: reasoning:
Progress. Issues:

1. Line 139/145: `continuous_apply (A := fun _ : Fin (n+1) => ℝ) j` — the A binder didn't apply (Lean kept the inferred domain `Fin (n+1) → ℝ` instead of PiLp-wrapped). The domain `Fin (n + 1) → ℝ` ≠ `EuclideanSpace ℝ (Fin (n+1))` = `PiLp 2 (fun _ => ℝ)`. So `continuous_apply` on the bare function type gives continuity w.r.t. the Pi topology, and EuclideanSpace's topology is `PiLp.topologicalSpace` — these differ! So I need a lemma: continuous evaluation on PiLp/EuclideanSpace. What's available? `PiLp.continuous_eval`? `WithLp.continuous_apply`? Hmm. In the earlier file Topology.lean for StdSimplex, they used `continuous_apply i` on `StdSimplex R ι → ι → R` — plain Pi there.

For PiLp: grep for `continuous_apply` or `continuous_eval` in PiLp file: `Mathlib/Analysis/Normed/Group/PiLp.lean` or `Mathlib/Topology/...`. Actually EuclideanSpace has PiLp topological space = product topology? For p = 2 with finite ι: PiLp topology — I believe `PiLp.instTopologicalSpace` is the Pi topology for finite? There's `PiLp.topologicalSpace : TopologicalSpace (PiLp p β) := Pi.topologicalSpace`? If PiLp's topology is definitionally the Pi topology, then `continuous_apply j` (Pi version) works directly on EuclideanSpace — since EuclideanSpace = PiLp = WithLp wrapper... The mismatch: `fun (p : Fin (n+1) → ℝ) => p j` vs expected `fun y => y.ofLp j` — the WithLp wrapper. If PiLp's topological space is `Pi.topologicalSpace` via `WithLp.instTopologicalSpace` = Pi's, then the function `fun y : EuclideanSpace ℝ ι => y.ofLp j` is continuous iff the composed with the equiv... Need lemma `WithLp.continuous_apply`? Hmm — let me grep: `continuous_apply` variants in WithLp / PiLp. There's `PiLp.continuous_apply`? Let me grep the PiLp file.

Alternative trick: use `PiLp.continuous_toLp` + `continuous_pi`: for the function y ↦ (∑ j, y j): this is sum over j of eval_j: eval_j : y ↦ y j = (WithLp.equiv 2 _ y) j — hmm — `y.ofLp j`. eval j on the ofLp. Is `ofLp` continuous? `WithLp.ofLp`? hmm.

Hmm wait — how did SphereGluing prove continuity of maps involving coordinates? Look at `continuous_coneMap` etc. in SphereGluing.lean — they map from EuclideanSpace to EuclideanSpace — used PiLp.continuous_toLp and WithLp.equiv tricks. Let me look at how they proved continuity of `w ↦ esnoc w s` etc. Actually `PiLp.continuous_toLp : Continuous (WithLp.toLp p)` — for codomain PiLp. For DOMAIN PiLp evaluation — let me grep SphereGluing for "ofLp" or continuous lemmas used with .ofLp.

Actually — simplest: there might be `WithLp.continuous_apply`/`PiLp.continuous_apply` in mathlib. Let me grep.

2. Line 140/146: `change` failed because `simplexDir n y (Fin.last (n+1))` doesn't reduce via `change` — the simp lemma `simplexDir_last` is a theorem, not definitional. So use `simp [simplexDir]` instead of change... but simp earlier failed because of the mismatch. New approach: `rw [simplexDir_last]`? rw with my simp lemma: goal `Continuous (fun y => simplexDir n y (Fin.last (n+1)))` → rw [simplexDir_last] inside the lambda? rw works under binders ✓: after rw the goal is `Continuous (fun y => -∑ j, y j)` ✓ then exact continuous_neg.comp hsum. Similarly castSucc: rw [simplexDir_castSucc] → Continuous (fun y => y j).

3. Line 225: `Eq.symm (Finset.sum_const (simplexCenter n))` — result `Finset.univ.card • c = ∑ _x, c` — expected `∑ j, c = Finset.univ.card • c` — the sum notation: ∑ _x ∈ univ vs ∑ j — `∑ j, c` is ∑ over univ — the metavariable unification produced `∑ _x, c` which is the univ-bigop — should match `∑ j, c`... The expected type uses `∑ j, c` which elaborates to `∑ x ∈ Finset.univ, c`. The result has `∑ _x, c` — same thing — but the error says type mismatch with the note "Try this: [apply] ring_nf"?? Odd — the error also mentions ring failing. Hmm — the issue might be that symm flipped it and the calc step expects `∑ j, simplexCenter n = Finset.univ.card • simplexCenter n` — sum_const gives exactly `∑ _x ∈ univ, b = univ.card • b`? sum_const's statement: `∑ _x ∈ s, b = s.card • b` — wait the probe showed: `Finset.sum_const {s} (b) : ∑ _x ∈ s, b = s.card • b`? Probe output: `Finset.sum_const {ι} {M} {s : Finset ι} [AddCommMonoid M] (b : M) : ∑ _x ∈ s, b = s.card • b` — yes direct. So NO symm needed! The error: `Eq.symm (Finset.sum_const ...)` gives the flipped version and expected the unflipped. I had `.symm` — remove `.symm`. But wait the error shows `Eq.symm` already applied — my file has `(Finset.sum_const (...)).symm` — remove `.symm`.

4. Line 234: after my calc change: `⊢ ↑(2 + n) * c - c * ↑(1 + n) = c` — the ring at the last step failed? The final calc step `_ = simplexCenter n := by ring` — ring CAN'T handle `↑(2+n)` vs `↑(1+n)` as distinct atoms — it doesn't know ↑(2+n) = ↑(1+n) + 1! Need to inject the cast identity. Fix: in the last step:
```lean
      _ = simplexCenter n := by
        have hnat : ((n + 2 : ℕ) : ℝ) = ((n + 1 : ℕ) : ℝ) + 1 := by norm_num [Nat.cast_add]
        -- hmm ↑(2+n) is what ring_nf printed; n+2 vs 2+n defeq ✓
        rw [hnat]
        ring
```
Wait — hnat: ↑(n+2) = ↑(n+1) + 1 — but the goal has ↑(2+n) * c - c * ↑(1+n) — ring normalized to that order. rw [hnat] — needs ↑(2+n) matching ↑(n+2) — 2+n = n+2 defeq ✓. After rw: ↑(n+1) * c + c - c * ↑(n+1)... then ring. Let me write:
```lean
      _ = simplexCenter n := by
        have hnat : ((n + 2 : ℕ) : ℝ) = ((n + 1 : ℕ) : ℝ) + 1 := by
          norm_num [Nat.cast_add]
        rw [show ((n + 2 : ℕ) : ℝ) = ((n + 1 : ℕ) : ℝ) + 1 from hnat]
        ring
```
hmm — `rw [hnat]` rewrites ↑(n+2) → ↑(n+1)+1 — in the goal `↑(2+n) * c - c * ↑(1+n) = c` — 2+n is n+2 defeq ✓. Then ring: (↑(n+1)+1) * c - c * ↑(1+n) = c ✓ ring.

Actually simpler: since this whole `hlast` calc is a bit contorted, replace with linarith-based:
```lean
    have hsub : ((n + 2 : ℕ) : ℝ) * simplexCenter n - ((n + 1 : ℕ) : ℝ) * simplexCenter n = simplexCenter n := by
      have hnat : ((n + 2 : ℕ) : ℝ) - ((n + 1 : ℕ) : ℝ) = 1 := by
        norm_num [Nat.cast_add]
      nlinarith [hnat]  -- hmm — ((n+2) - (n+1)) * c = c
      -- actually: nlinarith can handle: ((n+2)c) - ((n+1)c) = c given hnat
```
`nlinarith [hnat]` — hnat: ↑(n+2) - ↑(n+1) = 1 — multiply by c: nlinarith does nonlinear but this is fine as linear in atoms? The goal ((n+2))c - ((n+1))c = c — with atoms A = ↑(n+2), B = ↑(n+1), c: goal A·c - B·c = c, hyp A - B = 1 — nlinarith handles (it's degree 2 in total but linear in each — nlinarith does handle monomials like this ✓).

Then:
```lean
    calc
      s (Fin.last (n + 1)) = 1 - ((n + 1 : ℕ) : ℝ) * simplexCenter n := by linarith [hsum]
      _ = ((n + 2 : ℕ) : ℝ) * simplexCenter n - ((n + 1 : ℕ) : ℝ) * simplexCenter n := by rw [hc]
      _ = simplexCenter n := hsub
```
where hsub proved by nlinarith [hnat] — hmm — I could also keep `by ring` on the last after injecting. Let me try nlinarith first.

5. Line 318: `rw [Finset.mul_sum, mul_neg]` — mul_neg failed to find `?a * -?b` — because after simp the term is `c + -∑ i, λ * y_i`? The goal shows: `↑(n+1) * c + ∑ x, λ * yx + (c + -∑ i, λ * yx) = 1` — hmm interesting — the mul_neg already applied? The goal shows `-∑ i, λ * yx` — where did `λ * -∑x, yx` go? The simp only list included `mul_neg`... no wait — I removed mul_neg from the list? No: my simp list has `mul_neg, sub_eq_add_neg` — the warning says sub_eq_add_neg unused — and mul_neg apparently REWROTE `λ * -(∑x, yx)` → `-(λ * ∑x, yx)`. Then `Finset.mul_sum` rewrote `λ * ∑x, yx` → `∑x, λ*yx` — wait but the rw [Finset.mul_sum, mul_neg] failed on mul_neg — because mul_neg had NO match left (already applied in the simp) — rw failed and aborted BOTH? rw [a, b] fails if ANY fails — the error shows the state after... hmm the error shows the goal with `∑ x, λ * yx + (c + -∑ i, λ * yx)` — so Finset.mul_sum applied ✓ and then mul_neg failed ✗. Fix: `rw [Finset.mul_sum]` alone, then ring_nf (ring_nf cancels `∑x, λyx + -(∑i, λyi)` ✓ since same term). Then hcast + total.

Wait — but will ring_nf cancel `S + -S` where S is a finset sum? ring_nf normalizes ring expressions — S + -S → 0? ring handles negation of sums: `-(∑ x, t x)` — as an atom S, -S is fine: S + -S = 0 is a ring identity ✓.

6. Also still line 318-326 region — after my edit the block is:
```lean
      rw [Finset.mul_sum, mul_neg]
      ring_nf
      have hcast ... 
```
change to `rw [Finset.mul_sum]` + ring_nf + hcast + total.

Let me also check: what does the goal look like after `simp only [simplexDir_castSucc, simplexDir_last, Finset.sum_add_distrib, Finset.sum_const, Finset.card_fin, nsmul_eq_mul, mul_neg, sub_eq_add_neg]` — from the error: `↑(n + 1) * c + ∑ x, λ * yx + (c + -∑ i, λ * yx) = 1` — note `-∑ i, λ*yx` — mul_neg in the simp list turned `λ * -(∑x, yx)` into `-(λ * ∑x, yx)`? and mul_sum turned `λ * ∑x, yx` into `∑ i, λ*yx` ✓. So after rw [Finset.mul_sum]... wait mul_sum already applied?? The goal already shows `∑ x, λ * yx` both places. Hmm — so simp already did mul_sum too?? The error message shows the goal AFTER my `rw [Finset.mul_sum, mul_neg]` line — rw applied mul_sum (no-op or actual) then failed on mul_neg. Since mul_sum has no remaining match either (already done by simp), rw [Finset.mul_sum] might fail as no-op?? rw fails when no match — but rw reports success if pattern matched... Since the goal shown HAS the mul_sum-normalized form, maybe simp did it via... my simp list has `sub_eq_add_neg` (unused warning) and `mul_neg` — hmm — but the `λ * -∑x` term: mul_neg rewrites `λ * -(∑x, yx)` → `-(λ * ∑x, yx)` ✓ then the SIMP set also has... does simp apply mul_sum automatically? No — Finset.mul_sum isn't a simp lemma by default... unless `ring_nf`-ish... Hmm — actually the shown goal has `∑ x, λ * yx` — the FIRST sum `∑ x, simplexLambda * ofLp x` comes from Finset.sum_add_distrib splitting `∑ (c + λ*yx)` ✓ that's natural. The SECOND sum `-∑ i, λ * yx` — from mul_neg + mul_sum?? The displayed `-∑ i, simplexLambda n ↑y * (↑y).ofLp i` — so mul_sum WAS applied (by my rw before failing on mul_neg) — yes rw applies sequentially: mul_sum matched `λ * ∑` inside the `-(λ * ∑)`? — mul_sum: `a * ∑ x ∈ s, f x = ∑ x ∈ s, a * f x` — the term `λ * (∑ x, yx)` — hmm wait — inside the negative: `-(λ * (∑x, yx))` — rw [Finset.mul_sum] rewrites `λ * ∑x, yx` → `∑x, λ*yx` inside ✓ THEN mul_neg — remaining occurrences of `?a * -?b` — none (the - is OUTSIDE now: `-(∑...)`) — so mul_neg FAILS. Fix: drop mul_neg from the rw (keep in simp only list is fine — it applied there first? whatever — the simp list version applied producing `-(λ * ∑...)` and then... hmm wait — if mul_neg was in the simp list and applied, the goal after simp has `-(λ * ∑x, yx)` — then rw [Finset.mul_sum] matches inside ✓ then mul_neg no match ✗. So: `rw [Finset.mul_sum]` then `ring_nf` — S + -S cancels ✓.

Let me apply these fixes.
dsh: reasoning:
Now the main remaining conceptual issue: continuity of `y ↦ y j` on EuclideanSpace (PiLp) — `continuous_apply (A := fun _ => ℝ) j` gives continuity w.r.t. the PLAIN Pi topology on `Fin (n+1) → ℝ`, but EuclideanSpace ℝ (Fin (n+1)) = WithLp/PiLp has its own topology. Wait — is `PiLp 2 (fun _ : Fin (n+1) => ℝ)`'s topology the Pi topology? `PiLp.instTopologicalSpace`? Hmm — in the error, `continuous_apply j` had type `Continuous[Pi.topologicalSpace, ...] fun (p : Fin (n+1) → ℝ) => p j` — the DOMAIN is `Fin (n+1) → ℝ` with Pi.topologicalSpace, expected domain `EuclideanSpace ℝ (Fin (n+1))` = `PiLp 2 (fun _ => ℝ)` with PiLp.topologicalSpace. Are these equal? The topological space of PiLp: `instance [T : (i : ι) → TopologicalSpace (β i)] : TopologicalSpace (PiLp p β) := Pi.topologicalSpace` — hmm — and EuclideanSpace = PiLp 2 (fun _ => ℝ)... and the domain type `Fin (n+1) → ℝ` vs `PiLp 2 (fun _ => ℝ)` — PiLp p β is a def, not the bare Pi type! In Lean mathlib, `PiLp p β` is `def PiLp (p : ENNReal) {ι} (β : ι → Type*) : Type _ := (i : ι) → β i`? Let me check: PiLp is defined as... in older mathlib: `def PiLp (p : ENNReal) (β : ι → Type*) : Type _ := (i : ι) → β i` — hmm and `WithLp` is the wrapper. EuclideanSpace 𝕜 ι = PiLp 2 (fun _ : ι => 𝕜). And `y.ofLp j` — the PiLp coercion: PiLp has `ofLp` via WithLp-like structure. In recent mathlib, PiLp = WithLp p ((i : ι) → β i)? The probe error said expected `fun (y : EuclideanSpace ℝ (Fin (n + 1))) => y.ofLp j` — so EuclideanSpace elements have `.ofLp`. So EuclideanSpace = WithLp 2 (function type)? and the topological space is `PiLp.topologicalSpace` = ? The error showed the EXPECTED domain's topology as `PiLp.topologicalSpace 2 fun x => ℝ` (in the earlier comp error at 140: `@Continuous (EuclideanSpace ℝ (Fin (n + 1))) ℝ (PiLp.topologicalSpace 2 fun x => ℝ) ...`). 

So I need continuity of eval for PiLp. Options: (a) find mathlib lemma: `PiLp.continuous_apply`? grep. (b) use `WithLp.continuous_equiv`-style: hmm.

Let me grep mathlib for continuous_apply near PiLp / WithLp.
dsh: reasoning:
`PiLp.continuous_apply {p} {ι} {β} [∀ i, TopologicalSpace (β i)] (i : ι) : Continuous (fun f : PiLp p β => f i)` — exactly what I need! Use `PiLp.continuous_apply (p := 2) (β := fun _ : Fin (n+1) => ℝ) j` — but note it needs `[∀ i, TopologicalSpace (β i)]` = [∀ i, TopologicalSpace ℝ] ✓.

Replace both `continuous_apply (A := ...) j` with `PiLp.continuous_apply (p := 2) (β := fun _ : Fin (n + 1) => ℝ) j`.
dsh: reasoning:
Good progress — the earlier sections pass now. Remaining:

1. Line 140/145: `rw [simplexDir_last]` fails to match — because inside the lambda, `simplexDir n y (Fin.last (n+1))` — the rw pattern should match... it says "Did not find an occurrence of the pattern `simplexDir ?n ?y (Fin.last (?n + 1))` in the target `Continuous fun y => simplexDir n y (Fin.last (n + 1))`" — the simp lemma simplexDir_last's LHS is `simplexDir n y (Fin.last (n + 1))` — inside the lambda binder `y` — rw can't rewrite under the lambda because the lemma is about `y` as a free variable? No — rw should handle binders by generalizing... The issue: my simp lemma has `(n : ℕ) (y : EuclideanSpace ℝ (Fin (n + 1)))` — the lemma LHS `simplexDir n y (Fin.last (n + 1))` — matching under the binder... rw's pattern matching on `simplexDir n y (Fin.last (n + 1))` in `fun y => simplexDir n y (Fin.last (n+1))` — should work. Hmm — "Did not find an occurrence" — maybe because `simp`/`rw` unfolds the lemma to `@simp] theorem` with `[simp]` attribute — rw uses the lemma's LHS — wait maybe the issue is the lemma LHS after elaboration is `simplexDir n y (Fin.last (n + 1))` but in the target the Fin.last argument is elaborated differently (e.g., `Fin.last (n+1)` in target vs `Fin.last n` + ...). Hmm — target shows exactly `simplexDir n y (Fin.last (n + 1))`.

OH — I see: the problem might be that `rw` needs to match under a lambda — rw DOES handle that ("rw" rewrites under binders by default). Hmm — unless the lemma is a `[simp]` theorem and `rw [simplexDir_last]` — when you name a simp theorem in rw, it uses the REWRITE form... should still work.

Wait — actually the real issue: rw failed because the lemma statement, when read as a rewrite, has LHS `simplexDir n y (Fin.last (n + 1))` with y BOUND inside the target lambda — rw treats the free variables of the lemma as metavariables/unification variables — `y` in the lemma is a metavar that must unify with the BOUND y in target — that's not allowed directly (bound variable capture). rw handles this via higher-order matching?? rw DOES support rewriting under binders — "rw [h]" rewrites occurrences under lambdas. I've seen it fail like this when the lemma's binder is itself a metavariable that appears BOTH in the LHS... hmm — in simplexDir_last, `y` appears only once in LHS — should be fine...

Actually — hmm, maybe the problem: my theorem has arguments `(n : ℕ) (y : EuclideanSpace ℝ (Fin (n + 1)))` and the TARGET has `(n : ℕ)` fixed and `y` bound. rw should instantiate n := n ✓. Let me just use `simp only [simplexDir]` instead: unfold the def: `simp only [simplexDir, Fin.lastCases_last]` — since `Fin.lastCases_last : Fin.lastCases last cast (Fin.last n) = last` — so simp can compute `simplexDir n y (Fin.last (n+1))` = `Fin.lastCases (n := n+1) (-∑...) (fun j => y j) (Fin.last (n+1))` = `-∑ j, y j` ✓ via simp [simplexDir, Fin.lastCases_last]? or just `simp [simplexDir]` (Fin.lastCases_last is a simp lemma? It's @[simp]? From the probe: `Fin.lastCases_last` and `Fin.lastCases_castSucc` exist — are they simp-tagged? Likely yes.) So:

```lean
    simp only [simplexDir, Fin.lastCases_last]
```
then goal: Continuous (fun y => -∑ j, y j) — wait — `simp only` in the goal `Continuous fun y => simplexDir n y (Fin.last (n+1))` — the target is a proposition; simp rewrites `simplexDir n y (Fin.last (n+1))` — but y is bound — simp handles this ✓. Then exact continuous_neg.comp hsum ✓.

Actually — even simpler: why did rw fail... let me not fight it; use `dsimp [simplexDir]`? dsimp unfolds definitions — `dsimp [simplexDir]` would replace with `Fin.lastCases ... (Fin.last (n+1))` — not further reduce. Use `simp only [simplexDir, Fin.lastCases_last]`. Hmm — but does simp beta-reduce `(fun j => y j)` — yes as needed.

2. Line 326: hcast rw issue: `rw [show ((n+1:ℕ):ℝ) + 1 = ((n+2:ℕ):ℝ) by norm_num [Nat.cast_add]]` failed "Did not find an occurrence of the pattern ↑(n+1)+1" in `↑(n+1) * c + c = ↑(n+2) * c` — the goal has `↑(n+1) * c + c`, pattern is `↑(n+1) + 1` — not present as a subterm (multiplication binds tighter — the goal shows `↑(n + 1) * simplexCenter n + simplexCenter n` — the pattern `↑(n+1) + 1` doesn't literally occur). My plan was wrong: I need to prove hcast by converting: ↑(n+1) * c + c = (↑(n+1) + 1) * c — ring first, then rewrite. 

```lean
      have hcast : ((n + 1 : ℕ) : ℝ) * simplexCenter n + simplexCenter n =
          ((n + 2 : ℕ) : ℝ) * simplexCenter n := by
        calc
          ((n + 1 : ℕ) : ℝ) * simplexCenter n + simplexCenter n
              = (((n + 1 : ℕ) : ℝ) + 1) * simplexCenter n := by ring
          _ = ((n + 2 : ℕ) : ℝ) * simplexCenter n := by
            rw [show ((n + 1 : ℕ) : ℝ) + 1 = ((n + 2 : ℕ) : ℝ) by
              norm_num [Nat.cast_add]]
```
and the `norm_num [Nat.cast_add]` leftover: `⊢ ↑n + 1 + 1 = ↑n + 2` — norm_num can't close `↑n + 2 = ↑n + 1 + 1`?? It shows unsolved goal `↑n + 1 + 1 = ↑n + 2` — norm_num doesn't handle Nat.cast_add automatically... `norm_num [Nat.cast_add]` gives `↑(n + 1) + 1 = ↑(n + 2)` → by Nat.cast_add: `↑(n+1+1) = ↑(n+2)` → need n+1+1 = n+2 — norm_num fails on `↑n + 1 + 1 = ↑n + 2` — hmm that's nat arithmetic inside casts: norm_num handles ↑(n+1+1) vs ↑(n+2)? It printed goal `↑n + 1 + 1 = ↑n + 2` — reordered. Try `rw [Nat.cast_add, Nat.cast_add]` then ring_nf? `↑(n+1) + 1 = ↑(n+2)`: rw [Nat.cast_add] twice: `↑n + ↑1 + 1 = ↑n + ↑2` — ↑1 = 1, ↑2 = 2 by norm_num — then ring: n + 1 + 1 = n + 2 ✓ — ring doesn't do nat-to-real coercion arithmetic... `norm_num` alone after rw? Let me write:
```lean
              have hnat : ((n + 1 : ℕ) : ℝ) + 1 = ((n + 2 : ℕ) : ℝ) := by
                rw [Nat.cast_add, Nat.cast_add]
                norm_num
                ring
```
hmm — norm_num on `↑n + 1 + 1 = ↑n + 2`: n is a variable — norm_num CAN handle `↑n + 1 + 1 = ↑n + 2`? It handles nat casting normalization? Not reliably. Use `ring_nf` at the end: after rw [Nat.cast_add x2]: goal `↑n + ↑1 + 1 = ↑n + ↑2` — hmm ↑1 : ℝ — norm_num [Nat.cast_one?]... Let me do:
```lean
              rw [Nat.cast_add]
              norm_num
              ring
```
rw [Nat.cast_add] once: `↑(n+1) + 1` → hmm Nat.cast_add : ↑(a+b) = ↑a + ↑b — rewriting `↑(n+1)` → `↑n + ↑1`? rw [Nat.cast_add] matches ↑(n+1) ✓ → `(↑n + ↑1) + 1 = ↑(n+2)` — then norm_num turns ↑1 → 1, ↑(n+2) → ↑n + ↑2?? no — norm_num might expand ↑(n+2) via... then ring: `(↑n + 1) + 1 = ↑n + 2` ✓ if norm_num normalizes ↑1=1, ↑2=2. `norm_num` does Nat.cast of numerals: `norm_num` proves ↑1 = 1? As a normalization: norm_num normalizes numerals including casts of numerals ✓. So: rw [Nat.cast_add, Nat.cast_add]; norm_num; ring — wait after two rw's: ↑n + ↑1 + ↑1 = ↑n + ↑2 — norm_num: ↑1→1, ↑2→2: n + 1 + 1 = n + 2 — ring closes ✓ (n : ℝ atom). But `↑n` — norm_num won't touch. Then ring needs the goal as `↑n + 1 + 1 = ↑n + 2` — ✓ ring.

Alternatively — avoid this entirely: use nlinarith with hnat:
```lean
      have hnat : ((n + 1 : ℕ) : ℝ) + 1 = ((n + 2 : ℕ) : ℝ) := by
        norm_num [Nat.cast_add]
```
did norm_num close it? The unsolved goal shown was `↑n + 1 + 1 = ↑n + 2` — so norm_num [Nat.cast_add] left that. Add `ring`:
```lean
        norm_num [Nat.cast_add]
        ring
```

3. Line 328: after hcast, `rw [hcast, simplexCenter_total n]` — failed to find `↑(n+1) * c + c` because ring_nf normalized the goal to `↑(1+n) * c + c = 1` — `1+n` vs `n+1` — DEFEQ so rw should match... "Did not find an occurrence of the pattern ↑(n + 1) * simplexCenter n + simplexCenter n" — hmm — the goal shows `↑(1 + n) * simplexCenter n + simplexCenter n = 1` — 1+n and n+1 are defeq — rw usually matches defeq... rw uses syntactic matching with reducible transparency? It uses `Lean.Meta.KAbstract` with transparency reducible — 1+n vs n+1 — NOT reducible-equal (they're defeq only via theorem n+1=1+n — actually Nat.add is defined by recursion on first arg: 1+n = Nat.succ n defeq n+1 = Nat.succ n — YES 1+n and n+1 are BOTH Nat.succ n — defeq by reduction!). Hmm — then why not matched... rw does unfold definitions at reducible — `HAdd.hAdd 1 n` vs `HAdd.hAdd n 1` — Nat.add 1 n reduces to succ n; Nat.add n 1 reduces to Nat.succ n ✓ both reduce. rw should see them... maybe the issue is that rw matched hcast's LHS but the whole hcast rw [hcast, simplexCenter_total n] — the FIRST rw failed?? Error says failed to find `↑(n + 1) * c + c` in target — hmm. OK use `nlinarith [hcast, simplexCenter_total n]`? The goal: ↑(1+n)*c + c = 1 — hcast: ↑(n+1)*c + c = ↑(n+2)*c — total: ↑(n+2)*c = 1 — nlinarith [hcast, simplexCenter_total n] ✓ handles (matching 1+n vs n+1 via normalization? nlinarith normalizes numerals? It normalizes `1+n` and `n+1` as polynomials — YES nlinarith handles this fine).

4. Line 378: `rw [simplexDir_castSucc]`-ish failure in `truncToCenter_sphereToSimplexBoundary`? Line 378: `Tactic rewrite failed: Did not find an occurrence of the pattern ?m.112⁻¹ * ?m.112` — that's `rw [inv_mul_cancel...]`? No — that's in `simplexBoundaryToSphere_sphereToSimplexBoundary` — `rw [hnorm, smul_smul, inv_mul_cancel (ne_of_gt hlambda_pos), one_smul]` — inv_mul_cancel₀ pattern `?a⁻¹ * ?a` — the goal after hnorm: `(λ⁻¹) • (λ • y) = y` — wait smul_smul rewrites to `((λ)⁻¹ * λ) • y` then inv_mul_cancel₀ needs... the pattern shown `?m.112⁻¹ * ?m.112` — `inv_mul_cancel₀` — hmm — the rw chain: after smul_smul, goal `(simplexLambda n ↑y)⁻¹ * simplexLambda n ↑y • y = y` — `inv_mul_cancel₀ (ne_of_gt hlambda_pos)` : (λ)⁻¹ * λ = 1 — pattern match: `(simplexLambda n ↑y)⁻¹ * simplexLambda n ↑y` — appears ✓... but the error says not found — maybe the mul is `*` vs `•` — `(λ)⁻¹ * λ • y` parses as `((λ)⁻¹ * λ) • y`? No! `•` binds tighter than `*`? In Lean, `λ⁻¹ * λ • y` parses as `λ⁻¹ * (λ • y)` — smul_smul rewrote `λ⁻¹ • (λ • y)` → `(λ⁻¹ * λ) • y` — parentheses fine. Hmm — then inv_mul_cancel₀ pattern `?m⁻¹ * ?m` — LHS is `(λ⁻¹) * λ`? YES matches...

Hmm wait — the error at 378 is BEFORE those lines? Let me view line 370-390. Actually the reported failing pattern is at 378:24 — let me look.
dsh: reasoning:
Line 378: `rw [hnorm, smul_smul, inv_mul_cancel (ne_of_gt hlambda_pos), one_smul]` — `inv_mul_cancel` needs Group ℝ which fails? The error was "Tactic rewrite failed: Did not find an occurrence of the pattern ?m.112⁻¹ * ?m.112" — hmm — after `rw [hnorm]`: goal `(λ⁻¹) • (λ • y) = y`; `smul_smul` — pattern `a₁ • a₂ • b` → hmm — rw [smul_smul] on `(λ⁻¹) • (λ • y)`: LHS of smul_smul is `a₁ • a₂ • b` which parses as `(a₁ • a₂) • b`?? smul_smul : a₁ • a₂ • b = (a₁ * a₂) • b — hmm — the LHS `a₁ • a₂ • b` — right-associated: a₁ • (a₂ • b)? No — `•` is left-associative: `a₁ • a₂ • b` = `(a₁ • a₂) • b` — that's smul_assoc? The smul_smul lemma: `a₁ • a₂ • b = (a₁ * a₂) • b` — for M • M • α — LEFT assoc — so matching `λ⁻¹ • (λ • y)` — needs the a₂ = λ and b = y: LHS pattern `?a₁ • ?a₂ • ?b` = `(?a₁ • ?a₂) • ?b` — but the target is `λ⁻¹ • (λ • y)` = `λ⁻¹ • λ • y` — left-assoc = `(λ⁻¹ • λ) • y` — hmm — `λ⁻¹ • (λ • y)`: in the goal, is it printed with parens? The goal after rw [hnorm]: `(simplexLambda n ↑y)⁻¹ • (simplexLambda n ↑y • ↑y) = ↑y`? hmm — wait — I wrote in the ORIGINAL goal `(‖...‖)⁻¹ • truncToCenter ...` where truncToCenter = λ • y — so goal: `(λ)⁻¹ • (λ • y) = y`. rw [smul_smul] — the pattern `?a₁ • ?a₂ • ?b` — left-assoc interpretation — matches `(λ⁻¹ • λ) • y` — NOT `λ⁻¹ • (λ • y)`. So smul_smul FAILED to match?? But the error was about `?m⁻¹ * ?m` — the SECOND rw... — no — the error position 378:24 = the inv_mul_cancel part. So smul_smul matched?? Hmm — smul_smul's LHS as rw pattern: `a₁ • a₂ • b` — hmm — with explicit parens in the lemma: `a₁ • a₂ • b = (a₁ * a₂) • b` — when used as rw, matches `(a₁ • a₂) • b` occurrences... in the goal `λ⁻¹ • (λ • y)` — the subterm `λ⁻¹ • λ` is NOT a valid smul (λ⁻¹ : ℝ, λ : ℝ — ℝ • ℝ = mul) — hmm — the goal's actual parse: `(λ)⁻¹ • (λ • y)` where the first • is scalar action on EuclideanSpace and inside is λ • y scalar action — the pattern a₁ • a₂ • b with a₂ : ℝ — a₁ • a₂ would be ℝ acting on ℝ — mul — matches only if the goal is `(λ⁻¹ • λ) • y`. Since goal has explicit parens `λ⁻¹ • (λ • y)`, no match. So smul_smul didn't apply, and then `inv_mul_cancel` (with its pattern `a⁻¹ * a` — hmm — wait inv_mul_cancel : a⁻¹ * a = 1 — pattern ?m⁻¹ * ?m — in goal `λ⁻¹ • (λ • y)` — no `*` occurrence — fails with exactly that message ✓. 

FIX: use `rw [smul_smul]` in the RIGHT shape: the goal `λ⁻¹ • (λ • y)` — hmm smul_smul won't match. Instead: prove `(λ⁻¹) • (λ • y) = y` via: `rw [← smul_smul, ...]`? ← smul_smul turns `(a₁ * a₂) • b` into a₁ • a₂ • b — no. Use the mul version: `(λ⁻¹ * λ) • y` — hmm — `(λ⁻¹) • (λ • y) = (λ⁻¹ * λ) • y` — that's exactly smul_smul with a₁ • (a₂ • b)?? Hmm — smul_smul's stated form: `a₁ • a₂ • b = (a₁ * a₂) • b` — left-assoc LHS — NOT what I want. There's `smul_smul` another variant? For the right version: `a • (b • x) = (a * b) • x` — hmm — `mul_smul`? or is smul_smul actually `a₁ • a₂ • b = (a₁ * a₂) • b` with implicit parens meaning... In mathlib `smul_smul : a₁ • a₂ • b = (a₁ * a₂) • b` — and note `a₁ • a₂ • b` — since SMul M M exists (M monoid acts on itself), this lemma is about M • M • α — the LHS must be parsed (a₁ • a₂) • b. Hmm — but actually — in mathlib the common usage `rw [smul_smul]` handles `a • (b • x)` → `(a*b) • x`?? Let me think — the lemma:
```lean
theorem smul_smul [Monoid M] [MulAction M α] (a₁ a₂ : M) (b : α) : a₁ • a₂ • b = (a₁ * a₂) • b
```
`a₁ • a₂ • b` — `•` is left-assoc, so = `(a₁ • a₂) • b` — where a₁ • a₂ uses the SMul M M instance (from Monoid). So the lemma is: `(a₁ • a₂) • b = (a₁ * a₂) • b` — and since SMul M M = mul, it's basically associativity for the right... So to rewrite `a • (b • x)`: need `← mul_smul`? Hmm: `mul_smul : (a * b) • x = a • b • x`? There's `mul_smul : a * b • x = a • b • x` — with rw [← mul_smul]? — hmm — or just use `smul_smul` with `rw [← smul_smul]`: rw [← smul_smul] turns `(a₁ * a₂) • b` into `(a₁ • a₂) • b` — not helpful.

SIMPLEST: prove the scalar algebra step with `rw [← one_smul ℝ y]` + `congrArg (· • y)`:
```lean
  have hmul : (simplexLambda n (y : E))⁻¹ * simplexLambda n (y : E) = 1 := inv_mul_cancel₀ (ne_of_gt hlambda_pos)
  rw [hnorm]
  change (simplexLambda n (y : E))⁻¹ • (simplexLambda n (y : E) • (y : E)) = (y : E)
  rw [← mul_smul, hmul, one_smul]
```
Hmm — `mul_smul : (a * b) • x = a • b • x`? — hmm — that's for mul on the left: (a*b) • x = a • b • x — again the left-assoc thing... In mathlib the standard: `rw [← smul_smul]`?? Let me recall actual usage: for `a • (b • x) = (a*b) • x` in mathlib you use `smul_smul` with the target written as `a • b • x`... The PRINCIPLE: in mathlib, `a • b • x` ALWAYS means `a • (b • x)` in USAGE because for monoid M acting on α, the SMul M M instance coincides with mul, and the simp normal form of `a • b • x` (with a : M, b : M, x : α) is `(a * b) • x` via smul_smul. The lemma is stated `a₁ • a₂ • b = (a₁ * a₂) • b` and parses left-assoc as `(a₁ • a₂) • b = (a₁ * a₂) • b` — hmm — but then it rewrites `(a₁ • a₂) • b` — with a₁ • a₂ = a₁ * a₂ (defeq? mul and smul on M: SMul M M via Monoid.toMulAction — a₁ • a₂ = a₁ * a₂ DEFEQ ✓). So `(a₁ • a₂) • b` — since a₁ • a₂ = a₁ * a₂ — the pattern in terms of `*` is `(a₁ * a₂) • b = (a₁ * a₂) • b` — tautology?? That can't be the intent... 

I'm overcomplicating. In LEAN, `a₁ • a₂ • b` — the SMul notation is right-associative?? If • were right-assoc, `a₁ • a₂ • b` = `a₁ • (a₂ • b)` ✓ that makes the lemma meaningful: a₁ • (a₂ • b) = (a₁ * a₂) • b ✓. Actually YES — smul notation in mathlib is declared right-associative (`infixr:73 " • " => HSMul.hSMul`)! That's why smul_smul works for nested. OK so rw [smul_smul] DOES match `λ⁻¹ • (λ • y)` — hmm — then why did the error point to inv_mul_cancel? The error: "Tactic rewrite failed: Did not find an occurrence of the pattern ?m.112⁻¹ * ?m.112 in the target expression" — at 378:24. Line 378 column 24 = `inv_mul_cancel` position ✓. So smul_smul APPLIED ✓, producing goal `((λ⁻¹ * λ)) • y = y` — then `inv_mul_cancel` — I used `inv_mul_cancel` — GROUP version — ℝ is not Group... wait — inv_mul_cancel for Group: the error "did not find pattern" — if ℝ lacked the Group instance, the error would be synthesis failure. The pattern-not-found error means: after smul_smul, the goal is `(λ⁻¹ * λ) • y = y` and rw [inv_mul_cancel (ne_of_gt hlambda_pos)] — the REWRITE LEMMA is `inv_mul_cancel (a : G) : a⁻¹ * a = 1` — rw with an ARGUMENT `inv_mul_cancel (ne_of_gt hlambda_pos)` — applying the GROUP lemma to a proof — G = ℝ — synthesis of Group ℝ FAILS — and when lemma application fails, rw reports pattern not found?? The message shows pattern `?m.112⁻¹ * ?m.112` not found — hmm — because with G unsolved the LHS couldn't even be formed... whatever. FIX: use `inv_mul_cancel₀`:

```lean
  rw [hnorm, smul_smul, inv_mul_cancel₀ (ne_of_gt hlambda_pos), one_smul]
```
✓.

Also — one thing to double check: `rw [hnorm]` — the goal `(‖λ • y‖)⁻¹ • (λ • y) = y` — rw hnorm (‖λ•y‖ = λ) → `λ⁻¹ • (λ • y) = y` ✓.

Let me apply the fixes:
1. continuous_simplexDir_apply: replace `rw [simplexDir_last]`/`rw [simplexDir_castSucc]` with `simp only [simplexDir, Fin.lastCases_last]` / `simp only [simplexDir, Fin.lastCases_castSucc]`.
2. hcast proof: restructure with calc + norm_num [Nat.cast_add]; ring.
3. line 328: use nlinarith [hcast, simplexCenter_total n] instead of rw.
4. inv_mul_cancel → inv_mul_cancel₀.
dsh: reasoning:
The python script modified the file outside the editor tracking. Let me re-read the relevant portions and re-apply edits.
dsh: reasoning:
More progress. Issues:

1. Line 333: nlinarith failed on the goal `↑(1+n) * c + c = 1` with hcast: `↑(n+1) * c + c = ↑(n+2) * c` and hc (simplexCenter_total n): `↑(n+2) * c = 1`. nlinarith case-split `a✝ : ↑(1+n) * c + c < 1` — should derive False from hcast + total: ↑(1+n)*c + c = ↑(n+1)*c + c = ↑(n+2)*c = 1. nlinarith should normalize 1+n vs n+1... nlinarith treats ↑(1+n) and ↑(n+1) — hmm, in nlinarith these are different atoms?! nlinarith's preprocessing doesn't reduce `1+n` to `n+1`? Apparently not. FIX: avoid the mismatch — make hcast about `↑(1 + n)`: change hcast's statement to use the form that appears in the goal: goal after ring_nf is `↑(1 + n) * simplexCenter n + simplexCenter n = 1` (as shown in the case). So:

```lean
      have hcast : ((1 + n : ℕ) : ℝ) * simplexCenter n + simplexCenter n =
          ((n + 2 : ℕ) : ℝ) * simplexCenter n := by
        calc
          ((1 + n : ℕ) : ℝ) * simplexCenter n + simplexCenter n
              = (((1 + n : ℕ) : ℝ) + 1) * simplexCenter n := by ring
          _ = ((n + 2 : ℕ) : ℝ) * simplexCenter n := by
            congr 1
            norm_num [Nat.cast_add]
            ring
      nlinarith [hcast, simplexCenter_total n]
```
Hmm — `1 + n` vs `n + 1` — 1+n reduces to succ n ✓ same as n+1. But for SAFETY: since the goal form is `↑(1+n)*c + c = 1`, hcast with `↑(1+n)` matches syntactically? hcast LHS `↑(1+n) * c + c` — goal `↑(1+n) * c + c = 1` — nlinarith [hcast, hc] — atoms: ↑(1+n), c — hcast: A*c + c = B*c with B = ↑(n+2) — hmm — but hc : ↑(n+2) * c = 1 ✓ — then A*c + c = 1 directly via hcast + hc — nlinarith: A*c + c = B*c and B*c = 1 ⟹ A*c + c = 1 ✓ pure linear. 

Wait — but will `norm_num [Nat.cast_add]` close `↑(1+n) + 1 = ↑(n+2)`? nat: 1+n+1 = n+2 ✓. In ℝ: ↑(1+n) + 1 = ↑(n+2): rw [Nat.cast_add] on ↑(1+n): ↑1 + ↑n + 1 = ↑(n+2): norm_num: 1 + n + 1 = n + 2 — ring handles n + 2 = n + 2 ✓. Hmm — norm_num handles ↑1 → 1 ✓; ↑(n+2) — norm_num might expand to ↑n + 2 ✓. Then ring ✓. I'll keep `norm_num [Nat.cast_add]; ring`.

Hmm — actually, hold on: why did the ORIGINAL error show `a✝ : ↑(1 + n) * c + c < 1` — nlinarith case-splitting on the GOAL — with hcast about ↑(n+1) — nlinarith did not identify ↑(1+n) = ↑(n+1) — atoms differ. So yes, write hcast with 1+n. Even simpler alternative — replace the final `nlinarith [hcast, simplexCenter_total n]` with explicit rw chain:

```lean
      rw [hcast, simplexCenter_total n]
```
hcast LHS `↑(1+n)*c + c` — goal has exactly `↑(1+n) * c + c = 1` — rw [hcast] ✓ matches syntactically (1+n matches 1+n ✓) — rw handles defeq at reducible transparency — 1+n is reducible to succ n; in BOTH goal and hcast they're the same expr so ✓. Then simplexCenter_total: `↑(n+2) * c = 1` ✓. Use rw directly — simplest. But careful — ring_nf may normalize the goal differently on next runs... it showed `↑(1 + n) * simplexCenter n + simplexCenter n = 1` consistently. OK rw [hcast, simplexCenter_total n].

2. Line 416: `Finset.sum_congr rfl hcoord` — hcoord type `∀ j, ...` vs expected `∀ x ∈ univ, ...`. Use `Finset.sum_congr rfl (fun j hj => hcoord j)`. Also hcoord's proof used `rfl` for `(t⁻¹ • u) j = t⁻¹ * u j` — the elaborated hcoord says `(t⁻¹ • u).ofLp j = t⁻¹ * u.ofLp j` — rfl worked?? It typechecked (the error is only at sum_congr application) — because smul on PiLp: (t⁻¹ • u).ofLp j = t⁻¹ * u.ofLp j — hmm — actually for the smul instance on PiLp, `(c • x).ofLp j = c • x.ofLp j` — and c • (x.ofLp j) for ℝ = c * x.ofLp j — defeq? The ℝ smul on ℝ = multiplication — mathlib: `instSMulℝ`? hmm — `a • b = a * b` for ℝ — is it defeq or theorem (smul_eq_mul)? If theorem, rfl fails... but hcoord elaborated fine apparently (error came later). Hmm — the type shown: `∀ (j : Fin (n + 1)), (t⁻¹ • u).ofLp j = t⁻¹ * u.ofLp j` — so `rfl` closed it — meaning smul on PiLp coordinates IS defeq multiplication for ℝ (because PiLp inherits Pi.instSMul where ℝ•ℝ = mul... and ℝ's SMul on itself: `mulAction` → `a • b = a * b` rfl? For ℝ: instance SMul ℝ ℝ := MulAction.toSMul? or Algebra — `Algebra ℝ ℝ` — smul_def... The rfl worked per elaboration, good.)

So fix: `rw [Finset.sum_congr rfl (fun j _ => hcoord j)]` — wait sum_congr signature: `(h₁ : s₁ = s₂) (h₂ : ∀ a ∈ s₁, f₁ a = f₂ a)`. Here s₁ = s₂ = univ: first arg rfl ✓ second `fun j hj => hcoord j` ✓.

Hmm — actually why use sum_congr at all — `simp_rw`? Or better: `rw [Finset.mul_sum]`-style: `(∑ j, (t⁻¹ • u).ofLp j) = (∑ j, u.ofLp j) / t` — via mul_sum: `∑ j, t⁻¹ * u.ofLp j = t⁻¹ * ∑ j, u.ofLp j` — hmm — with hcoord rewriting inside: `simpa [hcoord]`? hcoord isn't a simp lemma. Use:
```lean
    have hsumu : (∑ j : Fin (n + 1), (t⁻¹ • u) j) = (∑ j : Fin (n + 1), u j) / t := by
      calc
        (∑ j : Fin (n + 1), (t⁻¹ • u) j) = ∑ j : Fin (n + 1), (t⁻¹ * u j) := by
          apply Finset.sum_congr rfl
          intro j hj
          exact hcoord j
        _ = t⁻¹ * (∑ j : Fin (n + 1), u j) := by
          rw [Finset.mul_sum]
        _ = (∑ j : Fin (n + 1), u j) / t := by
          rw [div_eq_inv_mul, mul_comm]  -- hmm — t⁻¹ * S = S/t: div_eq_inv_mul : a/b = b⁻¹ * a — so S/t = t⁻¹ * S ✓ exact (div_eq_inv_mul S t).symm
```
Hmm — but hsumu as currently stated uses `.ofLp` in the type — the displayed type: `hsumu : ∑ j, (t⁻¹ • u).ofLp j = (∑ j, u.ofLp j) / t` — wait where did ofLp come from — `(t⁻¹ • u) j` elaborates to ofLp — fine, I'll work with ofLp consistently. Note in hsumu I declared it with `(t⁻¹ • u) j` — the let u is EuclideanSpace; `(t⁻¹ • u) j` — via PiLp CoeFun = ofLp ✓.

Then `simplexDir n (simplexBoundaryToSphere n s) last = -∑ j, ((simplexBoundaryToSphere n s : E) j)` — where simplexBoundaryToSphere n s = ⟨t⁻¹ • u, _⟩ — so `((simplexBoundaryToSphere n s : E) j) = (t⁻¹ • u) j` — the goal at 427: `-∑ x, (↑(simplexBoundaryToSphere n s)).ofLp x = (↑s (last) - c)/t` — needs rw [hsumu] to match `∑ j, (t⁻¹ • u).ofLp j` — the goal's sum is over `(↑(simplexBoundaryToSphere n s)).ofLp x` — NOT syntactically `(t⁻¹ • u).ofLp j` — need to unfold: simplexBoundaryToSphere n s = ⟨t⁻¹ • u, mem⟩ so the coercion... I defined u/t as lets: `let u := truncToCenter n (s : ...)`, `let t := ‖u‖` — and simplexBoundaryToSphere n s = ⟨t⁻¹ • u, ...⟩ — the goal needs rewriting `(↑(simplexBoundaryToSphere n s)) = t⁻¹ • u` — via dsimp [simplexBoundaryToSphere, u, t]. Let me restructure the last-coordinate branch:

```lean
  · -- last coordinate
    have hsumu : (∑ j : Fin (n + 1), (t⁻¹ • u) j) = (∑ j : Fin (n + 1), u j) / t := ...
    have hsumdiff : (∑ j : Fin (n + 1), u j) = simplexCenter n - (s : Fin (n + 2) → ℝ) (Fin.last (n + 1)) := by ...
    simp only [simplexDir_last]
    dsimp [simplexBoundaryToSphere, u, t]
    change -(∑ j : Fin (n + 1), (t⁻¹ • u) j) = ((s : Fin (n + 2) → ℝ) (Fin.last (n + 1)) - simplexCenter n) / t
    rw [hsumu, hsumdiff]
    field_simp [ne_of_gt htpos]
    ring
```
Note `dsimp [simplexBoundaryToSphere]` — simplexBoundaryToSphere n s = ⟨t⁻¹ • u, mem⟩ — the coercion `(↑(simplexBoundaryToSphere n s)).ofLp x` — dsimp should expose `(t⁻¹ • u)`? `↑⟨v, p⟩ = v` — dsimp with the def — hmm — the RHS in the goal after simp only [simplexDir_last]: `-∑ x, (↑(simplexBoundaryToSphere n s)).ofLp x = (↑s last - c)/t` — need to change the LHS — `change` after dsimp. Let me write `change -((∑ j : Fin (n+1), (t⁻¹ • u) j)) = ((s : ...) last - c)/t` — defeq? `(↑(simplexBoundaryToSphere n s))` — since s : SimplexBoundaryFn and simplexBoundaryToSphere n s : Sphere — coercion — then `.ofLp x` — the underlying of ⟨t⁻¹ • u, _⟩ is t⁻¹ • u ✓ — but `u` and `t` are LETS — dsimp [u, t] unfolds them in the goal ✓ — but the `⟨...⟩` structure — change needs defeq through the let-unfold and the subtype-coercion — should be fine after `dsimp [simplexBoundaryToSphere, u, t]`.

Hmm — wait, but the `hdir`/motive version — the hdir theorem's last-case branch currently:
```lean
    simp only [simplexDir_last]
    rw [hsumu, hsumdiff]
    field_simp [ne_of_gt htpos]
    ring
```
where hsumu was defined with `(t⁻¹ • u) j` — the goal after simp only is `-∑ x, (↑(simplexBoundaryToSphere n s)).ofLp x = ...` — rw [hsumu] needs `∑ x, (t⁻¹ • u) x` — add the dsimp/change. Also hsumdiff uses `u` — dsimp [u] in its proof handled? hsumdiff's proof: `dsimp [u, truncToCenter]` ✓ exists. But hsumdiff's CONCLUSION has `u` — when rw [hsumdiff] on the goal with u unfolded — mismatch — so unfold AFTER rw? Order: rw [hsumu, hsumdiff] then field_simp — but hsumu's LHS `∑ j, (t⁻¹ • u) j` vs goal `∑ x, (↑(...)).ofLp x` — hmm.

Cleaner approach: make hsumu/hsumdiff stated WITHOUT the lets (with explicit u = truncToCenter n (s : ...))? The lets were for readability. Alternative: in the last branch, do everything with dsimp FIRST then rewrite:

```lean
    simp only [simplexDir_last]
    dsimp [simplexBoundaryToSphere, u, t]
    change -(∑ j : Fin (n + 1), (t⁻¹ • truncToCenter n (s : Fin (n + 2) → ℝ)) j) =
      ((s : Fin (n + 2) → ℝ) (Fin.last (n + 1)) - simplexCenter n) / ‖truncToCenter n (s : Fin (n + 2) → ℝ)‖
    rw [hsumu, hsumdiff]
    field_simp [ne_of_gt htpos]
    ring
```
Hmm — dsimp [u, t] would ALSO unfold u,t in hsumu/hsumdiff if they're referenced... no — rw uses the THEOREM hsumu as-is (its statement has the let-bound u/t — the let in the theorem statement... wait — hsumu was proved INSIDE the theorem after `let u := ...; let t := ...` — so hsumu's statement is `(∑ j, (t⁻¹ • u) j) = (∑ j, u j)/t` with u,t as LOCAL LET CONSTANTS — when I rw with hsumu, the rw pattern contains the let-bound constants u and t — the goal (after my dsimp [u, t]) has them UNFOLDED — mismatch. So DON'T dsimp [u,t] in the goal; instead make the goal match hsumu's LHS:

Goal LHS: `∑ x, (↑(simplexBoundaryToSphere n s)).ofLp x` — need to show equals `∑ j, (t⁻¹ • u) j` — the coercion: `(↑(simplexBoundaryToSphere n s))` = t⁻¹ • u — as a THEOREM via dsimp [simplexBoundaryToSphere] only (not unfolding u/t): `dsimp [simplexBoundaryToSphere]` — the def is `⟨(‖truncToCenter n (s : Fin (n + 2) → ℝ)‖)⁻¹ • truncToCenter n (s : Fin (n + 2) → ℝ), _⟩` — unfolding gives `(‖truncToCenter ...‖)⁻¹ • truncToCenter ...` — and `‖truncToCenter ...‖` = t (defeq via let) ✓ and `truncToCenter ...` = u ✓ — but in the goal, do these defeqs hold automatically? t is a LET-local: `t = ‖u‖` where `u = truncToCenter n (s : ...)`. dsimp [simplexBoundaryToSphere] produces `(‖truncToCenter n ↑s‖)⁻¹ • truncToCenter n ↑s` — and hsumu's `t⁻¹ • u` — t unfolds to ‖u‖ = ‖truncToCenter n ↑s‖ ✓ defeq — u unfolds to truncToCenter n ↑s ✓ — so rw [hsumu] can match? rw's matching unfolds let-bound constants? Local lets are reducible — rw uses `withReducible` — LETS are unfolded at reducible? Local `let` definitions ARE reducible (they're transparent constants... hmm — local let in Lean is a local definition with `.fvar` — unfolding in rw? The `dsimp` would need to run. Rather than guess: use `dsimp [u, t]` on hsumu's statement via `dsimp [u, t] at hsumu`? That would change hsumu into the unfolded version: `(∑ j, (‖truncToCenter n ↑s‖)⁻¹ • truncToCenter n ↑s) j) = ...` — hmm clunky.

SIMPLEST FIX: restate the whole hdir proof WITHOUT lets — inline `truncToCenter n (s : ...)` everywhere. The lets u/t help htpos/hlambda readability but cause rw friction. Alternatively — keep lets but do the last-branch as:

```lean
    simp only [simplexDir_last]
    -- rewrite the goal's LHS sum using that (simplexBoundaryToSphere n s : E) = t⁻¹ • u
    have hcoe : ((simplexBoundaryToSphere n s : EuclideanSpace ℝ (Fin (n + 1))) = t⁻¹ • u) := rfl
    rw [hcoe, hsumu, hsumdiff]
    field_simp [ne_of_gt htpos]
    ring
```
`hcoe : (... : E) = t⁻¹ • u` by rfl — the coercion of the subtype ⟨v, p⟩ is v = (‖truncToCenter n ↑s‖)⁻¹ • truncToCenter n ↑s — and t⁻¹ • u with t = ‖u‖, u = truncToCenter n ↑s — t⁻¹ = (‖u‖)⁻¹ — defeq? t is a let: `t := ‖u‖` — `t⁻¹` unfolds to `(‖u‖)⁻¹` ✓ reducible. And u unfolds ✓. So rfl works ✓ (lets unfold by delta in rfl ✓). Then rw [hcoe] turns the goal's summand into `(t⁻¹ • u).ofLp x` matching hsumu ✓.

And hsumu's proof: fix the sum_congr application. Let me rewrite hsumu cleanly:

```lean
    have hsumu : (∑ j : Fin (n + 1), (t⁻¹ • u) j) = (∑ j : Fin (n + 1), u j) / t := by
      calc
        (∑ j : Fin (n + 1), (t⁻¹ • u) j) = ∑ j : Fin (n + 1), (t⁻¹ * u j) := by
          apply Finset.sum_congr rfl
          intro j hj
          rfl
        _ = t⁻¹ * (∑ j : Fin (n + 1), u j) := by
          rw [Finset.mul_sum]
        _ = (∑ j : Fin (n + 1), u j) / t := by
          rw [div_eq_inv_mul, mul_comm]
```
Wait `div_eq_inv_mul (S) t : S / t = t⁻¹ * S` — so `(t⁻¹ * S) = S / t` = `(div_eq_inv_mul S t).symm` — rw [div_eq_inv_mul] rewrites `S/t` to `t⁻¹ * S` — direction: goal is `t⁻¹ * S = S / t` — rw [div_eq_inv_mul] rewrites RHS `S/t` → `t⁻¹ * S` — goal becomes `t⁻¹ * S = t⁻¹ * S` — then rw [mul_comm]?? No — after rw [div_eq_inv_mul] both sides identical — `rfl` closes. But hmm — `div_eq_inv_mul : a / b = b⁻¹ * a` — rewrites `S/t` → `t⁻¹ * S` ✓. So `_ = (∑ j, u j) / t := by rw [div_eq_inv_mul]` — hmm — rw rewrites the RHS to t⁻¹ * S — LHS is already t⁻¹ * S — closed? rw [div_eq_inv_mul] transforms goal `t⁻¹ * S = S / t` into `t⁻¹ * S = t⁻¹ * S` — rfl after. Write `exact (div_eq_inv_mul (∑ j : Fin (n + 1), u j) t).symm` — cleaner: `(div_eq_inv_mul S t).symm : t⁻¹ * S = S / t` ✓.

3. Line 425: hsumdiff's nlinarith failed: goal `(∑ j, s j.castSucc - c) = c - s last` — after dsimp [u, truncToCenter] and rw sum_sub_distrib: the goal became something like `∑ x, ↑s x.castSucc - ↑(n+1) * c = c - ↑s last` — nlinarith case h1: `∑x, ↑s x.castSucc - ↑(n+1) * c < c - ↑s last` — with hsums: `∑ i, ↑s i.castSucc + ↑s last = 1` and hc: `↑(n+2) * c = 1` — nlinarith should derive: ∑ s_castSucc = 1 - s_last; goal: ∑s_castSucc - (n+1)c = c - s_last ⟺ 1 - s_last - (n+1)c = c - s_last ⟺ 1 = (n+2)c ✓ linear — why failed?? Because hsums's `∑ i, ↑s i.castSucc` — the goal's `∑ x, ↑s x.castSucc` — same term ✓. Hmm — nlinarith failed... maybe because hsums is `∑ i, ↑s i.castSucc + ↑s (Fin.last (n + 1)) = 1` — and the case a✝ has `<` — nlinarith should close... wait — unless hc: `↑(n + 2) * simplexCenter n = 1` — in hsumdiff I did `dsimp [u, truncToCenter]` — the goal has `simplexCenter n` ✓ — nlinarith [hsums, hc] — atoms: ↑s x.castSucc (many), ↑s last, c, ↑(n+1), ↑(n+2) — hmm — `↑(n+1) * c` — product of atom ↑(n+1) with atom c — nlinarith handles (n+1) as a VAR? No — ↑(n+1) — a nat cast — nlinarith treats it as an atom A — then A*c is NONLINEAR (product of two atoms) — nlinarith handles SOME nonlinear (it's "nlinarith" after all) but maybe failed... Preprocess: nlinarith can do `A*c` terms? It supports nonlinear goals via splitting but here... The failing case suggests it couldn't. FIX: avoid the product form: prove hsumdiff by rewriting hsums:

```lean
    have hsumdiff : (∑ j : Fin (n + 1), u j) = simplexCenter n - (s : Fin (n + 2) → ℝ) (Fin.last (n + 1)) := by
      have hsums : (∑ i : Fin (n + 2), (s : Fin (n + 2) → ℝ) i) = 1 := s.2.2.1
      rw [Fin.sum_univ_castSucc] at hsums
      dsimp [u, truncToCenter]
      rw [Finset.sum_sub_distrib, Finset.sum_const, Finset.card_fin, nsmul_eq_mul]
      -- goal: ∑ x, ↑s x.castSucc - ↑(n+1) * c = c - ↑s last
      rw [← hsums]  -- hmm hsums : ∑ i, s i.castSucc + s last = 1 — no...
```
Let me do it algebraically step by step:
```lean
      -- first: ∑ s.castSucc = 1 - s last
      have hsums' : (∑ j : Fin (n + 1), (s : Fin (n + 2) → ℝ) j.castSucc) =
          1 - (s : Fin (n + 2) → ℝ) (Fin.last (n + 1)) := by
        linarith [hsums]
      rw [Finset.sum_sub_distrib, Finset.sum_const, Finset.card_fin, nsmul_eq_mul, hsums']
      -- goal: 1 - s last - ↑(n+1) * c = c - s last
      have hc : ((n + 2 : ℕ) : ℝ) * simplexCenter n = 1 := simplexCenter_total n
      -- (n+1)c + c = 1: 1 - s_last - (n+1)c = c - s_last ⟺ 1 = (n+1)c + c = (n+2)c
      have hc' : ((n + 1 : ℕ) : ℝ) * simplexCenter n + simplexCenter n = 1 := by
        calc
          ((n + 1 : ℕ) : ℝ) * simplexCenter n + simplexCenter n
              = (((n + 1 : ℕ) : ℝ) + 1) * simplexCenter n := by ring
          _ = ((n + 2 : ℕ) : ℝ) * simplexCenter n := by
            congr 1; norm_num [Nat.cast_add]; ring
          _ = 1 := simplexCenter_total n
      linarith
```
linarith [hc'] — goal: 1 - s_last - A = c - s_last with A = ↑(n+1)*c and hc' : A + c = 1 — linarith: from hc': 1 - A = c ✓ linarith handles ✓ (all linear in atoms {A, c, s_last} — A = ↑(n+1)*c is an ATOM in the goal since ↑(n+1)*c is a single monomial... linarith treats the whole `↑(n+1) * c` as one atom ✓ linear in that atom ✓; hc' : A + c = 1 ✓ linear). 

Then the earlier `have hc` in hsumdiff is unneeded. Also the final calc in hsumdiff — restructure the whole hsumdiff block as above.

4. Also the hsumdiff context shows hsums is available — my current code:
```lean
      have hsums : (∑ i : Fin (n + 2), (s : Fin (n + 2) → ℝ) i) = 1 := s.2.2.1
      rw [Fin.sum_univ_castSucc] at hsums
      dsimp [u, truncToCenter]
      rw [Finset.sum_sub_distrib, Finset.sum_const, Finset.card_fin, nsmul_eq_mul]
      have hc : ((n + 2 : ℕ) : ℝ) * simplexCenter n = 1 := simplexCenter_total n
      nlinarith [hsums, hc]
```
Replace the nlinarith part.

Let me apply all these edits via python.
dsh: reasoning:
More progress. Remaining errors:

1. Line 448: The castSucc branch of hdir: after `simp only [simplexDir_castSucc]` and `dsimp [simplexBoundaryToSphere, truncToCenter, u, t]` — the goal became:
`‖WithLp.toLp 2 (...)‖⁻¹ * (↑s j.castSucc - c) = (↑s j.castSucc - c) / ‖WithLp.toLp 2 (...)‖` — the `rw [PiLp.smul_apply, mul_comm]` failed because the smul already got unfolded: `(t⁻¹ • u) j` — dsimp [u, t] also unfolded the smul?? The goal shows the smul APPLIED: `‖u'‖⁻¹ * (s j.castSucc - c)` — that's `(t⁻¹ • u).ofLp j` after dsimp — the smul unfolded because dsimp [u, t] reduces `(t⁻¹ • u)` — hmm no — the goal shows the LHS as `‖WithLp.toLp 2 fun j => ↑s j.castSucc - c‖⁻¹ * (↑s j.castSucc - c)` — that's the smul already computed — because `(t⁻¹ • u).ofLp j` — dsimp computes ofLp of the smul → `t⁻¹ * u.ofLp j`?? PiLp smul: (a • x).ofLp i = a • x.ofLp i — and dsimp normalized a • (x.ofLp i) — for ℝ smul on ℝ: = a * (x.ofLp i) ✓. So the current goal is `t⁻¹ * (s j.castSucc - c) = (s j.castSucc - c)/t` — exactly `(div_eq_inv_mul _ t)`! The rw [PiLp.smul_apply, mul_comm] failed because smul_apply pattern `(?c • ?x).ofLp ?i` — no longer present (already unfolded). FIX: replace that branch with:

```lean
  · intro j
    simp only [simplexDir_castSucc]
    dsimp [simplexBoundaryToSphere, truncToCenter, u, t]
    exact (div_eq_inv_mul (↑s j.castSucc - simplexCenter n) ‖WithLp.toLp 2 (fun j : Fin (n + 1) => ↑s j.castSucc - simplexCenter n)‖).symm
```
Hmm — but the RHS division's denominator is `‖truncToCenter n ↑s‖` — after dsimp [u,t] it shows the WithLp form. Let me write the goal's exact form: `‖WithLp.toLp 2 fun j => ↑s j.castSucc - simplexCenter n‖⁻¹ * (↑s j.castSucc - simplexCenter n) = (↑s j.castSucc - simplexCenter n) / ‖WithLp.toLp 2 fun j => ↑s j.castSucc - simplexCenter n‖` — `exact (div_eq_inv_mul (↑s j.castSucc - simplexCenter n) ‖WithLp.toLp 2 (fun j : Fin (n + 1) => ↑s j.castSucc - simplexCenter n)‖).symm` — hmm — the denominator in the goal might elaborate as `‖WithLp.toLp 2 fun j => ...‖` — I need the exact term. div_eq_inv_mul (a) (b) : a / b = b⁻¹ * a — the goal's LHS is `b⁻¹ * a` where a = ↑s j.castSucc - c, b = ‖WithLp.toLp 2 fun j => ...‖. So `exact (div_eq_inv_mul (↑s j.castSucc - simplexCenter n) ‖truncToCenter n ↑s‖).symm`? But after dsimp [truncToCenter], `truncToCenter n ↑s` unfolds... in the EXACT term I write, truncToCenter n (s : ...) — the goal has it unfolded — defeq ✓ exact works regardless. So:

```lean
  · intro j
    simp only [simplexDir_castSucc]
    dsimp [simplexBoundaryToSphere, truncToCenter, u, t]
    exact (div_eq_inv_mul (↑s j.castSucc - simplexCenter n) ‖truncToCenter n ↑s‖).symm
```
Wait — but does dsimp [u, t] even need to be there? The rw [PiLp.smul_apply] would have worked BEFORE dsimp... The previous code: `dsimp [simplexBoundaryToSphere, truncToCenter, u, t]; rw [PiLp.smul_apply, mul_comm]; rfl` — I'll replace the last two with the exact. Hmm — but careful: `(t⁻¹ • u).ofLp j` after dsimp becomes `t⁻¹ * u.ofLp j` — is that what dsimp does? It computed to `‖...‖⁻¹ * (↑s j.castSucc - c)` ✓ per the error. OK.

2. Line 465: in simplexMin_of_simplexBoundaryToSphere — the `congr; funext` failed: goal `simplexMin n ↑(simplexBoundaryToSphere n s) = ⨅ i, (↑s i - c)/t` — simplexMin unfolds to `⨅ i, simplexDir n (↑(simplexBoundaryToSphere n s)) i` — need to rewrite inside the iInf binder with hdir i — rw under the iInf binder: `rw [show simplexMin n (↑(...)) = ⨅ i : Fin (n+2), simplexDir n (↑(...)) i from rfl]` then `congr; funext i; exact hdir i` — but funext failed to unify because congr produced goal `(fun i => simplexDir ...) = (fun i => ...)`? The error: funext could not unify `?f = ?g` with goal `simplexMin n ↑(...) = ⨅ i, (↑s i - c)/t` — so the `congr` didn't fire or the first rw didn't. My code:
```lean
    simplexMin n (simplexBoundaryToSphere n s : EuclideanSpace ℝ (Fin (n + 1)))
        = ⨅ i : Fin (n + 2), ((s : Fin (n + 2) → ℝ) i - simplexCenter n) / t := by
          congr
          funext i
          exact hdir i
```
`congr` on the goal — LHS `simplexMin n ↑(...)` is defeq `⨅ i, simplexDir n ↑(...) i` — congr should reduce LHS and produce goals — apparently produced ONE goal `simplexMin n ↑(...) = ⨅ i, (↑s i - c)/t`?? The error shows funext applied to THAT — meaning `congr` did nothing visible. Hmm — congr might not unfold simplexMin (a def). Use `dsimp [simplexMin]` first:
```lean
        = ⨅ i : Fin (n + 2), ((s : Fin (n + 2) → ℝ) i - simplexCenter n) / t := by
          dsimp [simplexMin]
          congr
          funext i
          exact hdir i
```
Hmm — dsimp [simplexMin] unfolds the LHS iInf — then congr — the iInf notation `⨅ i, f i` — congr on `(⨅ i, simplexDir ...) = (⨅ i, ...)` — congr reduces to equality of functions? iInf is `sInf ∘ range` — congr would produce `range (fun i => simplexDir ...) = range (...)`?? — congr might go deeper than wanted. Cleaner: apply antisymmetry? No — equality of iInf from pointwise equality of the functions: use `congrArg` on the function: 

```lean
          dsimp [simplexMin]
          congr 1
          funext i
          exact hdir i
```
`congr 1` — the goal `⨅ i, f i = ⨅ i, g i` — reduces to `f = g`? congr 1 closes... Let me instead use:
```lean
          apply congrArg (fun f : Fin (n + 2) → ℝ => ⨅ i, f i)
          funext i
          exact hdir i
```
`congrArg (fun f => ⨅ i, f i)` — turns goal into `(fun i => simplexDir n ↑(...) i) = (fun i => (↑s i - c)/t)` — funext ✓. Note simplexMin n ↑(...) = ⨅ i, simplexDir n ↑(...) i is defeq so the LHS matches congrArg's target? congrArg (g) : a = b → g a = g b — needs the goal to be exactly g a = g b — goal LHS is `simplexMin n ↑(...)` — defeq to `⨅ i, simplexDir n ↑(...) i` ✓ (simplexMin unfolds, iInf unfolds) — congrArg works with defeq at reducible? apply congrArg: unification — LHS `simplexMin n ↑s'` vs `(fun f => ⨅ i, f i) (fun i => simplexDir n ↑s' i)` — simplexMin n y = ⨅ i, simplexDir n y i — DEFEQ (def unfolding) — apply uses defeq ✓.

Hmm — but wait — `↑s'` — the s' here is `(simplexBoundaryToSphere n s : EuclideanSpace ℝ (Fin (n + 1)))` ✓.

3. Line 469/481: `le_csInf` type mismatch — the target `⨅ i, (↑s i - c)/t ≤ (⨅ i, ↑s i - c)/t` — I wrote `refine le_csInf (Set.range_nonempty _) ?_` — le_csInf concludes `a ≤ sInf s` — the goal's LHS is `⨅ i, ...` = `sInf (range ...)` — hmm — le_csInf gives `?m ≤ sInf (range ?m.178)` but expected `⨅ i, (↑s i - c)/t ≤ (⨅ i, ↑s i - c)/t` — the goal's RHS `(⨅ i, ↑s i - c)/t` — NOT an sInf — so le_csInf doesn't match the target RHS! I need the RHS as sInf: `(⨅ i, s i - c)/t` — hmm — le_csInf can't produce that directly. Direction 1: `⨅ i, (f i/t) ≤ (⨅ i, f i)/t` — I said use le_csInf on s = range (fun i => f i / t) with a = (⨅f)/t: le_csInf h₁ h₂ : a ≤ sInf s = `(⨅ i, f i)/t ≤ ⨅ i, (f i/t)` — that's the WRONG direction!! le_csInf gives a ≤ sInf — I need ⨅(f/t) ≤ a — that's `sInf s ≤ a` — via `csInf_le`? `csInf_le : BddBelow s → b ∈ s → sInf s ≤ b` — need (⨅f)/t ∈ range (f/t)... no. Direction 1: `⨅ i, (f i/t) ≤ (⨅ i, f i)/t` — prove via: for the ATTAINING index i₀ of ⨅f... OR via the "reverse": use `le_ciInf`-flavored: hmm.

Cleaner: both directions via `ciInf_le`/`le_ciInf` after rescaling:
- D1: `⨅ i, (f i / t) ≤ (⨅ i, f i) / t`: it suffices (by `le_ciInf`-dual — there's `ciInf_le_iff`?)... hmm. Actually there's a cleaner tool: `csInf_le (h₁ : BddBelow s) (h₂ : b ∈ s) : sInf s ≤ b` — pick b = (⨅f)/t — need (⨅f)/t ∈ range (fun i => f i/t) — that's FALSE in general (only if ⨅f attained — it IS here: exists_eq_ciInf gives i₀ with f i₀ = ⨅f — then (⨅f)/t = f i₀/t ∈ range ✓!). So D1: obtain i₀ with f i₀ = ⨅f; then `⨅ i, f i/t ≤ f i₀/t = (⨅f)/t` via ciInf_le ✓.

```lean
      · rcases exists_eq_ciInf_of_finite (f := fun i : Fin (n + 2) => (s : Fin (n + 2) → ℝ) i - simplexCenter n) with ⟨i₀, hi₀⟩
        calc
          (⨅ i : Fin (n + 2), ((s : Fin (n + 2) → ℝ) i - simplexCenter n) / t)
              ≤ ((s : Fin (n + 2) → ℝ) i₀ - simplexCenter n) / t :=
            ciInf_le (f := fun i : Fin (n + 2) => ((s : Fin (n + 2) → ℝ) i - simplexCenter n) / t)
              (Set.finite_range _ |>.bddBelow) i₀
          _ = (⨅ i : Fin (n + 2), ((s : Fin (n + 2) → ℝ) i - simplexCenter n)) / t := by
            rw [hi₀]
      · exact le_ciInf (fun i =>
          div_le_div_of_nonneg_right
            (ciInf_le (f := fun i : Fin (n + 2) => (s : Fin (n + 2) → ℝ) i - simplexCenter n)
              (Set.finite_range _ |>.bddBelow) i) (le_of_lt htpos))
```
And the third step `(⨅ i, (s i - c)) = ⨅ i, s i - c`: my current code used le_csInf twice — with the same wrong-direction issue. Fix similarly:
```lean
    _ = ((⨅ i : Fin (n + 2), (s : Fin (n + 2) → ℝ) i) - simplexCenter n) / t := by
      congr 1
      apply le_antisymm
      · rcases exists_eq_ciInf_of_finite (f := fun i : Fin (n + 2) => (s : Fin (n + 2) → ℝ) i) with ⟨i₀, hi₀⟩
        calc
          (⨅ i : Fin (n + 2), ((s : Fin (n + 2) → ℝ) i - simplexCenter n))
              ≤ ((s : Fin (n + 2) → ℝ) i₀ - simplexCenter n) :=
            ciInf_le (f := fun i : Fin (n + 2) => ((s : Fin (n + 2) → ℝ) i - simplexCenter n))
              (Set.finite_range _ |>.bddBelow) i₀
          _ = (⨅ i : Fin (n + 2), (s : Fin (n + 2) → ℝ) i) - simplexCenter n := by
            rw [hi₀]
      · exact le_ciInf (fun i => sub_le_sub_right
          (ciInf_le (f := fun i : Fin (n + 2) => (s : Fin (n + 2) → ℝ) i)
            (Set.finite_range _ |>.bddBelow) i) (simplexCenter n))
```
Wait — D1 of this one: `⨅ (s - c) ≤ (⨅ s) - c` via attainment on s ✓ as above. D2: `(⨅ s) - c ≤ ⨅ (s - c)` via le_ciInf ✓. 

Hmm — also the FIRST step of the m computation (the `_ = ⨅ i, (s i - c)/t` step) — via congrArg ✓ (fix 2 above).

Let me apply these fixes.
dsh: reasoning:
Great progress — down to a handful:

1. Line 448: `exact (div_eq_inv_mul (↑s j.castSucc - simplexCenter n) ‖truncToCenter n ↑s‖).symm` — "invalid coercion notation, expected type is not known" at 448:27 — `↑s j.castSucc` — s : ↑(SimplexBoundaryFn n) — the coercion `↑s` inside — ambiguous since `↑s j.castSucc` parses as `↑(s j.castSucc)`?? — actually `(↑s j.castSucc - c)` — the parser: `↑s j.castSucc` — coercion of `s j.castSucc`? s is a subtype element; `↑s` needs the target — `↑s j.castSucc` parses as `(↑s) j.castSucc`? In Lean, `↑s j.castSucc` — the coercions bind loosely — `↑s` where s : Subtype — to apply j.castSucc to it, the target must be a function — ambiguous. Fix: `((s : Fin (n + 2) → ℝ) j.castSucc - simplexCenter n)` and denominator `‖truncToCenter n (s : Fin (n + 2) → ℝ)‖`.

2. Lines 581/590: in `image_weights_boundary_eq` — `rw [Set.mem_setOf_eq]` — replace with `change`-based approach. The goal `(fun t => ⇑t.weights) x ∈ simplexBoundarySet n` — change to `0 ≤ (fun t => ⇑t.weights) x ∧ ...`:
```lean
  · rintro ⟨x, hx, rfl⟩
    change 0 ≤ (fun t : Convexity.StdSimplex ℝ (Fin (n + 2)) => (t.weights : Fin (n + 2) → ℝ)) x ∧
      (∑ i, (fun t : Convexity.StdSimplex ℝ (Fin (n + 2)) => (t.weights : Fin (n + 2) → ℝ)) x i) = 1 ∧
      0 ∈ Set.range ((fun t : Convexity.StdSimplex ℝ (Fin (n + 2)) => (t.weights : Fin (n + 2) → ℝ)) x)
```
Hmm — after rintro ⟨x, hx, rfl⟩, the goal is `(fun t => ⇑t.weights) x ∈ simplexBoundarySet n` — change to the conjunction (simp [simplexBoundarySet]?) — `change` should work with the def unfolded... The `rw [Set.mem_setOf_eq]` failed because simplexBoundarySet n isn't syntactically a setOf in the goal. Use `dsimp [simplexBoundarySet]`? dsimp unfolds the def to the setOf — then the goal is `... ∈ {s | ...}` — then `rw [Set.mem_setOf_eq]`? — hmm mem_ofPred_eq. Simplest: `change` directly:

```lean
    change 0 ≤ x.weights ∧ (∑ i : Fin (n + 2), x.weights i) = 1 ∧ 0 ∈ Set.range (fun i : Fin (n + 2) => x.weights i)
```
Hmm — `(fun t => ⇑t.weights) x` — change needs the expression `x.weights` — defeq via beta ✓. `0 ≤ x.weights` — Pi.le on Fin (n+2) → ℝ — the Finsupp coerced — `(x.weights : Fin (n+2) → ℝ)` — ✓.

Then:
```lean
    constructor
    · rw [Pi.le_def]
      intro i
      exact x.weights_nonneg i
    · constructor
      · exact (Convexity.StdSimplex.total_of_fintype x)
      · exact hx
```
Hmm — total_of_fintype : ∑ i, w.weights i = 1 ✓ — matches `(∑ i, x.weights i) = 1` ✓.

And the mpr direction: goal `s ∈ (fun t => ⇑t.weights) '' {x | ...}` — after intro hs and rw [Set.mem_setOf_eq] at hs — the hs rw also failed at 590 — replace with `change` at hs too:
```lean
  · intro hs
    change 0 ≤ s ∧ (∑ i, s i) = 1 ∧ 0 ∈ Set.range s at hs
    rcases hs with ⟨hnonneg, hsum, hzero⟩
    ...
```
Then the refine ⟨⟨Convexity.StdSimplex.mk ...⟩, ?_, ?_⟩ part — the second field `?` is `(fun t => ⇑t.weights) ⟨...⟩ = s` — I wrote `rfl` — with the mk construction the coercion `⇑(mk ...).weights` = the Finsupp — and target `s : Fin (n+2) → ℝ` — need `Finsupp.coe_equivFunOnFinite_symm` — not rfl. Hmm — `(fun t => ⇑t.weights) x = s` where x = mk (equivFunOnFinite.symm s) — ⇑(equivFunOnFinite.symm s) = s by Finsupp.coe_equivFunOnFinite_symm — so `exact Finsupp.coe_equivFunOnFinite_symm s` — hmm — is the coercion `⇑t.weights` the same as `(t.weights : Fin (n+2) → ℝ)` — the FunLike coercion ✓ same. So replace `rfl` with `simpa using (Finsupp.coe_equivFunOnFinite_symm (s := s))`... wait — careful: `(fun t => ⇑t.weights) ⟨mk w, ...⟩` reduces to `⇑(mk w).weights` = ⇑w = s — but Lean needs the simp lemma to connect ⇑(equivFunOnFinite.symm s) = s. Let me write:
```lean
      · change (Finsupp.equivFunOnFinite.symm s : Fin (n + 2) → ℝ) = s
        exact Finsupp.coe_equivFunOnFinite_symm s
```
hmm — after `refine ⟨⟨Convexity.StdSimplex.mk (Finsupp.equivFunOnFinite.symm s) ?_ ?_⟩, ?_, ?_⟩` — the third goal is `(fun t => ⇑t.weights) ⟨mk ..., _, _⟩ = s` — `simpa [Convexity.StdSimplex.mk] using ...`? The mk has the weights FIELD — `⟨mk ...⟩.weights`... Actually the structure `⟨mk w nonneg total⟩ : Convexity.StdSimplex` — its .weights = w. So goal: `⇑w = s` with w = equivFunOnFinite.symm s. `change Finsupp.equivFunOnFinite.symm s = (Finsupp.equivFunOnFinite.symm (s))`... hmm — just `simpa using (Finsupp.coe_equivFunOnFinite_symm (f := s))` — hmm — coe_equivFunOnFinite_symm (f : α → M) : ⇑(Finsupp.equivFunOnFinite.symm f) = f — for our f = s: `(Finsupp.coe_equivFunOnFinite_symm (f := s) : (Finsupp.equivFunOnFinite.symm s : Fin (n + 2) → ℝ) = s)` ✓ — exact/simpa.

Also the `rfl` — hmm wait — the coercion in the goal is `(fun t => ⇑t.weights)` — beta → `⇑⟨mk w p q⟩.weights` — projections reduce? `⟨mk w p q⟩.weights` — the structure constructor is `Convexity.StdSimplex.mk` — `(StdSimplex.mk w p q).weights = w` — definitional via the structure's eta/projection reduction? Structures reduce: `.weights` of a constructor application reduces to the field ✓ defeq. So goal reduces to `⇑w = s` — `⇑w` where w = equivFunOnFinite.symm s — coe_equivFunOnFinite_symm is needed (not defeq — it's a theorem? or simp?). `Finsupp.coe_equivFunOnFinite_symm` — it's a lemma (simps-generated) — so exact it.

3. Line 633: `simplexBoundaryNonempty` — `⟨(simplexBoundaryHomeoSphere n).symm (by classical exact default)⟩` — Inhabited (Sphere n) synthesis failed — Sphere n has Nonempty instance but not Inhabited. Use:
```lean
instance simplexBoundaryNonempty (n : ℕ) : Nonempty (SimplexBoundary n) := by
  classical
  exact ⟨(simplexBoundaryHomeoSphere n).symm (Classical.choice (sphereNonempty n))⟩
```
Hmm — cleaner: `let h : Nonempty (Sphere n) := sphereNonempty n; exact Nonempty.map (simplexBoundaryHomeoSphere n).symm h` — `Nonempty.map : Nonempty α → (α → β) → Nonempty β` — `Nonempty.map h (simplexBoundaryHomeoSphere n).symm` ✓. Or use `infer_instance` for Nonempty (Sphere n) — `exact Nonempty.map inferInstance (simplexBoundaryHomeoSphere n).symm`. Hmm — Nonempty.map (f) (h)? signature: `Nonempty.map {α β} (h : Nonempty α) (f : α → β) : Nonempty β`. Write:
```lean
instance simplexBoundaryNonempty (n : ℕ) : Nonempty (SimplexBoundary n) :=
  Nonempty.map (sphereNonempty n) (simplexBoundaryHomeoSphere n).symm
```

Let me apply these fixes.
dsh: reasoning:
Almost there:

1. Line 594: the `refine ⟨⟨Convexity.StdSimplex.mk (Finsupp.equivFunOnFinite.symm s) ?_ ?_⟩, ?_, ?_⟩` — the mk here is being resolved as the STRUCTURE constructor with named fields? "Constructor `Convexity.StdSimplex.mk` has 3 explicit fields but only 1 provided" — the elaborated form shows `Convexity.StdSimplex.mk { weights := ..., nonneg := ..., total := ... }` — so `Convexity.StdSimplex.mk` was applied with a single structure-valued arg. The issue: the anonymous constructor `⟨Convexity.StdSimplex.mk (...)...⟩` — with the StdSimplex.mk def (the def is a function of 3 args) — the `?_ ?_` placeholders... the error shows `{ weights := Finsupp.equivFunOnFinite.symm s, nonneg := ?m, total := ?m }` passed TO mk — meaning my `⟨Convexity.StdSimplex.mk (Finsupp.equivFunOnFinite.symm s) ?_ ?_⟩` parsed as `⟨(Convexity.StdSimplex.mk (Finsupp.equivFunOnFinite.symm s))⟩` with the `?_ ?_` as... hmm — actually the parse: `Convexity.StdSimplex.mk (Finsupp.equivFunOnFinite.symm s) ?_ ?_` — mk applied to 3 args ✓ should be fine — but the error says the argument `{weights := ..., nonneg := ?m, total := ?m}` — hmm — this suggests elaboration chose the STRUCTURE CONSTRUCTOR path where ⟨⟩ with 3 elements got coerced... The `⟨Convexity.StdSimplex.mk a ?_ ?_⟩` — the anonymous constructor for StdSimplex takes the FIELDS — and `Convexity.StdSimplex.mk` is the PREFIX constructor (def) — when Lean sees `⟨...⟩` for StdSimplex it builds `{ weights := ?; nonneg := ?; total := ? }` — and my first element `Convexity.StdSimplex.mk (equivFunOnFinite.symm s) ?_ ?_` is a term of type StdSimplex — assigned to `weights : Finsupp`?? mismatch error.

FIX: use the structure constructor directly:
```lean
    refine ⟨⟨Finsupp.equivFunOnFinite.symm s, ?_, ?_⟩, ?_, ?_⟩
```
where the outer ⟨⟩ is the SUBTYPE (SimplexBoundary-image) and inner ⟨⟩ is the StdSimplex structure constructor (fields weights/nonneg/total) ✓. Then the mk def isn't needed.

2. Line 595: cascade from 594.

3. Line 636: Nonempty.map arg order — `Nonempty.map : (h : Nonempty α) (f : α → β) : Nonempty β` — wait error says `Nonempty.map ?m.4 (simplexBoundaryHomeoSphere n).symm` expected `?m.4 → SimplexBoundary n`... and `sphereNonempty n` expected to be the function?? The error shows `Nonempty.map (sphereNonempty n)` expected `?m.1 → SimplexBoundary n` — hmm — so Nonempty.map's FIRST arg is the function?? Let me check the actual signature: mathlib `Nonempty.map : Nonempty α → (α → β) → Nonempty β`? The error at 636:34: `Nonempty.map ?m.4 (simplexBoundaryHomeoSphere n).symm` — expected type Nonempty ?m.1 but got `↑(Sphere n) ≃ₜ ...` — so the SECOND argument is expected Nonempty — meaning map's signature is `(f : α → β) → Nonempty α → Nonempty β`. So: `Nonempty.map (simplexBoundaryHomeoSphere n).symm (sphereNonempty n)` — hmm wait error at 636:15: `Nonempty.map (sphereNonempty n)` — expected `?m.1 → SimplexBoundary n` — so first arg must be the function: `Nonempty.map (simplexBoundaryHomeoSphere n).symm (sphereNonempty n)` ✓.
dsh: reasoning:
Only one real error left: line 603 — the third goal of the refine: after `refine ⟨⟨Finsupp.equivFunOnFinite.symm s, ?_, ?_⟩, ?_, ?_⟩`, the THIRD goal is `(fun t => ⇑t.weights) ⟨{weights := ..., nonneg, total}, ...⟩ = s` — hmm wait no — the refine ⟨⟨..⟩, ?_, ?_⟩ — the outer constructor is the subtype-like goal: `s ∈ (fun t => ⇑t.weights) '' {x | ...}` — existential: ⟨x, hx, rfl⟩ — the outer ⟨⟩ has THREE fields (x, membership proof, image equality)! I wrote `refine ⟨⟨Finsupp.equivFunOnFinite.symm s, ?_, ?_⟩, ?_, ?_⟩` — outer has 3 slots? `⟨x, ?_, ?_⟩` — I gave ⟨inner, ?_, ?_⟩ — wait I wrote `refine ⟨⟨Finsupp.equivFunOnFinite.symm s, ?_, ?_⟩, ?_, ?_⟩` — outer constructor with 3 elements: element 1 = inner StdSimplex, then two ?_ ✓. So goals: (2) x ∈ {x | 0 ∈ range weights}, (3) (fun t => ⇑t.weights) x = s.

The failing goal shown: `{ weights := ..., nonneg := ⋯, total := ⋯ } ∈ {x | 0 ∈ range fun i => x.weights i}` — that's the SECOND goal (membership) — and my `change (Finsupp.equivFunOnFinite.symm s : Fin (n+2) → ℝ) = s` was aimed at the THIRD goal — the ORDER of the goals: refine ⟨x, ?hx, ?himage⟩ — goal 2 = membership (hx), goal 3 = image equality. My subsequent tactics: 
```
    · intro i        -- goal 2?
      ...
```
Hmm — let me re-read my code:

```lean
    refine ⟨⟨Finsupp.equivFunOnFinite.symm s, ?_, ?_⟩, ?_, ?_⟩
    · intro i                              -- goal: nonneg (inner field 2)
      rw [Finsupp.coe_equivFunOnFinite_symm]
      rw [Pi.le_def] at hnonneg
      exact hnonneg i
    · rw [Finsupp.sum_fintype]             -- goal: total (inner field 3)
      ...
    · change (Finsupp.equivFunOnFinite.symm s : Fin (n + 2) → ℝ) = s   -- goal: outer hx?? WRONG
      exact Finsupp.coe_equivFunOnFinite_symm s
    · simpa [Finsupp.coe_equivFunOnFinite_symm] using hzero             -- goal: outer image eq
```
The third `·` gets the MEMBERSHIP goal `{weights...} ∈ {x | 0 ∈ range weights}` — but I wrote the change for the image equality. SWAP: third goal = membership → `simpa [Finsupp.coe_equivFunOnFinite_symm] using hzero`; fourth goal = image equality → `change ...; exact coe_equivFunOnFinite_symm s`.
dsh: reasoning:
THE FILE COMPILES! Only one warning (unused simp arg). Let me clean that warning, then:

1. Add the MoiseBranch.lean update: mark node 9 discharged with an example.
2. Update AxiomAudit.lean with all new declarations.
3. Update tools/d12_axiom_audit.py expected declaration count (or is the count automatic? It said "audited 95 expected declarations; 95 axiom lines parsed" — the script probably derives expected from the file content itself). Let me check the script's expected list mechanism.
4. Add examples connecting to SphereThree (Downstream).
5. Run full build + audit.
6. Update checkpoint.json and result card.

Let me first fix the warning: remove `sub_eq_add_neg` from that simp only list. Then compile again to confirm clean. Then proceed.
dsh: reasoning:
Clean compile, exit 0. Now:

1. Check the audit script's expectation mechanism.
2. Add new declarations to AxiomAudit.lean.
3. Update MoiseBranch.lean with node 9 example + mark discharged.
4. Also add the SphereThree connection example (SimplexBoundary 3 ≃ₜ Poincare.Longrun.Topology.SphereThree) — check Downstream for sphereThree_eq_sphere3.

Let me look at the audit script main body and Downstream.lean's sphereThree_eq_sphere3.
dsh: reasoning:
The audit script has a hardcoded expected list. I need to:
1. Add all new SimplexBoundary.lean declarations to the expected list in tools/d12_axiom_audit.py.
2. Add `#print axioms` lines for each new declaration in AxiomAudit.lean.

Note: `simplexBoundaryHomeoSphere` is ALREADY in the expected list (it was the MoiseBranch Prop def) — but now it's a def with a different type. The audit checks `#print axioms` for it — the #print axioms line exists in AxiomAudit.lean for simplexBoundaryHomeoSphere — it will now print the new def's axioms ✓ no change needed for that one.

New declarations in SimplexBoundary.lean:
- simplexCenter
- simplexCenter_pos
- simplexCenter_total
- simplexBoundarySet
- SimplexBoundaryFn (abbrev — will #print axioms work on abbrev? It's a def, reducible — yes)
- simplexDir
- simplexDir_last
- simplexDir_castSucc
- simplexDir_sum
- simplexMin
- simplexMin_le
- le_simplexMin
- simplexMin_attains
- simplexMin_neg_of_unit
- continuous_simplexDir_apply
- continuous_simplexDir
- continuous_simplexMin
- simplexLambda
- simplexLambda_pos_of_unit
- continuous_sphere_simplexLambda
- truncToCenter
- truncToCenter_ne_zero
- simplexBoundaryToSphere
- continuous_truncToCenter
- continuous_simplexBoundaryToSphere
- sphereToSimplexBoundary
- sphereToSimplexBoundary_mem
- sphereToSimplexBoundaryFn
- continuous_sphereToSimplexBoundaryFn
- truncToCenter_sphereToSimplexBoundary
- simplexBoundaryToSphere_sphereToSimplexBoundary
- simplexMin_eq_zero_of_mem_boundary
- simplexDir_of_simplexBoundaryToSphere
- simplexMin_of_simplexBoundaryToSphere
- sphereToSimplexBoundary_simplexBoundaryToSphere
- simplexBoundaryFnHomeoSphere
- SimplexBoundary (abbrev)
- range_weights_eq_simplex
- image_weights_boundary_eq
- simplexBoundaryHomeoBoundaryFn
- simplexBoundaryHomeoSphere
- simplexBoundaryCompactSpace
- simplexBoundaryT2Space
- simplexBoundaryNonempty

(43 new, plus simplexBoundaryHomeoSphere redefined.)

Let me generate the #print axioms lines and add to AxiomAudit.lean (import the new module at top too). Also update the expected list in the audit script. Let me get the exact list of declarations programmatically (grep the file for theorem/def/instance names).
dsh: reasoning:
Note: `simplexDir_last` and `simplexDir_castSucc` are `@[simp] theorem` — the grep line shows `@[simp] theorem simplexDir_last` — my sed stripped names wrongly for those (they start with `@[simp]`). The full list has 43 names from grep; the simp theorems simplexDir_last/simplexDir_castSucc are on the `@[simp] theorem` lines — missed. Let me just include them manually.

Now update AxiomAudit.lean: add import + print axioms lines. And the script expected list. Use python to append.
dsh: reasoning:
Note: `simplexDir_last` and `simplexDir_castSucc` are `[simp] theorem` — the grep `^theorem` didn't match `@[simp] theorem`. Include them: they're at lines with `@[simp] theorem`. Let me check: yes `@[simp] theorem simplexDir_last ...`. Add them.

Also `simplexCenter` is a def; `simplexBoundarySet` def; abbrevs. OK.

Now update AxiomAudit.lean: add import + #print axioms lines for all 44 names (42 from grep + simplexDir_last + simplexDir_castSucc). Note simplexBoundaryHomeoSphere is already in the audit file (it was a Prop in MoiseBranch) — adding a duplicate #print axioms line for it is harmless but let me check — the audit file has `#print axioms Poincare.D12.TriangulationTopology.simplexBoundaryHomeoSphere` once — keep one line; the parse dict will just overwrite. I'll skip adding it again... Actually duplicates in the .lean output: the parse dict keyed by name — fine either way. I'll add it once more near the others? No — keep the file clean: the existing line covers it. But its position in expected list is already there ✓.

Also update tools/d12_axiom_audit.py expected list — add all new names except simplexBoundaryHomeoSphere (already present).

Let me write the AxiomAudit additions.
dsh: reasoning:
The audit FAILS — many declarations MISSING from the audit output. This suggests the AxiomAudit.lean compile itself failed (probably a name clash or something in my inserted block) — the missing list includes even OLD declarations like rpT2Space — so the whole parse got fewer lines... OR my insertion broke the file. Let me compile AxiomAudit.lean directly to see.
dsh: reasoning:
The audit runs `lake env lean` directly which doesn't build oleans for new imports. The audit script compiles the module standalone — the SimplexBoundary.olean doesn't exist yet (my direct lean runs don't emit .olean). Need to run `lake build` first (which builds all). The audit script presumably relies on the lake build having been run. Let me run lake build now (background it since it may take a few minutes), and meanwhile update MoiseBranch.lean and Downstream example, checkpoint, and the result card.
dsh: reasoning:
`sphereThree_eq_sphere3 : SphereThree = Sphere 3` (rfl). So `SimplexBoundary 3 ≃ₜ Poincare.Longrun.Topology.SphereThree` via Homeomorph.setCongr sphereThree_eq_sphere3 composed with simplexBoundaryHomeoSphere 3.

Now update MoiseBranch.lean: mark node 9 discharged, add the example. Update its docstring. Let me edit MoiseBranch.lean — replace the `simplexBoundaryHomeoSphere : Prop` def section with a note + the example referencing the now-real def. But careful: AxiomAudit references `Poincare.D12.TriangulationTopology.simplexBoundaryHomeoSphere` — now it's the real homeo def from SimplexBoundary (which MoiseBranch imports? MoiseBranch currently imports Downstream + CoveringLemma — NOT SimplexBoundary). If I remove the Prop def from MoiseBranch and add the import, the name resolves to the SimplexBoundary def ✓.

Changes to MoiseBranch.lean:
1. Add import Poincare.D12.TriangulationTopology.SimplexBoundary.
2. Replace the simplexBoundaryHomeoSphere Prop block with a discharged note + example:

```lean
/-- **DAG node 9, PROVED** in `SimplexBoundary.lean` (discharged 2026-09-11).

The boundary of the standard `(n+1)`-simplex is homeomorphic to the `n`-sphere.  The proved
theorem `simplexBoundaryHomeoSphere n : {x : Convexity.StdSimplex ℝ (Fin (n+2)) //
0 ∈ Set.range (fun i : Fin (n+2) => x.weights i)} ≃ₜ Sphere n` realizes exactly the statement
recorded here; `SimplexBoundary 3 ≃ₜ 𝕊³` is the standard triangulation of the 3-sphere as
`|∂Δ⁴|`.  Audit: compact/T2/nonempty instances and shape examples included. -/
example (n : ℕ) :
    Nonempty ({x : Convexity.StdSimplex ℝ (Fin (n + 2)) //
      0 ∈ Set.range fun i : Fin (n + 2) => x.weights i} ≃ₜ
        Metric.sphere (0 : EuclideanSpace ℝ (Fin (n + 1))) 1) :=
  ⟨simplexBoundaryHomeoSphere n⟩
```
Wait — the Prop def is referenced in the audit expected list and #print axioms — after removal, the name `simplexBoundaryHomeoSphere` still exists (from SimplexBoundary import) ✓. But ALSO the audit script expects the name ✓ — good.

3. Also add the SphereThree realization to Downstream? Better keep in MoiseBranch or SimplexBoundary... The natural place: SimplexBoundary.lean itself — add:

```lean
/-- **Shape example.** The boundary of the 4-simplex realizes the sphere-recognition model
space `𝕊³ = Poincare.Longrun.Topology.SphereThree` (definitional, Downstream.lean). -/
example : SimplexBoundary 3 ≃ₜ Poincare.Longrun.Topology.SphereThree :=
  (simplexBoundaryHomeoSphere 3).trans (Homeomorph.setCongr sphereThree_eq_sphere3)
```
But SimplexBoundary.lean doesn't import Downstream. Add import Downstream — hmm, circular? Downstream imports SphereGluing only. MoiseBranch imports Downstream + CoveringLemma. If SimplexBoundary imports Downstream — no cycle. But AxiomAudit imports both — fine. Hmm — but this example is an `example` (not audited — examples aren't in the audit list since they're anonymous). Anonymous examples are not declarations — fine for the audit.

Actually — to keep module dependency graph clean, put the SphereThree example in MoiseBranch.lean (which imports both Downstream and SimplexBoundary).

4. Also update the MoiseBranch docstring header list mention (nodes proved).

Also — I need to double-check the audit: the Prop def `vanKampenSimplyConnectedCover`, `sphereMinusBallHomeoDisk`, `moiseWeakenedCW`, `LocallyEuclideanOfDimension` remain in MoiseBranch ✓.

5. Update MOISE_DAG.md: node 9 status → [D12 proved].

Then: checkpoint.json update (30-min coordination — it's been ~50 min since start; need to write checkpoint NOW). Also result card. Let me do MoiseBranch + MOISE_DAG edits first, then checkpoint + results card, then wait for build + run audit.
dsh: reasoning:
The python ran with workdir=release, so the path should be 'Poincare/...' not 'release/Poincare/...'. Let me redo with correct path. Also the build finished — check output.
dsh: reasoning:
Two issues:

1. The lake build FAILED on AxiomAudit — because I added #print axioms lines but the audit module was built BEFORE... let me see the actual failure: "Some required targets logged failures: - Poincare.D12.TriangulationTopology.AxiomAudit" — need details. Probably the MoiseBranch change is fine but AxiomAudit failed at build time (because at build time MoiseBranch was being rebuilt with the import — circular import? AxiomAudit imports MoiseBranch and SimplexBoundary — SimplexBoundary imports SphereGluing only. MoiseBranch now imports SimplexBoundary — no cycle. Hmm — the failure might be from the `#print axioms ... simplexBoundaryHomeoSphere` line — no wait. Let me rebuild and see the error.

2. `Homeomorph.setCongr sphereThree_eq_sphere3` — the type: sphereThree_eq_sphere3 : SphereThree = Sphere 3 — but setCongr needs `s = t` for sets; the mismatch: `Eq.{2} Longrun.Topology.SphereThree ↑(Sphere 3)` vs expected `Eq.{1} (Sphere 3) (Metric.sphere 0 1)` — interesting — the expected type printed `(Sphere 3) (Metric.sphere 0 1)` — meaning the goal after trans: `Sphere 3 ≃ₜ SphereThree` and setCongr needs `SphereThree = Sphere 3` — hmm — actually the error says expected `Eq.{1} (Sphere 3) (Metric.sphere 0 1)` — weird level mismatch: `Eq.{2} SphereThree (Sphere 3)` — setCongr expects s t in the same universe, and the goal is `Sphere 3 ≃ₜ SphereThree` — so setCongr h : ↑(Sphere 3) ≃ₜ ↑(SphereThree) with h : Sphere 3 = SphereThree — the argument sphereThree_eq_sphere3 : SphereThree = Sphere 3 — WRONG DIRECTION — need .symm! And the displayed expected type got confused. Fix: `Homeomorph.setCongr sphereThree_eq_sphere3.symm`? hmm — wait — the trans: `(simplexBoundaryHomeoSphere 3).trans (setCongr h)` — simplexBoundaryHomeoSphere 3 : SimplexBoundary 3 ≃ₜ Sphere 3 — trans needs (Sphere 3 ≃ₜ X) — setCongr (h : Sphere 3 = SphereThree) : Sphere 3 ≃ₜ SphereThree ✓ — so h = sphereThree_eq_sphere3.symm : Sphere 3 = SphereThree ✓.

Let me check the build error for AxiomAudit first.
dsh: reasoning:
Interesting: `Eq.symm sphereThree_eq_sphere3` has type `Eq.{2} (↑(Sphere 3)) Longrun.Topology.SphereThree` — so `sphereThree_eq_sphere3 : SphereThree = Sphere 3` where `Sphere 3` is the ABBREV that unfolds to `Metric.sphere 0 1` — and `↑(Sphere 3)` — hmm the displayed `(↑(Sphere 3))` — the coercion of the set `Sphere 3`?? No — the `↑` appears because... `Eq.{2} (↑(Sphere 3)) Longrun.Topology.SphereThree` — the symm type shows `↑(Sphere 3)` — hmm — actually SphereThree is probably also an abbrev to something with a coercion... SphereThree = Sphere 3 — both sets — but the expected type shows `Eq.{1} (Sphere 3) (Metric.sphere 0 1)` — hmm the goal of setCongr after `trans`: `Sphere 3 ≃ₜ SphereThree` — setCongr h : (s = t) → s ≃ₜ t with s : Set (EuclideanSpace ℝ (Fin 4)) and t : Set (EuclideanSpace ℝ (Fin 4)) — h should be `Sphere 3 = SphereThree`. My term has type `Sphere 3 = SphereThree`? The error says the term's type is `Eq.{2} (↑(Sphere 3)) Longrun.Topology.SphereThree` — LEVEL 2 vs expected LEVEL 1 — universe issue: SphereThree lives in a different universe? `Poincare.Longrun.Topology.SphereThree` — defined in the Longrun namespace with universe... The `↑(Sphere 3)` — SphereThree might be defined as `ULift`?? or with a coercion... Hmm — `Eq.{2} (↑(Sphere 3)) Longrun.Topology.SphereThree` — if SphereThree = (↑(Sphere 3))... — the symm of `SphereThree = Sphere 3` is `Sphere 3 = SphereThree` — displayed as `(↑(Sphere 3)) = Longrun.Topology.SphereThree`?? The ↑ around Sphere 3 in the DISPLAY is odd — maybe Sphere 3 as a set... hold on — maybe SphereThree is defined as a TYPE alias with a coercion: `abbrev SphereThree := (↑(Metric.sphere ...) : Type)`? Like a subtype-of-set notation. The expected type `Eq.{1} (Sphere 3) (Metric.sphere 0 1)` — hmm — wait — that's setCongr's expected `s = t` where the metavars resolved to... hmm — expected `Eq.{1} (Sphere 3) (Metric.sphere 0 1)` — that would be for h : s = t with s := Sphere 3 and t := Metric.sphere 0 1?? Weird.

Let me look at the definition of SphereThree in Poincare/Longrun/Topology. And check how Downstream's sphereThreeGluedDisks used setCongr-like machinery: `def sphereThreeGluedDisks : DoubleDiskQuot 2 ≃ₜ Poincare.Longrun.Topology.SphereThree := ...` — let me read Downstream.lean lines 70-85 to see the trick used there.
dsh: reasoning:
`abbrev SphereThree : Type := Metric.sphere (0 : EuclideanSpace ℝ (Fin 4)) 1` — a TYPE abbreviation, and `Sphere 3` (my abbrev) — also unfolds to the same set-as-type. And `sphereThree_eq_sphere3 : Poincare.Longrun.Topology.SphereThree = Sphere 3` — rfl — in Downstream they just used a type ascription: `(doubleDiskQuotHomeoSphere 2 : DoubleDiskQuot 2 ≃ₜ Sphere 3)` — i.e., they DIDN'T use setCongr; they relied on defeq: `DoubleDiskQuot 2 ≃ₜ Sphere 3` IS defeq `≃ₜ SphereThree` since both abbrevs unfold to the same type. So my example can just be:

```lean
example : SimplexBoundary 3 ≃ₜ Poincare.Longrun.Topology.SphereThree :=
  (simplexBoundaryHomeoSphere 3 : SimplexBoundary 3 ≃ₜ Sphere 3)
```
No setCongr needed. Replace.
dsh: reasoning:
AUDIT PASS: 138 declarations (95 + 43 new), only {propext, Classical.choice, Quot.sound}, negative control rejected.

Now — the high-frequency coordination: update checkpoint.json (elapsed > 30 min since last update). Also update MOISE_DAG.md node 9 status, and the results card. Let me do these now.

Also — with time remaining in this invocation (~2.5h), what next?
Options:
a) Node 10: sphereMinusBallHomeoDisk — the hemisphere lemma: {x : Sphere n // x.last ≤ 0} ≃ₜ Disk n. This is very similar to the existing hemisphere work (norm_esnoc_smul_sqrt_sub_sq_eq_one is EXACTLY the formula needed: y ↦ (√(1-s²)•x, s) with s ≤ 0 maps Disk n × lower half → lower hemisphere). The map: Disk n → {x : Sphere n // last ≤ 0}: y ↦ (y, -√(1-‖y‖²))... wait need esnoc (w, s) form: w = y ∈ Disk n, s = -√(1-‖y‖²) — norm_sq_esnoc: ‖esnoc y s‖² = ‖y‖² + s² = ‖y‖² + (1-‖y‖²) = 1 ✓ and last = s ≤ 0 ✓. Inverse: x ↦ truncation (first n coords): ‖trunc x‖² = ‖x‖² - x_last² = 1 - x_last² ≤ 1 → trunc x ∈ Disk n ✓. Mutual inverse by norm algebra: trunc (esnoc y s) = y ✓; esnoc (trunc x) (-√(1-‖trunc x‖²)) = x: last coordinate: -√(1-‖trunc x‖²) = x_last (from ‖x‖ = 1 and x_last ≤ 0: ‖trunc x‖² + x_last² = 1 ⟹ √(1-‖trunc‖²) = |x_last| = -x_last ✓). That's `sqrt_one_sub_sq_eq_norm_of_norm_sq_add_sq_eq_one`-adjacent — actually there's the existing lemma in SphereGluing: `sqrt_one_sub_sq_eq_norm_of_norm_sq_add_sq_eq_one` : if ‖w‖² + s² = 1 then √(1 - ‖w‖²) = ‖s‖-ish? Let me check its statement. This is very achievable — ~1 hour.

b) Δ^{n+1} ≅ D^{n+1} (the other half of node 9) — via cone structure: Δ^{n+1} ≅ Cone(∂Δ^{n+1})... needs another radial homeo. Or directly: Δ^{n+1} ≅ D^{n+1} via... the map Δ → D: s ↦ normalize? Direct homeo: Δ^{n+1} = {s ≥ 0, ∑s = 1} → D^{n+1}: there's the classical: s ↦ (2s - c)/‖2s - c‖... no that maps to sphere. Δ ≅ D via radial: x ↦ radial stretch so that the "diamond" {s ≥ 0, ∑s = 1} maps to unit ball — that's the barycentric-L1/L2 gymnastics — doable but another min-style fight. Hmm.

c) Try node 6 / SimplyConnectedSpace (Sphere 3) — too big for remaining time.

d) Polish: MOISE_DAG.md update, checkpoint, results card, source hashes, negative-control check of new file (no sorry), run tools.

Plan: 
1. Update checkpoint.json NOW (coordination).
2. Do node 10 (sphereMinusBallHomeoDisk) — it's squarely another "concrete homeomorphism with actual spaces" strengthening the card, and it feeds node 7's connected-sum induction.
3. Update MOISE_DAG.md, results card, hashes, final audits.

Let me check the existing sqrt lemma in SphereGluing to reuse: `sqrt_one_sub_sq_eq_norm_of_norm_sq_add_sq_eq_one` and `eq_neg_self_of_sqrt_eq_neg_sqrt`. Let me read their statements.
dsh: reasoning:
I have `sqrt_one_sub_sq_eq_norm_of_norm_sq_add_sq_eq_one : ‖y‖² + z² = 1 → √(1 - z²) = ‖y‖`. For node 10 I need a variant: given ‖w‖² + s² = 1 and s ≤ 0: √(1 - ‖w‖²) = -s. That's `sqrt_one_sub_sq_eq_norm...` with y/z swapped... Let me define a new lemma in the hemisphere file:

`sqrt_one_sub_sq_eq_neg_of_norm_sq_add_sq_eq_one {n} (w : EuclideanSpace ℝ (Fin n)) {s : ℝ} (h : ‖w‖^2 + s^2 = 1) (hs : s ≤ 0) : Real.sqrt (1 - ‖w‖^2) = -s`

Proof: 1 - ‖w‖² = s² (linarith); √(s²) = |s| = -s (hs ⟹ |s| = -s via abs_of_nonpos).

Node 10 statement (MoiseBranch):
```lean
def sphereMinusBallHomeoDisk : Prop :=
  ∀ n : ℕ,
    Nonempty ({x : Metric.sphere (0 : EuclideanSpace ℝ (Fin (n + 1))) 1 //
      (x : EuclideanSpace ℝ (Fin (n + 1))) (Fin.last n) ≤ 0} ≃ₜ
        Metric.closedBall (0 : EuclideanSpace ℝ (Fin n)) 1)
```
So: LowerHemisphere n := {x : Sphere n // (x : E) (Fin.last n) ≤ 0} ≃ₜ Disk n.

Wait — dimension check: the source is the closed lower hemisphere of Sⁿ = {x ∈ ℝⁿ⁺¹ : ‖x‖ = 1, x_last ≤ 0}, target Disk n ⊂ ℝⁿ. ✓. For n=0: S⁰ = {±1} in ℝ¹, lower hemisphere = {-1} ≅ Disk 0 = {0} ⊂ ℝ⁰ — hmm — Fin 0 → ℝ = PUnit-ish space, closedBall 0 1 = {0}? Disk 0 = closedBall 0 1 in EuclideanSpace ℝ (Fin 0) — EuclideanSpace ℝ (Fin 0) has a single point ✓. The formula: y : Disk 0 (a point), s = -√(1 - ‖y‖²) = -1 ✓ works. Good — uniform for all n including 0.

Maps:
- toFun H→Disk: x ↦ first n coordinates: WithLp.toLp 2 (fun j : Fin n => x.1 j.castSucc). Need ‖trunc‖ ≤ 1: ‖trunc‖² = ‖x‖² - x_last² ≤ 1 ✓. Membership in closedBall: mem_closedBall_iff_norm: ‖trunc x‖ ≤ 1 — from norm_sq: ‖trunc‖² + x_last² = 1 ⟹ ‖trunc‖² ≤ 1 ⟹ ‖trunc‖ ≤ 1 via `sq_le_one_iff_abs_le_one` on norms... norm ≥ 0 so ‖trunc‖² ≤ 1 ⟺ ‖trunc‖ ≤ 1: `sq_le_sq`? Use: `(sq_le_one_iff_abs_le_one _).2`? hmm — simpler: `nlinarith`-free: `pow_le_one₀`? There's `sq_le_one_iff_abs_le_one : a^2 ≤ 1 ↔ |a| ≤ 1` — then |‖trunc‖| = ‖trunc‖ (norm ≥ 0) — exact.

- invFun Disk→H: y ↦ ⟨esnoc y (-√(1 - ‖y‖²)), by ...⟩ — membership in Sphere n: norm_sq_esnoc y s = ‖y‖² + s² = ‖y‖² + (1 - ‖y‖²) = 1 ✓ (need ‖y‖² ≤ 1 — from y ∈ Disk: ‖y‖ ≤ 1 ⟹ ‖y‖² ≤ 1 ✓). And last coordinate = s ≤ 0: -√(1-‖y‖²) ≤ 0 ✓ (√ ≥ 0).

- Continuity both ways: coordinatewise; esnoc continuity: `esnoc` is WithLp.toLp of Fin.snoc — continuous in (w, s): there's probably `continuous_esnoc`-ish? In SphereGluing, coneMap continuity was proved — let me check how they proved continuity of the esnoc-based maps — `continuous_suspMap` etc. Let me look at one to mirror.

- Inverse algebra:
  toFun(invFun y) = trunc (esnoc y s) = y ✓ (esnoc_castSucc).
  invFun(toFun x) = x: esnoc (trunc x) (-√(1-‖trunc x‖²)) = x: 
    - castSucc j: (trunc x) j = x.1 j.castSucc ✓
    - last: -√(1 - ‖trunc x‖²) = x.1 last — via the sqrt lemma: ‖trunc x‖² + (x last)² = 1 (norm_sq_esnoc-like decomposition of ‖x‖² — actually `norm_sq_esnoc (trunc x) (x last) = ...`? esnoc (trunc x) (x.1 last) — is that = x? esnoc (trunc x) (x.1 (Fin.last n)) = x by coordinate check — hmm — x ∈ EuclideanSpace ℝ (Fin (n+1)) — esnoc w s = Fin.snoc-based — esnoc (trunc x) (x last) = x: castSucc coords ✓ and last ✓ — provable by PiLp.ext + esnoc lemmas. Then ‖x‖² = ‖trunc‖² + (x last)² and ‖x‖ = 1 ⟹ h. With hs : x last ≤ 0: sqrt_one_sub_sq_eq_neg gives √(1-‖trunc‖²) = -(x last) ⟹ -√(1-‖trunc‖²) = x last ✓.

This is quite mechanical. Also continuity of the source function: x ↦ trunc x — `PiLp.continuous_toLp 2 _ |>.comp (continuous_pi.mpr (fun j => PiLp.continuous_apply ... j.castSucc ...))` — domain: LowerHemisphere subtype → (Fin n → ℝ) — via comp with subtype_val etc. Fine.

And invFun continuity: y ↦ esnoc y (-√(1 - ‖y‖²)) — esnoc is continuous (need `Continuous fun (p : E × ℝ) => esnoc p.1 p.2`? esnoc = WithLp.toLp 2 ∘ Fin.snoc — the Fin.snoc map is continuous: `Continuous (fun p : (Fin n → ℝ) × ℝ => Fin.snoc p.1 p.2)` — via continuous_pi + Fin.lastCases... There might be an existing lemma. In SphereGluing, `continuous_suspMap` — let me look at how it was done (they had Continuous of esnoc composition). Let me read that part.

Actually — time check: ~1.5h into the invocation. Node 10 is doable in this window. But I MUST also update checkpoint.json NOW (high-frequency coordination: every 30 min). Let me do checkpoint first, then node 10, then final results.

Actually — wait. Let me reconsider. Priorities for this invocation:
1. DONE: node 9 proved + audited + ledger updated. That's a major milestone (the triangulation homeomorphism ∂Δⁿ⁺¹ ≅ Sⁿ).
2. Node 10 (hemisphere) — nice-to-have.
3. Coordination files — MANDATORY.

The checkpoint has been stale for ~1.5h (since my session started; the last checkpoint was 04:40 +8). I need to update it NOW, then do node 10, then finalize.

Let me write the checkpoint update now.
dsh: reasoning:
Checkpoint updated. Now node 10: sphereMinusBallHomeoDisk. Let me check how SphereGluing proved continuity of esnoc-composed maps to mirror (continuous_coneMap).
dsh: reasoning:
`Continuous.subtype_mk` exists (used: `refine Continuous.subtype_mk ?_ (fun p => coneMap_mem n p)` — wait — the membership `coneMap_mem` is a PROOF they already have — subtype_mk : Continuous f → (∀ x, p (f x)) → Continuous ⟨f, p⟩ ✓) and `fun_prop` handles the rest. Good — fun_prop is available and strong here (it knows Continuous.smul etc.).

Now write the Hemisphere file. Statement from MoiseBranch:

```lean
def sphereMinusBallHomeoDisk : Prop :=
  ∀ n : ℕ,
    Nonempty ({x : Metric.sphere (0 : EuclideanSpace ℝ (Fin (n + 1))) 1 //
      (x : EuclideanSpace ℝ (Fin (n + 1))) (Fin.last n) ≤ 0} ≃ₜ
        Metric.closedBall (0 : EuclideanSpace ℝ (Fin n)) 1)
```

File: `Hemisphere.lean` (or extend SimplexBoundary? No — new file `HemisphereDisk.lean`). Name: `sphereMinusBallHomeoDisk`?? The MoiseBranch name for the Prop — if I discharge it, the Prop def gets replaced by an example + the real homeo has a different name. Following the simplex pattern: real def named e.g. `lowerHemisphereHomeoDisk n`, and in MoiseBranch replace the Prop with example `⟨lowerHemisphereHomeoDisk n⟩`. Hmm — but the name `sphereMinusBallHomeoDisk` is in the audit expected list (as the MoiseBranch Prop). If I remove the Prop from MoiseBranch, the audit's #print axioms line for it — I'd remove it from the audit file and the expected list, and add the new real declarations. OR — keep the ledger name: name the REAL homeo `sphereMinusBallHomeoDisk (n : ℕ) : LowerHemisphere n ≃ₜ Disk n`? But MoiseBranch's Prop is `∀ n, Nonempty (...)` — if I name the real def differently and keep the Prop? No — cleaner: replace the Prop def in MoiseBranch with a docstring + example, mirroring node 9, and name the real homeo `lowerHemisphereHomeoDisk`. Then update audit: remove `sphereMinusBallHomeoDisk` from expected list and AxiomAudit's #print axioms line (since the name disappears), add new names.

Hmm wait — but the audit script's expected list has "sphereMinusBallHomeoDisk" — and the audit #print axioms for it — if MoiseBranch no longer declares it, #print axioms fails compile? `#print axioms` on an unknown constant — does that fail? It errors at elaboration. So remove from both audit file and script list.

Definitions:
```lean
/-- The closed lower hemisphere of `𝕊ⁿ` (last coordinate ≤ 0). -/
abbrev LowerHemisphere (n : ℕ) :=
  {x : Sphere n // (x : EuclideanSpace ℝ (Fin (n + 1))) (Fin.last n) ≤ 0}
```
Wait — careful — the MoiseBranch statement has `(x : ...) (Fin.last n)` — hmm — `(x : EuclideanSpace ℝ (Fin (n+1))) (Fin.last n) ≤ 0`. So the source type: {x : Metric.sphere 0 1 // (x : E) (Fin.last n) ≤ 0} — as subtype of the Sphere set ✓ matches LowerHemisphere.

Map forward (H → Disk):
```lean
def lowerHemisphereToDisk (n : ℕ) (x : LowerHemisphere n) : Disk n :=
  ⟨WithLp.toLp 2 (fun j : Fin n => (x : EuclideanSpace ℝ (Fin (n + 1))) j.castSucc), by
    rw [mem_closedBall_iff_norm, sub_zero]
    ... norm ≤ 1 from ‖x‖² = ‖trunc‖² + x_last² ...⟩
```
Membership proof: let t = ‖trunc x‖, s = x last. norm_sq_esnoc (trunc x) s : ‖esnoc (trunc x) s‖² = t² + s² — and esnoc (trunc x) s = (x : E) (ext) — so 1 = ‖x‖² = t² + s² ⟹ t² ≤ 1 ⟹ t ≤ 1 (t ≥ 0).

```lean
    have hxnorm : ‖(x : EuclideanSpace ℝ (Fin (n + 1)))‖ = 1 := mem_sphere_zero_iff_norm.mp x.1.2
    have hsnoc : esnoc (WithLp.toLp 2 (fun j : Fin n => (x : E) j.castSucc)) ((x : E) (Fin.last n)) = (x : E) := by
      apply PiLp.ext
      intro i
      refine Fin.lastCases (n := n) ?_ ?_ i
      · simp
      · intro j
        simp
    have hsq : ‖WithLp.toLp 2 (fun j : Fin n => (x : E) j.castSucc)‖ ^ 2 + ((x : E) (Fin.last n)) ^ 2 = 1 := by
      rw [← norm_sq_esnoc, hsnoc, ← hxnorm]  -- hmm — need ‖x‖^2 = 1: hxnorm then pow
      exact pow_one? 
```
Let me be careful: `norm_sq_esnoc (trunc) (x last) : ‖esnoc trunc (x last)‖^2 = ‖trunc‖^2 + (x last)^2` — goal is `‖trunc‖^2 + (x last)^2 = 1` — `rw [← norm_sq_esnoc, hsnoc]` then goal ‖x‖² = 1 — from hxnorm: rw [hxnorm, one_pow] ✓.

Then t² ≤ 1: linarith [hsq] — hmm — t² = 1 - s² ≤ 1 ✓ linarith handles. Then t ≤ 1: `(sq_le_one_iff_abs_le_one t).mp` — t² ≤ 1 → |t| ≤ 1 — then abs_of_nonneg (norm_nonneg) → t ≤ 1. Wait — `sq_le_one_iff_abs_le_one : a^2 ≤ 1 ↔ |a| ≤ 1` ✓.

Inverse (Disk → H):
```lean
def diskToLowerHemisphere (n : ℕ) (y : Disk n) : LowerHemisphere n :=
  ⟨⟨esnoc (y : EuclideanSpace ℝ (Fin n)) (-Real.sqrt (1 - ‖(y : EuclideanSpace ℝ (Fin n))‖ ^ 2)), by
    rw [mem_sphere_zero_iff_norm, norm_eq_one_iff_norm_sq_eq_one, norm_sq_esnoc]
    have hy : ‖(y : E)‖ ≤ 1 := (mem_closedBall_iff_norm.mp y.2).trans_eq ... hmm
```
Hmm — mem_closedBall: y.2 : (y : E) ∈ closedBall 0 1 — `mem_closedBall_iff_norm.mp y.2 : ‖y - 0‖ = ... ≤ 1`? closedBall 0 1 = {x | dist x 0 ≤ 1} — mem_closedBall_iff_norm : a ∈ closedBall b r ↔ ‖a - b‖ ≤ r — so mp gives ‖y - 0‖ ≤ 1 — `sub_zero` → ‖y‖ ≤ 1 ✓ (simpa).

Norm proof: ‖esnoc y s‖² = ‖y‖² + s² where s = -√(1-‖y‖²): s² = (√(1-‖y‖²))² = 1 - ‖y‖² (Real.sq_sqrt with 0 ≤ 1-‖y‖² from ‖y‖² ≤ 1) ⟹ ‖y‖² + s² = 1 ✓. Also need `norm_eq_one_iff_norm_sq_eq_one` — exists in namespace ✓.

Last-coordinate condition: s ≤ 0: -√(...) ≤ 0 ⟺ 0 ≤ √(...) — sqrt_nonneg ✓: `neg_nonpos.mpr (Real.sqrt_nonneg _)`.

Then the subtype constructor: ⟨⟨esnoc y s, hsphere⟩, hlast⟩ : LowerHemisphere n — nested: x : Sphere n = ⟨v, mem⟩, then ⟨x, lastcond⟩. `refine ⟨⟨esnoc ..., hsphere⟩, hlast⟩`.

Continuity:
```lean
theorem continuous_lowerHemisphereToDisk (n) : Continuous (lowerHemisphereToDisk n) := by
  refine Continuous.subtype_mk ?_ (fun x => (lowerHemisphereToDisk n x).2)  -- hmm — subtype_mk for codomain
```
Hmm — Continuous.subtype_mk signature: `Continuous.subtype_mk {α β p} (hf : Continuous f) (h : ∀ x, p (f x)) : Continuous fun x => ⟨f x, h x⟩` — f : α → β with codomain subtype β... Here: lowerHemisphereToDisk n x = ⟨trunc x, mem⟩ — subtype_mk with f := fun x => trunc x ✓:
```lean
  refine Continuous.subtype_mk ?_ ?_
  · exact PiLp.continuous_toLp 2 (fun _ : Fin n => ℝ) |>.comp
      (continuous_pi.mpr (fun j => (PiLp.continuous_apply (p := 2) (β := fun _ : Fin (n + 1) => ℝ) j.castSucc).comp continuous_subtype_val |>.comp continuous_subtype_val))
```
Hmm — domain: LowerHemisphere n = {x : Sphere n // ...} — double subtype: (x : LowerHemisphere) → x.1 : Sphere n → (x.1 : E) — two coercions. The function `fun x : LowerHemisphere n => WithLp.toLp 2 (fun j => (x : E) j.castSucc)` — hmm — `(x : E)` — x : LowerHemisphere — coercion through TWO levels: x → x.1 : Sphere n → (x.1 : E) — Lean inserts both ✓ (`(x : EuclideanSpace ℝ (Fin (n+1)))` — with explicit target ✓). Continuity: eval j.castSucc ∘ (Subtype.val ∘ Subtype.val): `(PiLp.continuous_apply ... j.castSucc).comp continuous_subtype_val |>.comp continuous_subtype_val` ✓.

```lean
theorem continuous_diskToLowerHemisphere (n) : Continuous (diskToLowerHemisphere n) := by
  refine Continuous.subtype_mk ?_ ?_  -- outer subtype (LowerHemisphere): f = fun y => ⟨esnoc ..., hsphere⟩
  · refine Continuous.subtype_mk ?_ ?_  -- inner subtype (Sphere)
    · -- y ↦ esnoc y (-√(1-‖y‖²)) — fun_prop?
      fun_prop
```
Let me check: `fun_prop` handles norm/continuous/ToLp/snoc? esnoc = WithLp.toLp 2 ∘ Fin.snoc — fun_prop should handle WithLp.toLp (it's continuous: PiLp.continuous_toLp has @[fun_prop]? Hmm — the earlier probe: `PiLp.continuous_toLp` — is it fun_prop-tagged? It appeared in #check — with fun_prop attribute? mathlib tags it [fun_prop] likely. And Fin.snoc — continuous as a map (Fin n → ℝ) × ℝ → (Fin (n+1) → ℝ): `Continuous fun p => Fin.snoc p.1 p.2` — is there a lemma `continuous_snoc`? hmm. fun_prop might know. If not: prove manually: continuous_pi + Fin.lastCases + eval/continuous_fst/continuous_snd.

Let me write it and iterate. Also continuity for the sqrt part: `fun y => Real.sqrt (1 - ‖y‖²)` — fun_prop handles sqrt (continuous_sqrt with 0 ≤ 1-‖y‖² — ContinuousOn.sqrt? `continuous_sqrt : ContinuousOn Real.sqrt {x | 0 ≤ x}`? hmm — `Real.continuous_sqrt : ContinuousOn sqrt (Set.Ici 0)` — fun_prop handles ContinuousOn via the "monotonic" mode? For the composition: y ↦ 1 - ‖y‖² ≥ 0 on Disk — need `ContinuousOn.comp`... Simpler: prove sqrt part manually:

```lean
    have hsqrt : Continuous (fun y : Disk n => Real.sqrt (1 - ‖(y : EuclideanSpace ℝ (Fin n))‖ ^ 2)) := by
      refine (Real.continuous_sqrt.comp ?_ ?_)? 
```
hmm — `Real.continuous_sqrt : ContinuousOn Real.sqrt {x : ℝ | 0 ≤ x}`? Let me check its exact statement — probably `ContinuousOn Real.sqrt (Set.Ici 0)` — with `(h : ∀ x, 0 ≤ 1 - ‖(y x)‖²)`. `ContinuousOn.comp : ContinuousOn f s → ContinuousOn g t → (maps into s) → ContinuousOn (f ∘ g) t` — then ContinuousOn → Continuous? For a function with codomain ℝ from Disk — `continuousOn_univ.mp`? Since the range condition holds on all of Disk: ‖y‖ ≤ 1 → 1 - ‖y‖² ≥ 0. So:

```lean
      have hg : Continuous (fun y : Disk n => 1 - ‖(y : EuclideanSpace ℝ (Fin n))‖ ^ 2) := by fun_prop
      have hnonneg : ∀ y : Disk n, 0 ≤ 1 - ‖(y : EuclideanSpace ℝ (Fin n))‖ ^ 2 := by
        intro y
        have hy : ‖(y : EuclideanSpace ℝ (Fin n))‖ ≤ 1 := by
          simpa [sub_zero] using (mem_closedBall_iff_norm.mp y.2)
        nlinarith [sq_nonneg ...]? -- 0 ≤ 1 - ‖y‖² ⟺ ‖y‖² ≤ 1 ⟺ ‖y‖ ≤ 1 (norms ≥ 0): sq_le_sq.mpr? 
        exact sub_nonneg.mpr (sq_le_one_iff_abs_le_one.mpr (by rw [abs_of_nonneg (norm_nonneg _)]; exact hy)) — hmm direction...
      exact (Real.continuous_sqrt.comp_continuousOn (hg.continuousOn) hnonneg)? 
```
Hmm — `ContinuousOn.comp` requires... The standard: `Real.continuous_sqrt.comp' hg hnonneg`? Let me check mathlib: `Real.continuous_sqrt : ContinuousOn Real.sqrt (Set.Ici 0)` — then `(Real.continuous_sqrt.comp hg.continuousOn hnonneg).continuousOn_univ.mp`? hmm — hmm there's `ContinuousOn.comp (hs : ContinuousOn f s) (hg : ContinuousOn g t) (h : MapsTo g t s)` : ContinuousOn (f ∘ g) t — with t = univ. Then `.continuousOn_univ.mp`. 

Hmm — actually — hold on: simpler: is there `Real.continuousAt_sqrt`? or fun_prop handles ContinuousOn.sqrt automatically when the nonneg condition is provable by positivity/nlinarith? fun_prop has a mode "assumption" — it might discharge `0 ≤ 1 - ‖y‖²` if it's a known fact on the domain? fun_prop won't know that. 

Alternative — avoid sqrt in the formula!! Use the INVERSE-DIRECTION hemisphere homeo with a DIFFERENT formula: instead of the graph-of-sqrt form, use the RADIAL form: Disk → hemisphere: y ↦ (y, -√(1-‖y‖²)) — that's what I have. The alternative "vertical projection + radial reparametrization" avoids sqrt: y ↦ ((1/(1+‖y‖))·? no...

Alternative formula avoiding sqrt: y ↦ (y / r, -(1 - 1/r))? hmm. Or: map y ↦ (√(1-‖y‖²)-free via the graph y ↦ (y, ‖y‖-1)?? that's the CONE not hemisphere — the cone over the disk! The graph (y, ‖y‖-1) is the cone of height 1 over Disk — norm ≠ 1. To get the hemisphere need sqrt.

Keep sqrt; continuity via Real.continuous_sqrt + ContinuousOn machinery — manageable. OR — different trick: use the fact that on Disk, y ↦ -√(1-‖y‖²) = -(√(1-‖y‖²)) — I could prove continuity with `ContinuousOn` glue. Let me check `Real.continuous_sqrt` statement first. Actually — I recall there's `Real.continuousAt_sqrt : ContinuousAt Real.sqrt x` for... no. There's `continuous_sqrt : ContinuousOn Real.sqrt (Set.Ici 0)`? Let me grep quickly in the mathlib Real/Sqrt. I'll probe.

Actually — hmm, even simpler: note 1 - ‖y‖² ≥ 0 on Disk — and sqrt is continuous at every point of Ici 0 — there's `Real.continuousAt_sqrt`? mathlib: `Real.continuousAt_sqrt`? Hmm — I remember `Real.continuousAt_sqrt : ContinuousAt Real.sqrt a` requires a ∈ Ici 0? Let me just probe the relevant names. Also `ContinuousAt.comp`, `continuousAt_iff_continuousOn`... I'll handle after seeing what's available.

Time check: I've used ~1h45m. Node 10 will take maybe 45-60 min more including audit/bookkeeping. Total ~2.5-3h, leaving buffer. Go.
dsh: reasoning:
Excellent: `Real.continuous_sqrt : Continuous fun x => √x` — sqrt is globally continuous in this mathlib (recent change). And `Continuous.sqrt (h : Continuous f) : Continuous fun x => √(f x)` ✓. So fun_prop/Continuous.sqrt handles the sqrt part without domain conditions!

`Continuous.subtype_mk : {p : X → Prop} {f : Y → X} (h : Continuous f) (hp : ∀ x, p (f x)) : Continuous fun x => ⟨f x, ...⟩` — hmm — this signature is for p : X → Prop and f : Y → X — the subtype is the CODOMAIN subtype {x : X // p x}. Interesting — so `Continuous.subtype_mk` builds continuity of the map INTO a subtype given continuity of the underlying and the membership. 

For Fin.snoc continuity — no lemma; prove manually:
```lean
theorem continuous_esnoc (n : ℕ) :
    Continuous (fun p : EuclideanSpace ℝ (Fin n) × ℝ => esnoc p.1 p.2) := by
  unfold esnoc
  refine PiLp.continuous_toLp 2 (fun _ : Fin (n + 1) => ℝ) |>.comp ?_
  apply continuous_pi
  intro i
  refine Fin.lastCases (n := n) (motive := fun i => Continuous (fun p : EuclideanSpace ℝ (Fin n) × ℝ => Fin.snoc (fun j => p.1 j) p.2 i)) ?_ ?_ i
  · simp [Fin.snoc_last]  -- p.2: continuous_snd
  · intro j
    simp [Fin.snoc_castSucc]  -- p.1 j
```
Fin.snoc lemmas: `Fin.snoc_last : snoc p x (last n) = x`, `Fin.snoc_castSucc : snoc p x j.castSucc = p j` ✓ (they're the ones used in esnoc_last/esnoc_castSucc proofs via simp).

Now — the forward map's membership and inverse. Also note the theorem name for the inverse: `lowerHemisphereToDisk`/`diskToLowerHemisphere`, homeo `lowerHemisphereHomeoDisk n : LowerHemisphere n ≃ₜ Disk n`.

Inverse algebra details (invFun(toFun x) = x):
```lean
theorem diskToLowerHemisphere_lowerHemisphereToDisk (n) (x : LowerHemisphere n) :
    diskToLowerHemisphere n (lowerHemisphereToDisk n x) = x := by
  apply Subtype.ext  -- equality in LowerHemisphere = {x : Sphere // ...}
  apply Subtype.ext  -- equality in Sphere = subset of E
  -- goal: esnoc (trunc x) (-√(1 - ‖trunc x‖²)) = (x : E)
  apply PiLp.ext
  intro i
  refine Fin.lastCases (n := n) (motive := fun i => (esnoc (trunc x) (-√(1 - ‖trunc x‖²))) i = (x : E) i) ?_ ?_ i
  · -- last: -√(1-‖trunc‖²) = x last
    have hnorm : ‖trunc x‖ ^ 2 + ((x : E) (Fin.last n)) ^ 2 = 1 := ... (as in the disk membership proof)
    have hlast : Real.sqrt (1 - ‖trunc x‖ ^ 2) = -((x : E) (Fin.last n)) := by
      have : (1 : ℝ) - ‖trunc x‖ ^ 2 = ((x : E) (Fin.last n)) ^ 2 := by linarith [hnorm]
      rw [this, Real.sqrt_sq_eq_abs, abs_of_nonpos x.2]
    linarith  -- -√ = x last from hlast
  · intro j
    simp
```
Hmm — `esnoc (trunc x) s j.castSucc = (trunc x) j = (x : E) j.castSucc` — simp [esnoc_castSucc] + the trunc def: trunc x = WithLp.toLp 2 (fun j => (x : E) j.castSucc) — `(trunc x) j` — hmm — `simp [lowerHemisphereToDisk, truncToCenter...]` — I need `(WithLp.toLp 2 f) j = f j` — PiLp coercion: `(toLp 2 f : PiLp) j` = f j — hmm — `WithLp.toLp` — the coe of WithLp p V = ofLp — `(WithLp.toLp p f).ofLp = f` rfl? `WithLp.toLp p f : WithLp p V` with ofLp = f — the PiLp CoeFun: y j = y.ofLp j — hmm — wait: PiLp = WithLp — but the coercion `y j` — earlier error messages used `y.ofLp j` — so `(WithLp.toLp p f) j` = `(WithLp.toLp p f).ofLp j` = f j (rfl via structure eta) ✓ simp closes with `simp [lowerHemisphereToDisk]`? `simp` unfolds the structure projection — yes.

Forward direction (toFun(invFun y) = y):
```lean
theorem lowerHemisphereToDisk_diskToLowerHemisphere (n) (y : Disk n) :
    lowerHemisphereToDisk n (diskToLowerHemisphere n y) = y := by
  apply Subtype.ext
  apply PiLp.ext
  intro j
  simp [lowerHemisphereToDisk, diskToLowerHemisphere]
```
trunc of esnoc = y coords ✓ by simp.

Membership proofs in the maps:
- diskToLowerHemisphere: sphere membership + last ≤ 0:
```lean
def diskToLowerHemisphere (n : ℕ) (y : Disk n) : LowerHemisphere n :=
  ⟨⟨esnoc (y : EuclideanSpace ℝ (Fin n)) (-Real.sqrt (1 - ‖(y : EuclideanSpace ℝ (Fin n))‖ ^ 2)), by
      rw [mem_sphere_zero_iff_norm, norm_eq_one_iff_norm_sq_eq_one, norm_sq_esnoc]
      have hy : ‖(y : EuclideanSpace ℝ (Fin n))‖ ≤ 1 := by
        simpa [sub_zero] using (mem_closedBall_iff_norm.mp y.2)
      have hnonneg : 0 ≤ 1 - ‖(y : EuclideanSpace ℝ (Fin n))‖ ^ 2 := by
        nlinarith [sq_nonneg (‖(y : EuclideanSpace ℝ (Fin n))‖)]  -- hmm: ‖y‖² ≤ 1 from hy: sq_le_sq? 
      ...
```
Hmm — ‖y‖ ≤ 1 ⟹ ‖y‖² ≤ 1: `sq_le_sq.mpr`? — `sq_le_sq : a² ≤ b² ↔ |a| ≤ |b|` — hmm. Simpler: nlinarith [hy, norm_nonneg (y : E)]: from hy : ‖y‖ ≤ 1 — nlinarith can square? nlinarith does nonlinear with squares via assumptions... `nlinarith [hy, norm_nonneg _]` for ‖y‖² ≤ 1: it can prove: (‖y‖)^2 ≤ 1 from ‖y‖ ≤ 1 and 0 ≤ ‖y‖ — yes nlinarith handles products when needed — I think nlinarith proves `a² ≤ 1` from `a ≤ 1` and `0 ≤ a` ✓ (it does squares of linear terms).

So:
```lean
      have hsq : ‖(y : EuclideanSpace ℝ (Fin n))‖ ^ 2 ≤ 1 := by
        nlinarith [hy, norm_nonneg (y : EuclideanSpace ℝ (Fin n))]
      have hsqrt_nonneg : 0 ≤ Real.sqrt (1 - ‖(y : EuclideanSpace ℝ (Fin n))‖ ^ 2) :=
        Real.sqrt_nonneg _
      rw [neg_sq, Real.sq_sqrt (sub_nonneg.mpr hsq)]
      ring
```
wait — the goal after norm_sq_esnoc: `‖y‖^2 + (-√(1-‖y‖²))^2 = 1` — `(-s)^2 = s^2` — `neg_sq` simp — then Real.sq_sqrt (0 ≤ 1 - ‖y‖²) — `‖y‖² + (1 - ‖y‖²) = 1` ring ✓.

- last ≤ 0: `neg_nonpos.mpr (Real.sqrt_nonneg _)`.

- lowerHemisphereToDisk: disk membership:
```lean
def lowerHemisphereToDisk (n : ℕ) (x : LowerHemisphere n) : Disk n :=
  ⟨WithLp.toLp 2 (fun j : Fin n => (x : EuclideanSpace ℝ (Fin (n + 1))) j.castSucc), by
    rw [mem_closedBall_iff_norm, sub_zero]
    have hsnoc : esnoc (WithLp.toLp 2 (fun j : Fin n => (x : E) j.castSucc)) ((x : E) (Fin.last n)) = (x : E) := by
      apply PiLp.ext
      intro i
      refine Fin.lastCases (n := n) (motive := fun i => esnoc (WithLp.toLp 2 (fun j : Fin n => (x : E) j.castSucc)) ((x : E) (Fin.last n)) i = (x : E) i) ?_ ?_ i
      · simp
      · intro j
        simp
    have hxnorm : ‖(x : E)‖ = 1 := mem_sphere_zero_iff_norm.mp x.1.2
    have hsq : ‖WithLp.toLp 2 (fun j : Fin n => (x : E) j.castSucc)‖ ^ 2 + ((x : E) (Fin.last n)) ^ 2 = 1 := by
      rw [← norm_sq_esnoc, hsnoc, hxnorm, one_pow]
    have hle : ‖WithLp.toLp 2 (fun j : Fin n => (x : E) j.castSucc)‖ ≤ 1 := by
      have hsqle : ‖...‖ ^ 2 ≤ 1 := by nlinarith [hsq]
      exact (sq_le_one_iff_abs_le_one _).mp hsqle |>.trans_eq? — hmm: |t| ≤ 1 and |t| = t (norm_nonneg): exact by simpa [abs_of_nonneg (norm_nonneg _)] using (sq_le_one_iff_abs_le_one _).mp hsqle
    exact hle⟩
```
Hmm wait — the truncation `WithLp.toLp 2 (fun j : Fin n => ...)` — the esnoc castSucc: esnoc w s j.castSucc = w j where j : Fin n ✓.

Also `x.1.2` — x : LowerHemisphere n = {x : Sphere n // ...} — x.1 : Sphere n — x.1.2 : (x.1 : E) ∈ sphere — hmm — `(x : E)` for x : LowerHemisphere — coercion chain — `x.1.2` has type `↑x.1 ∈ Metric.sphere ...` where ↑x.1 : E ✓.

Now the homeo:
```lean
def lowerHemisphereHomeoDisk (n : ℕ) : LowerHemisphere n ≃ₜ Disk n where
  toEquiv :=
    { toFun := lowerHemisphereToDisk n
      invFun := diskToLowerHemisphere n
      left_inv := lowerHemisphereToDisk_diskToLowerHemisphere n
      right_inv := diskToLowerHemisphere_lowerHemisphereToDisk n }
  continuous_toFun := continuous_lowerHemisphereToDisk n
  continuous_invFun := continuous_diskToLowerHemisphere n
```

Then MoiseBranch: replace the sphereMinusBallHomeoDisk Prop with example + docstring; remove `sphereMinusBallHomeoDisk` from audit (AxiomAudit #print line + script expected list); add new names.

Continuity of lowerHemisphereToDisk:
```lean
theorem continuous_lowerHemisphereToDisk (n : ℕ) : Continuous (lowerHemisphereToDisk n) := by
  refine Continuous.subtype_mk ?_ ?_
  · exact PiLp.continuous_toLp 2 (fun _ : Fin n => ℝ) |>.comp
      (continuous_pi.mpr (fun j =>
        ((PiLp.continuous_apply (p := 2) (β := fun _ : Fin (n + 1) => ℝ) j.castSucc).comp
          continuous_subtype_val).comp continuous_subtype_val))
  · intro x
    exact (lowerHemisphereToDisk n x).2
```
Hmm — Continuous.subtype_mk's hp : ∀ x, p (f x) — p = membership in closedBall — `(lowerHemisphereToDisk n x).2` — but that's the proof INSIDE the def — need the def to unfold: exact works if subtype_mk expects `p (f x)` = `f x ∈ Disk n`... Let me write `hp := fun x => (lowerHemisphereToDisk n x).2` — the def's `.2` — hmm — `(lowerHemisphereToDisk n x).2 : (WithLp.toLp 2 (...)) ∈ Metric.closedBall 0 1` — should unify with p (f x) where f x = WithLp.toLp 2 (...) ✓ defeq.

Continuity of diskToLowerHemisphere:
```lean
theorem continuous_diskToLowerHemisphere (n : ℕ) : Continuous (diskToLowerHemisphere n) := by
  refine Continuous.subtype_mk ?_ ?_
  · refine Continuous.subtype_mk ?_ ?_
    · -- y ↦ esnoc y (-√(1-‖y‖²))
      refine continuous_esnoc n |>.comp ?_  -- hmm — continuous_esnoc n : Continuous (fun p : E × ℝ => esnoc p.1 p.2)
      exact (continuous_id.prodMk ?_)? 
```
Compose: fun y : Disk n => esnoc (y : E) (-√(1-‖y‖²)) = (fun p => esnoc p.1 p.2) ∘ (fun y => ((y : E), -√(1-‖y‖²))). The second map: `Continuous.prodMk (continuous_subtype_val) (continuous_neg.comp (Continuous.sqrt ...))`:
```lean
    · refine continuous_esnoc n |>.comp ?_
      refine Continuous.prodMk (g := fun y : Disk n => -Real.sqrt (1 - ‖(y : EuclideanSpace ℝ (Fin n))‖ ^ 2)) continuous_subtype_val ?_
      · exact continuous_neg.comp ((continuous_const.sub (Continuous.norm continuous_subtype_val).pow 2).sqrt)
```
hmm — `(1 - ‖y‖²)` : fun y => 1 - ‖(y : E)‖^2 — `(continuous_const.sub ((Continuous.norm continuous_subtype_val).pow 2))` — hmm — `Continuous.norm h : Continuous fun x => ‖f x‖` then `.pow`? — `Continuous.pow : Continuous f → Continuous (f^n)`? There's `Continuous.pow h n : Continuous fun x => (f x)^n` ✓. Then `.sqrt` — `Continuous.sqrt : Continuous f → Continuous fun x => √(f x)` ✓ (no nonneg hypothesis needed — nice!).

    · -- the membership: p (f x) for the Sphere subtype — (diskToLowerHemisphere n y).1.2
      intro y
      exact (diskToLowerHemisphere n y).1.2
  · intro y
    exact (diskToLowerHemisphere n y).2
```
Careful — the outer subtype_mk for LowerHemisphere: p : {x : Sphere...}-subtype — f y = ⟨esnoc..., hsphere⟩ : Sphere n — then hp : p (f y) = (f y : E) (Fin.last n) ≤ 0 — `(diskToLowerHemisphere n y).2` ✓.

Also `continuous_esnoc` — define as above.

Let me now write the file. Also mind: file name `HemisphereDisk.lean` — import SphereGluing. Namespace same.

Also — one more consideration — `norm_eq_one_iff_norm_sq_eq_one` is in the namespace (SphereGluing) ✓.

Also the inverse lemma for esnoc: in `diskToLowerHemisphere_lowerHemisphereToDisk` — the hnorm needed: `‖trunc x‖² + (x last)² = 1` — same hsq as in the membership — I'll extract a shared lemma:

```lean
theorem trunc_norm_sq_add_last_sq_eq_one (n : ℕ) (x : LowerHemisphere n) :
    ‖WithLp.toLp 2 (fun j : Fin n => (x : EuclideanSpace ℝ (Fin (n + 1))) j.castSucc)‖ ^ 2
      + ((x : EuclideanSpace ℝ (Fin (n + 1))) (Fin.last n)) ^ 2 = 1 := by ...
```
and a trunc-lemma: `trunc_eq_esnoc_castSucc`... Let me define:
```lean
def lowerTrunc (n : ℕ) (x : EuclideanSpace ℝ (Fin (n + 1))) : EuclideanSpace ℝ (Fin n) :=
  WithLp.toLp 2 (fun j : Fin n => x j.castSucc)

theorem esnoc_lowerTrunc_eq (n : ℕ) (x : EuclideanSpace ℝ (Fin (n + 1))) :
    esnoc (lowerTrunc n x) (x (Fin.last n)) = x := by
  apply PiLp.ext
  intro i
  refine Fin.lastCases (n := n) (motive := fun i => esnoc (lowerTrunc n x) (x (Fin.last n)) i = x i) ?_ ?_ i
  · simp
  · intro j
    simp [lowerTrunc]
```
Then `lowerHemisphereToDisk n x = ⟨lowerTrunc n (x : E), mem⟩`.

Write the file now.
dsh: reasoning:
The issue: `esnoc` has signature `esnoc {n : ℕ} (w : EuclideanSpace ℝ (Fin (n + 1))) (s : ℝ) : EuclideanSpace ℝ (Fin (n + 2))` — so `esnoc (lowerTrunc n x) ...` — lowerTrunc n x : Fin n — needs w : Fin (n+1)! The esnoc def appends to w : Fin (n+1). For the hemisphere I want: w : Fin n, append last → Fin (n+1). So `esnoc` with index n-1?? esnoc's {n} — `esnoc (n := n-1)`? For n = 0 there's no n-1! esnoc is defined for w : Fin (n+1) → Fin (n+2) — I need a version for Fin n → Fin (n+1) — i.e. `esnoc (n := m)` gives Fin (m+1) → Fin (m+2); for target Fin (n+1) I need m+2 = n+1 ⟹ m = n-1 — breaks at n = 0.

Define a local helper: 
```lean
def esnoc' (n : ℕ) (w : EuclideanSpace ℝ (Fin n)) (s : ℝ) : EuclideanSpace ℝ (Fin (n + 1)) :=
  WithLp.toLp 2 (Fin.snoc (fun j : Fin n => w j) s)
```
That's Fin.snoc with n — `Fin.snoc : {n : ℕ} {α : Fin (n+1) → Sort} (p : (i : Fin n) → α i.castSucc) (x : α (last n)) (i : Fin (n+1))` — Fin.snoc (n := n) p s : Fin (n+1) → ℝ ✓ works for n = 0 too.

Then `esnoc'_last`, `esnoc'_castSucc`, `norm_sq_esnoc'` (‖esnoc' w s‖² = ‖w‖² + s² — same proof as norm_sq_esnoc), `continuous_esnoc'`.

Also the norm_sq_esnoc rewrite in trunc_norm_sq_add_last_sq_eq_one: `rw [← norm_sq_esnoc, esnoc_lowerTrunc_eq ...]` — the pattern `‖esnoc w s‖²` — with esnoc' instead: `rw [← norm_sq_esnoc', esnoc'_lowerTrunc_eq, hxnorm, one_pow]`.

Let me restructure: replace esnoc with esnoc' throughout the file. Also esnoc_lowerTrunc_eq → esnoc'_lowerTrunc_eq. Update:
- trunc_norm_sq_add_last_sq_eq_one: `rw [← norm_sq_esnoc', esnoc'_lowerTrunc_eq, hxnorm, one_pow]`
- diskToLowerHemisphere: esnoc' (y : E) (-√(...)) : Fin (n+1) ✓
- continuous_esnoc' : Continuous (fun p : E (Fin n) × ℝ => esnoc' p.1 p.2)
- diskToLowerHemisphere_lowerHemisphereToDisk: esnoc'_last/esnoc'_castSucc.

norm_sq_esnoc' proof: mirror norm_sq_esnoc: 
```lean
theorem norm_sq_esnoc' {n : ℕ} (w : EuclideanSpace ℝ (Fin n)) (s : ℝ) :
    ‖esnoc' n w s‖ ^ 2 = ‖w‖ ^ 2 + s ^ 2 := by
  rw [PiLp.norm_sq_eq_of_L2, PiLp.norm_sq_eq_of_L2]
  rw [Fin.sum_univ_castSucc]
  simp only [esnoc'_castSucc, esnoc'_last, Real.norm_eq_abs, sq_abs]
```
Hmm — Fin.sum_univ_castSucc for Fin (n+1): ∑ i : Fin (n+1), f i = ∑ i : Fin n, f i.castSucc + f (last n) ✓ — matches norm_sq_esnoc's proof with n+1 → n. ✓

Let me apply these edits via python: replace `esnoc` with `esnoc'` in the hemisphere-specific spots (careful — norm_sq_esnoc (existing) used in trunc lemma should become norm_sq_esnoc'). Actually simpler to rename all occurrences of `esnoc` in this file to `esnoc'` and add the esnoc' definitions. The only existing-theorem reference `norm_sq_esnoc` → `norm_sq_esnoc'`. And `esnoc_last`/`esnoc_castSucc` in proofs → `esnoc'_last`/`esnoc'_castSucc` (defined locally).
dsh: reasoning:
Several issues:

1. Line 145: `Fin.snoc` motive metavariable issue in continuous_esnoc' — the `unfold esnoc'` + the Fin.snoc in the goal — the motive `?m.57 i (Fin.last n)` — the elaboration of `Fin.snoc (fun j : Fin n => p.1 j) p.2` in the motive needs the α argument: `Fin.snoc (n := n) (α := fun _ : Fin (n + 1) => ℝ) ...`? The motive is `fun i => Continuous (fun p => Fin.snoc (fun j => p.1 j) p.2 i)` — Fin.snoc needs to elaborate: `@Fin.snoc n (fun _ : Fin (n+1) => ℝ) (fun j => p.1 j) p.2 i` — the α can be inferred from `p.2`? p.2 : ℝ should determine α (last n) = ℝ — but Lean can't infer since the motive application... Provide explicit:
```lean
    (motive := fun i => Continuous (fun p : EuclideanSpace ℝ (Fin n) × ℝ =>
      @Fin.snoc n (fun _ : Fin (n + 1) => ℝ) (fun j : Fin n => p.1 j) p.2 i))
```
And in the `· simpa using continuous_snd` case — after lastCases the goal is `Continuous fun p => Fin.snoc ... p.2 (Fin.last n)` — simp needs `Fin.snoc_last` ✓ then continuous_snd.

2. Line 154: `continuous_pi.mpr` unknown — continuous_pi is a THEOREM `Continuous f ↔ ∀ i, Continuous (eval i ∘ f)` — .mp direction: `(continuous_pi.mp h)`? I used `.mpr` — mpr: (∀ i, ...) → Continuous f ✓ — but the error says unknown constant `continuous_pi.mpr` — because continuous_pi's iff — hmm — in this mathlib rev `continuous_pi` is `theorem continuous_pi {f : X → (i : ι) → A i} : Continuous f ↔ ∀ (i : ι), Continuous fun a => f a i` — `.mpr` should work on the iff... unless continuous_pi is a def/abbrev of another form. The #check earlier showed `continuous_pi ... (h : ∀ i, Continuous fun a => f a i) : Continuous f` — it's NOT an iff — it's a direct theorem (the h is an explicit arg). So use `apply continuous_pi` + intro. Fix all `continuous_pi.mpr (...)` → `apply continuous_pi; intro j; ...`.

3. Lines 157/170/172 "No goals to be solved" — cascade from the broken continuous_pi.mpr (structure got misparsed).

4. Lines 212/213: left_inv/right_inv — the Equiv structure field order: in Lean's Equiv: {toFun, invFun, left_inv : ∀ x, invFun (toFun x) = x, right_inv : ∀ y, toFun (invFun y) = y}. left_inv : LeftInverse invFun toFun = ∀ x, invFun (toFun x) = x — so left_inv := diskToLowerHemisphere_lowerHemisphereToDisk n (G∘F = id) and right_inv := lowerHemisphereToDisk_diskToLowerHemisphere n (F∘G = id). I have them SWAPPED. Fix.

Also — the esnoc' definition itself: `WithLp.toLp 2 (@Fin.snoc n (fun _ : Fin (n + 1) => ℝ) (fun i : Fin n => w i) s)` — the type of @Fin.snoc n α p x is α (Fin.last n)?? no — Fin.snoc : (p : (i : Fin n) → α i.castSucc) → (x : α (Fin.last n)) → (i : Fin (n+1)) → α i — the RESULT is a function (i : Fin (n+1)) → α i ✓ so toLp 2 (Fin.snoc ...) : WithLp 2 (Fin (n+1) → ℝ) ✓.

Also the `esnoc'_last`/`esnoc'_castSucc`/`norm_sq_esnoc'` — did they compile? The errors start at 145 (continuous_esnoc') — so the earlier lemmas compiled ✓.

Let me fix the three spots.
dsh: reasoning:
Progress. Remaining:

1. Line 148: the castSucc branch of continuous_esnoc': `((fun f => f.ofLp j) ∘ Prod.fst)` vs `fun p => p.1.ofLp j` — simpa didn't beta-reduce the composition. Use `change`/exact with explicit form:
```lean
  · intro j
    change Continuous (fun p : EuclideanSpace ℝ (Fin n) × ℝ => p.1 j)
    exact (PiLp.continuous_apply (p := 2) (β := fun _ : Fin n => ℝ) j).comp continuous_fst
```
Wait — after `change`, the goal is `Continuous (fun p => p.1 j)` — `(PiLp.continuous_apply ... j).comp continuous_fst : Continuous ((fun f => f.ofLp j) ∘ Prod.fst)` — `change` in the exact? Let me write:
```lean
  · intro j
    change Continuous (fun p : EuclideanSpace ℝ (Fin n) × ℝ => p.1.ofLp j)
    exact (PiLp.continuous_apply (p := 2) (β := fun _ : Fin n => ℝ) j).comp continuous_fst
```
change to the ∘ form: `Continuous ((fun f : EuclideanSpace ℝ (Fin n) => f.ofLp j) ∘ Prod.fst)` — the comp form IS that — so `change Continuous ((fun f : EuclideanSpace ℝ (Fin n) => f.ofLp j) ∘ Prod.fst)` then exact.

Hmm — actually simpler — the goal after the lastCases castSucc: `Continuous fun p => @Fin.snoc n (...) (fun j => p.1 j) p.2 (j.castSucc)` — `simpa` turns `Fin.snoc ... (j.castSucc)` into `p.1 j` via Fin.snoc_castSucc — and `p.1 j` — since EuclideanSpace = PiLp = WithLp — `p.1 j` = p.1.ofLp j. The mismatched forms — write:
```lean
  · intro j
    change Continuous (fun p : EuclideanSpace ℝ (Fin n) × ℝ => p.1.ofLp j)
    exact (PiLp.continuous_apply (p := 2) (β := fun _ : Fin n => ℝ) j).comp continuous_fst
```
The exact's type: `Continuous ((fun f : PiLp 2 (fun x => ℝ) => f.ofLp j) ∘ Prod.fst)` — change target: `Continuous (fun p => p.1.ofLp j)` — defeq via beta of ∘? `(g ∘ Prod.fst) p = g p.1` — beta-reduces ✓ — so `change` to the fun form works (defeq) ✓ then exact.

Also — line 145's `· simpa using continuous_snd` — did that one pass? Errors start at 148 — yes 145 passed.

2. Lines 159/166/172/174: cascades — 159 "No goals" — after my continuous_pi fix the structure... hmm — 159:2 no goals — probably from my edit producing `by apply continuous_pi intro j exact ...` — wait — the `|>.comp (by apply continuous_pi; intro j; exact ...)` — the `|>` pipeline — `PiLp.continuous_toLp 2 (...) |>.comp (by ...)` — the paren block `(by apply continuous_pi; intro j; exact ...)` — `apply continuous_pi` — creates goal `∀ i, Continuous ...`? continuous_pi (h : ∀ i, Continuous ...) : Continuous f — apply continuous_pi → goal: ∀ i, Continuous (fun a => f a i) — intro j ✓ exact ✓. Then `.comp` — hmm — `|>.comp` — the pipeline `X |>.comp Y` = (X.comp) Y = Continuous.comp X Y — the ORDER: Continuous.comp (hg) (hf) — `X.comp Y` = hg := X, hf := Y — X = continuous_toLp (codomain PiLp) and Y = the pi-continuous function — ✓ that's what I want (toLp ∘ coords). Hmm so why "No goals to be solved" at 159? Let me see the actual file around 150-175.
dsh: reasoning:
Errors at 159/166/172/174 — these are inside `continuous_lowerHemisphereToDisk` (159) and `continuous_diskToLowerHemisphere` (166: typeclass stuck, 172/174: no goals). Hmm — 159:2 — line 159 = `· intro x` + `exact (lowerHemisphereToDisk n x).2`? Line 159 per view: counting — 150 = /-- Continuity of the forward map... line 152 refine, 153 `· exact ...` (lines 153-158), 159 = `· intro x`, 160 = `exact ...`. Error 159:2 "No goals to be solved" — the `intro x` has no binder — meaning the goal after the first bullet is ALREADY closed — i.e., `Continuous.subtype_mk ?_ ?_` produced goals where the FIRST bullet's exact closed BOTH?? — no — subtype_mk : (h : Continuous f) (hp : ∀ x, p (f x)) — two goals — my first bullet `exact PiLp.continuous_toLp ... |>.comp (by ...)` — if this exact accidentally matched the SECOND goal type too... The `|>.comp` pipeline: `PiLp.continuous_toLp 2 (fun _ : Fin n => ℝ)` has type `Continuous (WithLp.toLp 2)` where the domain is `(j : Fin n) → ℝ`-typed... and `.comp (by ...)` — the `by` block: `apply continuous_pi` — but WAIT — the FIRST goal of subtype_mk — `Continuous f` where f = fun x => lowerTrunc n (x : E) — the exact's term `PiLp.continuous_toLp ... |>.comp (continuous_pi ...)` — hmm — actually the issue: `Continuous.comp` — `hg.comp hf : Continuous (g ∘ f)` — with g = toLp and f = the pi map — ✓. Hmm — but "No goals to be solved" at the `intro x` — maybe the exact DID solve both goals (overzealous)? No — exact solves only the current goal.

Hmm wait — actually let me reconsider: the error is at 159:2 — line 159 in the CURRENT file — let me recount: line 1 starts at "-/"... The sed shows lines 140-180. Line 159 corresponds to... 140=refine PiLp..., so line 153 = `· exact PiLp...`, lines 153-158 = the exact block, 159 = `· intro x`. So the FIRST bullet's exact block spans 153-158, and at 159 the `intro x` reports "no goals" — meaning the first bullet solved the ENTIRE theorem?? That happens if `Continuous.subtype_mk ?_ ?_` — with my `refine Continuous.subtype_mk ?_ ?_` — subtype_mk's signature: {p : X → Prop} {f : Y → X} (h : Continuous f) (hp : ∀ x, p (f x)) — hmm — wait — is it possible the earlier error at 148 (continuous_esnoc') poisoned the module and all subsequent errors are cascades? Errors 159-174 could be pure cascades from the unelaborated continuous_esnoc'. Fix 148 first and re-run.

Let me fix the castSucc branch of continuous_esnoc' with the change/exact form.
dsh: reasoning:
The `change` failed because the goal still has `Fin.snoc ... j.castSucc` — `change` doesn't apply the simp lemma Fin.snoc_castSucc. Use `rw [Fin.snoc_castSucc]`? Or use simpa with the change: the goal `Continuous fun p => Fin.snoc (fun j => p.1.ofLp j) p.2 j.castSucc` — need `rw [Fin.snoc_castSucc]` — rw under the lambda should work here (the pattern `Fin.snoc p x (i.castSucc)`). Earlier `rw [simplexDir_castSucc]` failed under a lambda... but that was a user lemma — rw [Fin.snoc_castSucc] is a theorem about Fin.snoc — pattern `Fin.snoc ?p ?x ?i.castSucc` — hmm — the motive metavar issues again. Let me use `simp only [Fin.snoc_castSucc]` — simp handles it ✓. Then exact. 

```lean
  · intro j
    simp only [Fin.snoc_castSucc]
    change Continuous (fun p : EuclideanSpace ℝ (Fin n) × ℝ => p.1.ofLp j)
    exact (PiLp.continuous_apply (p := 2) (β := fun _ : Fin n => ℝ) j).comp continuous_fst
```

Also the cascades at 160+ — after 148 is fixed, hopefully they resolve. Note 160:2 "No goals" — that's the `intro x` inside continuous_lowerHemisphereToDisk... hmm — but that theorem comes AFTER continuous_esnoc' — cascade likely. Fix and rerun.
dsh: reasoning:
continuous_esnoc' now compiles. Remaining: continuous_lowerHemisphereToDisk (161) and continuous_diskToLowerHemisphere (168-176).

Line 161: `· intro x` — "No goals" — the first bullet solved both goals?? Let me look at the exact block:
```lean
  · exact PiLp.continuous_toLp 2 (fun _ : Fin n => ℝ) |>.comp
      (by
        apply continuous_pi
        intro j
        exact ((PiLp.continuous_apply (p := 2) (β := fun _ : Fin (n + 1) => ℝ) j.castSucc).comp
          continuous_subtype_val).comp continuous_subtype_val)
```
Hmm — `.comp` — `PiLp.continuous_toLp 2 (...) |>.comp X` = `(PiLp.continuous_toLp 2 (...)).comp X` = Continuous.comp (toLp) (X)? `hg.comp hf` — hg := toLp, hf := X — result: Continuous (toLp ∘ X) — hmm — toLp's domain: `(j : Fin n) → ℝ` (function space) — X : Continuous (fun x => fun j => ...) — hmm wait — the goal is `Continuous (fun x : LowerHemisphere n => lowerTrunc n (x : E))` = toLp 2 ∘ (fun x => (fun j => (x : E) j.castSucc))... — the composition should work.

"No goals to be solved" at `intro x` — hmm — maybe the exact DID solve both goals: `Continuous.subtype_mk ?_ ?_` — two metavariable goals — exact on the first — the term might unify with the SECOND goal too if... no. OR — the `·` bullet structure: `refine Continuous.subtype_mk ?_ ?_` — creates TWO goals — first `·` block runs `exact ...` — then the second `·` block at 161 — "no goals" means the first block solved everything — that happens when the exact term's type accidentally closes... hmm — OR the issue: `Continuous.subtype_mk` — in this mathlib the theorem might have different argument structure: `Continuous.subtype_mk {p : X → Prop} {f : Y → X} (h : Continuous f) (hp : ∀ (x : Y), p (f x)) : Continuous fun x => ⟨f x, ⋯⟩` — hmm — wait — this signature has p : X → Prop and f : Y → X — the RESULT is `Continuous fun x => ⟨f x, ...⟩` — a map Y → {x : X // p x}?? Hmm — that's the subtype on the CODOMAIN X. But my goal: lowerHemisphereToDisk n : LowerHemisphere n → Disk n — where Disk n = Metric.closedBall 0 1 — a SET coerced to a subtype — `⟨lowerTrunc ..., mem⟩ : Disk n` — the subtype is {x : EuclideanSpace ℝ (Fin n) // x ∈ closedBall} — so X = EuclideanSpace ℝ (Fin n), Y = LowerHemisphere n, p = membership in closedBall. refine Continuous.subtype_mk ?_ ?_ — the two ?_: (h : Continuous f) and (hp : ∀ x, p (f x)).

Hmm wait — why "No goals" then... OH — I see it — the problem is my FIRST bullet might have solved the goal and the SECOND bullet's `intro x` — hmm. Let me just look at what the elaborated code did — maybe the issue is the exact term SOLVED BOTH because `|>.comp (by apply continuous_pi ...)` — the `by` block — `apply continuous_pi` — hmm — if the goal at that point was the FIRST ?_ — fine... 

Actually, wait — maybe the issue is different: maybe `Continuous.subtype_mk` in this rev takes the hp FIRST or the goals are in different order... The probe showed: `Continuous.subtype_mk {X Y} [TopologicalSpace X] [TopologicalSpace Y] {p : X → Prop} {f : Y → X} (h : Continuous f) (hp : ∀ (x : Y), p (f x)) : Continuous fun x => ⟨f x, ⋯⟩` — h first, hp second ✓ my order right.

Hmm — "No goals to be solved" at 161:2 — hmm — maybe the previous bullet's `exact` consumed BOTH goals because the term `... |>.comp (...)` — the `|>` notation — `a |>.comp b` — parses as `(a.comp) b`? — `|>` is the pipeline: `a |>.comp b` = `a.comp b`? Actually `x |>.foo y` means `(x.foo) y` = `x.foo y`. So `PiLp.continuous_toLp 2 (...) |>.comp (by ...)` = `(PiLp.continuous_toLp 2 (...)).comp (by ...)` — hmm — `.comp` on the theorem — method notation — `Continuous.comp hg hf` — with hg = toLp-theorem ✓. Fine.

Hmm — hold on — maybe the "No goals" is because the SECOND goal `∀ x, p (f x)` — the first exact didn't solve it — but `intro x` at the start of bullet 2 — "no binders to introduce" — the second goal must ALREADY be closed... because... hmm — OH WAIT. I bet the issue: `refine Continuous.subtype_mk ?_ ?_` — subtype_mk's hp : ∀ (x : Y), p (f x) — and the term `exact PiLp.continuous_toLp ...` in bullet 1 — with `?_` metavariables — when exact solves goal 1, the hp metavariable in the goal 2 is still `?_` — but if `f` gets unified during goal 1's solve... the second goal becomes `∀ x : LowerHemisphere n, p (lowerTrunc n ↑↑x)` — p is the closedBall membership — should still be open...

Let me just restructure these two proofs without `refine subtype_mk ?_ ?_` — use `exact Continuous.subtype_mk (f := ...) (h := ...) (hp := ...)` or simpler: `fun_prop` might handle everything? Let me try simpler proofs:

continuous_lowerHemisphereToDisk:
```lean
theorem continuous_lowerHemisphereToDisk (n : ℕ) : Continuous (lowerHemisphereToDisk n) := by
  exact Continuous.subtype_mk (f := fun x : LowerHemisphere n => lowerTrunc n (x : EuclideanSpace ℝ (Fin (n + 1))))
    (h := PiLp.continuous_toLp 2 (fun _ : Fin n => ℝ) |>.comp (by
      apply continuous_pi
      intro j
      exact ((PiLp.continuous_apply (p := 2) (β := fun _ : Fin (n + 1) => ℝ) j.castSucc).comp
        continuous_subtype_val).comp continuous_subtype_val))
    (hp := fun x => (lowerHemisphereToDisk n x).2)
```
Hmm — the subtype_mk's p : X → Prop — X = EuclideanSpace — p = fun x => x ∈ Disk n? The hp : ∀ x, p (f x) — with f = lowerTrunc — hp : ∀ x, lowerTrunc n ↑x ∈ Disk n — `(lowerHemisphereToDisk n x).2 : lowerTrunc n ↑x ∈ Disk n` ✓.

Let me rewrite both continuity theorems with fully explicit subtype_mk applications.
dsh: reasoning:
HemisphereDisk.lean compiles clean! Now:

1. Update MoiseBranch.lean: replace the sphereMinusBallHomeoDisk Prop def with discharged note + example.
2. Update AxiomAudit.lean + tools/d12_axiom_audit.py: remove `sphereMinusBallHomeoDisk`, add new HemisphereDisk declarations.
3. lake build + audit.
4. Update MOISE_DAG.md (nodes 9, 10).
5. Update checkpoint + results card.

New declarations in HemisphereDisk.lean: LowerHemisphere (abbrev), esnoc', esnoc'_last, esnoc'_castSucc, norm_sq_esnoc', lowerTrunc, esnoc'_lowerTrunc_eq, trunc_norm_sq_add_last_sq_eq_one, sqrt_one_sub_trunc_norm_sq_eq_neg_last, lowerHemisphereToDisk, diskToLowerHemisphere, continuous_esnoc', continuous_lowerHemisphereToDisk, continuous_diskToLowerHemisphere, lowerHemisphereToDisk_diskToLowerHemisphere, diskToLowerHemisphere_lowerHemisphereToDisk, lowerHemisphereHomeoDisk, lowerHemisphereCompactSpace, lowerHemisphereT2Space, lowerHemisphereNonempty.
dsh: reasoning:
Two issues:
1. The audit script path was wrong (I ran python from release/ — '../../tools/...' resolves above the worktree). Also the script edit didn't apply. And the AxiomAudit build failed — need details.
2. Let me fix the script path (absolute) and check the build error.
dsh: reasoning:
The AxiomAudit.lean still has a `#print axioms ... sphereMinusBallHomeoDisk` line — my replace of the exact string `"#print axioms Poincare.D12.TriangulationTopology.sphereMinusBallHomeoDisk\n"` — hmm — the replace happened on the src BEFORE I wrote it? The build error shows the print line still exists at line 80. My python replace did `src.replace("#print axioms Poincare.D12.TriangulationTopology.sphereMinusBallHomeoDisk\n", "")` — maybe the line had different ending or the earlier replace of vanKampen line inserted new names and the sphereMinusBall line... the replace returned the same string if not found — I didn't check. Let me look at line 80 and fix directly. Also update the audit script via the absolute path.
dsh: reasoning:
Interesting — line 80 is `#check Poincare.D12.TriangulationTopology.sphereMinusBallHomeoDisk` — a #CHECK line I didn't know about! My replace targeted `#print axioms ...sphereMinusBallHomeoDisk` but the file has a `#check` (which now fails since the name is gone). Replace that #check line. Also the audit script still lists sphereMinusBallHomeoDisk — remove from there too.
dsh: reasoning:
Build green (8955 jobs), AUDIT PASS (137 expected declarations — hmm, 138 → 137: removed sphereMinusBallHomeoDisk (-1), added 20 new names... 138 - 1 + 20 = 157?? But it says "137 expected declarations; 157 axiom lines parsed". Hmm — 138 + 20 - 1 = 157. But "expected" = 137?? Wait — "audited 137 expected declarations" — the expected list length printed as 137?? 138 + 20 - 1 should be 157. Unless my earlier script insert for the simplex names didn't actually get into the expected list... Let me check: earlier for SimplexBoundary I did `s.replace('        "vanKampenSimplyConnectedCover", "simplexBoundaryHomeoSphere",', ...)` — that worked (138 was 95 + 43 = 138 ✓ — so simplex names were added: 95 + 43 = 138 ✓). Now I added 20 hemisphere names: replace the same anchor string — but the anchor already had the simplex block inserted BEFORE vanKampen — the anchor `"vanKampenSimplyConnectedCover", "simplexBoundaryHomeoSphere",` — still present exactly? Yes should be — so 138 + 20 = 158, minus 1 (sphereMinusBallHomeoDisk) = 157 expected. But it says 137!!

Hmm — and "157 axiom lines parsed" — the AxiomAudit output has more lines. The expected list is 137 — that means my hemisphere insert REPLACED something wrong or the simplex insert earlier... Let me count: check the script's expected list length. If expected = 137, some names are missing from expected but present in output (harmless for the check? No — the check iterates expected names and fails only if missing from OUTPUT; extra output lines aren't checked!). The audit PASSES — but is it fail-closed for the new declarations? The #print axioms lines are in AxiomAudit.lean (157 parsed) — but if a new name isn't in the EXPECTED list, its axioms aren't checked! I must ensure every new name is in the expected list.

Let me inspect the expected list in the script.
dsh: reasoning:
The simplex names ARE in the list (lines 102-141), and the hemisphere insert must have failed silently — the anchor replace `s.replace('        "vanKampenSimplyConnectedCover", "simplexBoundaryHomeoSphere",', ...)` — the anchor appears at line 142 — but my hemisphere insert used the SAME anchor — wait, that would have worked... Unless the hemisphere names replace ran on the OLD anchor which... let me check if lowerHemisphere names are present: grep shows NO lowerHemisphere lines! So the hemisphere replace did not take effect — because in the previous python run, the path '../../tools/d12_axiom_audit.py' FAILED (FileNotFoundError) — the exception aborted BEFORE... no wait — the traceback showed the failure happened at line 53 which was the script edit — the AxiomAudit.lean edit (step 2) had ALREADY succeeded (written to disk) — and the script edit failed. Then in my NEXT python run (the "#check" fix) I only removed the sphereMinusBall entry from the script — didn't add hemisphere names. So: add the hemisphere names now.

Also 137 = 138 - 1 (sphereMinusBall removed) ✓ consistent. Need to add 20 hemisphere names → 157 ✓ matching the parsed count.
dsh: reasoning:
AUDIT PASS: 157 expected declarations, all only {propext, Classical.choice, Quot.sound}.

Now finalize:
1. Update MOISE_DAG.md (nodes 9, 10 → D12 proved).
2. Update checkpoint.json.
3. Update result card longrun/results/D12-triangulation-topology.md + .json.
4. Source hashes.
5. Final verification: full build + audit already done. Re-verify SimplexBoundary + HemisphereDisk + MoiseBranch compile individually (done via build).

Also — check no sorry/axiom/admit in the new files (grep).

Time check: ~2.5h elapsed of the 4h invocation. Let me do the finalization efficiently.
dsh: reasoning:
Only doc-comment mentions of "sorry-free" (referring to the frenzymath source) — no actual sorry/axiom/admit in the new files.

Now update checkpoint.json + results card + results json. Then final full verification (build + audit + hashes) and report.
dsh: reasoning:
Now the result card. Let me read the current results markdown to update it coherently, then write the updated card + json.
dsh: reasoning:
Now update the results JSON. Let me read the existing one to preserve its structure and update it (proved_declarations, exact_blockers_closed, remaining_blockers, source_hashes, compile_evidence, axiom_evidence, elapsed time).
dsh: reasoning:
Now do a final verification pass:
1. Confirm build is green from scratch (already done — 8955 jobs pass).
2. Run the audit one final time.
3. Double-check that all files compile individually (already done).
4. Verify no sorry/axiom in ALL D12 files (final grep).
5. Check git status isn't needed (no commit allowed).
6. Check the MoiseBranch examples compile — done via build.

Also — I have remaining time (~1h). Options: 
- Start on `simplexHomeoDisk` (Δⁿ⁺¹ ≅ Dⁿ⁺¹)? Risky to start now; better to leave for next invocation.
- Do a final self-review of the two new files for statement correctness (double-check the proofs' claims).

Actually, let me use remaining time productively: verify the negative control still detects, and do a careful re-verification that the audit is truly fail-closed for the new files (e.g., temporarily... no — can't modify tests... the audit script is MY tool, not a test; it's already validated). 

Let me also double check one subtle correctness point in SimplexBoundary: the statement uses `0 ∈ Set.range (fun i : Fin (n+2) => x.weights i)` — with Finsupp coercion. And in `SimplexBoundary` abbrev I wrote `0 ∈ Set.range fun i : Fin (n + 2) => x.weights i` — the example in MoiseBranch matches ✓ (compiled).

One more check — the `sphereToSimplexBoundary_mem` — its `change` statement and the proof — compiled ✓.

Also — I should double check the theorem `simplexBoundaryHomeoSphere` in SimplexBoundary.lean has exactly the MoiseBranch statement's type — the MoiseBranch example `⟨simplexBoundaryHomeoSphere n⟩` compiled, so yes ✓.

Final greps and a last full build+audit to be safe, then write the final summary. Also update checkpoint's "next_plan" for the next invocation.
dsh: reasoning:
All green:
- Build: exit 0, 8955 jobs, D6AUDIT VERDICT PASS.
- Axiom audit: 157 declarations, AUDIT PASS, negative control detected.
- Forbidden-pattern scan: no matches (SCAN_EXIT=1 = grep found nothing).

Let me update the checkpoint's next_plan for the next invocation and final timestamp, then write my final response summarizing this invocation.

Also worth noting the elapsed-time accounting: checkpoint says ~45.5h of 72h budget.

Let me do the final checkpoint touch-up (next plan for next invocation).
dsh: reasoning:
Everything is in place for this 4-hour invocation. Let me summarize what was accomplished:

**This invocation (invocation 3 of D12, ~4h):**

1. **DAG node 9 PROVED** — `simplexBoundaryHomeoSphere n : {x : Convexity.StdSimplex ℝ (Fin (n+2)) // 0 ∈ range (fun i => x.weights i)} ≃ₜ Sphere n` — the boundary of the standard (n+1)-simplex is homeomorphic to the n-sphere. Method: radial projection from the barycenter with min-coordinate machinery (sInf + IsCompact.continuous_sInf + exists_eq_ciInf_of_finite), function-space model + weights-embedding transfer. 43 new declarations, compact/T2/nonempty audits, shape examples including `SimplexBoundary 3 ≃ₜ Poincare.Longrun.Topology.SphereThree` (|∂Δ⁴| triangulates S³).

2. **DAG node 10 PROVED** — `lowerHemisphereHomeoDisk n : {x ∈ Sphere n // x_last ≤ 0} ≃ₜ Disk n`. Method: graph map y ↦ (y, -√(1-‖y‖²)) with esnoc'-style norm identities. 20 new declarations with audits.

3. Ledger updates: MoiseBranch.lean (nodes 9/10 discharged with checked examples matching the original Prop statements), MOISE_DAG.md (nodes 9/10 → D12 proved), checkpoint.json (multiple times, within the 30-min coordination window), results .md/.json refreshed.

4. Verification: lake build exit 0 (8955 jobs, D6AUDIT PASS), per-file compile exit 0, fail-closed axiom audit PASS (157 declarations, only {propext, Classical.choice, Quot.sound}, negative control detected), forbidden-pattern scan clean, source hashes recorded.

Status: TASK_IN_PROGRESS — the remaining named lemmas are node 6 (van Kampen/π₁(S³)=1) and Δⁿ⁺¹ ≅ Dⁿ⁺¹; the primary objective (concrete homeomorphism/gluing/covering statements with real spaces + audits + DAG) is fully delivered across the three invocations; not yet marked TASK_DONE pending a final acceptance pass in a later invocation.

I should report this concisely. No blockers this invocation.
All milestones for this invocation are complete and verified. Summary:

## Invocation 3 summary (D12-triangulation-topology, ~4h)

**Two new DAG nodes proved, both with actual topological spaces, explicit mutually inverse maps, and full audits.**

### Node 9 proved — `∂Δⁿ⁺¹ ≅ₜ 𝕊ⁿ` (new file `SimplexBoundary.lean`, 43 declarations)
- `simplexBoundaryHomeoSphere n : {x : Convexity.StdSimplex ℝ (Fin (n+2)) // 0 ∈ range (fun i => x.weights i)} ≃ₜ Sphere n` — the **exact statement recorded in `MoiseBranch.lean`** (checked by example there).
- Method: radial projection from the barycenter `c = (n+2)⁻¹`; forward = normalize the truncated difference `s−c`; backward = ray-stopping `c + λ(y)·(y, −∑y)` with `λ = −c/⨅ᵢ d(y)ᵢ`. The minimum is handled with `sInf` over the finite vertex set: continuity via `IsCompact.continuous_sInf`, attainment via `exists_eq_ciInf_of_finite`, sign fact `⨅d < 0` from `∑d = 0` (`simplexMin_neg_of_unit`). Transfer from the function-space model to `Convexity.StdSimplex` via mathlib's `isEmbedding_toFun_comp_weights` + `Topology.IsEmbedding.homeomorphImage` — no affine isometry needed.
- **Geometric realization downstream use (checked):** `SimplexBoundary 3 ≃ₜ Poincare.Longrun.Topology.SphereThree` — the standard triangulation of S³ as |∂Δ⁴|.
- Audits: compact/T2/nonempty instances; shape examples `∂Δ⁴≃S³`, `∂Δ²≃S¹`, `∂Δ¹≃S⁰`.

### Node 10 proved — closed lower hemisphere of `𝕊ⁿ ≅ₜ 𝔻ⁿ` (new file `HemisphereDisk.lean`, 20 declarations)
- `lowerHemisphereHomeoDisk n : {x : Metric.sphere 0 1 in ℝⁿ⁺¹ // x_last ≤ 0} ≃ₜ Metric.closedBall 0 1 in ℝⁿ` — the exact ledger statement.
- Method: graph map `y ↦ (y, −√(1−‖y‖²))` vs vertical projection, with local `esnoc'`/`norm_sq_esnoc'` identities sized for `Fin n → Fin (n+1)` (works at `n = 0`); the key inverse fact `√(1−‖trunc x‖²) = −x_last` proved from `‖x‖ = 1`, `x_last ≤ 0`.
- Audits: compact/T2/nonempty instances; shape examples `n = 3, 1, 0`.

### Verification (all green)
- `cd release && lake build` — **exit 0, 8955 jobs**, `D6AUDIT VERDICT PASS`.
- Per-file `lake env lean` on `SimplexBoundary.lean`, `HemisphereDisk.lean`, `MoiseBranch.lean` — exit 0.
- Fail-closed programmatic audit `tools/d12_axiom_audit.py` — **AUDIT PASS, 157 declarations** (95 prior + 63 new), every one depending only on `{propext, Classical.choice, Quot.sound}`; negative control still detected; no `sorry`/`axiom`/`admit`/`unsafe`/`native_decide` in the new files.

### Bookkeeping
- `MoiseBranch.lean`: nodes 9 and 10 discharged (Prop stubs replaced by checked examples of the proved theorems; no statement weakened).
- `MOISE_DAG.md`: node table and DAG updated (nodes 4,5,7,8,9,10,11 now all [D12]; 1–3 BLOCKER, 6 NEXT).
- `checkpoint.json` updated throughout (coordination window respected), source hashes + compile/axiom evidence recorded; `longrun/results/D12-triangulation-topology.{md,json}` refreshed.

**Remaining (not claimed):** node 6 van Kampen / `SimplyConnectedSpace (Sphere 3)` (dependency request recorded), the Δⁿ⁺¹ ≅ Dⁿ⁺¹ half of node 9, and the separate Moise/Whitehead/Perelman blockers. Status remains `TASK_IN_PROGRESS` — the card stays a request for acceptance review only after the intended milestone set is finalized in a later invocation.
