dsh: reasoning:
Let me read the rest of the checkpoint, the upstream integration doc, and the current results files.
dsh: reasoning:
Now let me look at the current state of the release tree, especially D13 modules, and check if there's a Mathlib version mismatch issue. Key: the checkpoint says the main remaining blocker is U7-global / overlapping-atlas global Riemannian measure, which requires porting upstream modules from Lean v4.32.1/mathlib 520045ab to v4.34.0-rc2/7974e751be.

But wait — is the release pin actually v4.34.0-rc2/mathlib 7974e751be? Let me check the actual release directory. Maybe there's a newer mathlib now available. Let me look at the environment: what mathlib is in the lake cache, what's the local lean.

Actually, important: the upstream snapshot's relevant modules (MorganTianLib Ch01 RiemannianMeasure.lean) may not depend on much beyond mathlib. If the mathlib API differences between 520045ab and 7974e751be are manageable, we could port the relevant files. That's the "next dependency request". That's likely the most valuable work for this invocation: porting upstream global Riemannian measure to the release pin.

Let me check first what's available. Also let me check whether the release mathlib is at 7974e751be or maybe a newer version now.

Let me explore in parallel:
1. release dir structure, lake-manifest, lean-toolchain
2. D13 module list
3. upstream MorganTianLib/Ch01/RiemannianMeasure.lean
4. results md/json

Let me do that.
dsh: reasoning:
Let's read the key upstream file: MorganTianLib/Ch01/RiemannianMeasure.lean. This is likely the key deliverable for U7-global.

Also check the results file to see the state. And check whether there's an existing D13 "results" md.

Let me plan: The objective is to construct the manifold IBP layer and Riemannian volume form on the release mathlib pin, discharging I4 and U7. I4 is done. U7 chart-level and disjoint-atlas done. U7-global (overlapping atlas Riemannian measure) is the remaining blocker: port MorganTianLib/Ch01/RiemannianMeasure.lean and Ch02/GreenIdentity.lean.

The big question: how much do those files depend on? Let's look.
dsh: reasoning:
This is the key upstream file. It depends on:
- `DoCarmoLib.Riemannian.Geodesic.HopfRinow.MetricBridge`
- `MorganTianLib.Ch01.Metric`

The crucial mathlib API used:
- `chartGramMatrix` and `chartGramMatrix_change`, `chartGramMatrix_det_pos` from DoCarmoLib.
- `tangentCoordChange` and `hasFDerivWithinAt_tangentCoordChange` from mathlib (Mathlib.Geometry.Manifold.MFDeriv...?). Actually `tangentCoordChange` is in mathlib's `Mathlib.Geometry.Manifold.VectorBundle.Tangent`? Let me check: `tangentCoordChange` is defined in `Mathlib.Geometry.Manifold.MFDeriv.Basic`? Actually it's `tangentCoordChange I x y x'` defined in `Mathlib.Geometry.Manifold.VectorBundle.Tangent` or `Mathlib.Geometry.Manifold.MFDeriv.Tangent`. And `hasFDerivWithinAt_tangentCoordChange` is in `Mathlib.Geometry.Manifold.MFDeriv.Tangent`? Something like that.

The big question: what is the state of the release pin mathlib 7974e751be (Sep 2026? presumably a future version) versus mathlib 520045ab? Do these definitions still exist and have the same signatures? The upstream pin is Lean v4.32.1/mathlib 520045ab, release pin is Lean v4.34.0-rc2/mathlib 7974e751be — 2 minor versions ahead. The APIs might have changed.

Now, the local `release/` presumably has its own `RiemannianMetric` etc. defined in D13 or maybe in D12/Bridge. Let me look at what exists: D13/EuclideanChart.lean, D13/VolumeForm/Basic.lean, etc. And what is the local definition of `RiemannianMetric`, `chartGramMatrix`? The checkpoint mentions `Riemannian.Tensor.chartGramMatrix` from the upstream. Let me grep the local release tree for imports.

Let me first check the release package layout and what local files define.
dsh: reasoning:
Now let me understand the local `ChartMetric`/`RiemannianMetric` definitions and what infra exists. The key question: can I construct the *overlapping-atlas* Riemannian measure directly in the local release package from mathlib primitives, without needing the whole DoCarmoLib stack?

The upstream file depends on `Riemannian.Tensor.chartGramMatrix` (DoCarmoLib) — that's a substantial dependency. Let me look at what DoCarmoLib's chartGramMatrix is and how deep its dependencies go.

Actually — important alternative: the local release package presumably has a `RiemannianMetric` structure defined in D12 or D13. Let me check what's available. Let me grep for `chartGramMatrix` in the release tree and in the upstream DoCarmoLib.

Let me get a broad picture of what local D12/D13 has: in particular `Poincare.D12.VolumeIBP.*` and the definitions of `ChartMetric`.

Let me delegate some exploration to subagents while I look at key files. Actually, let me first do a quick structured reconnaissance myself since I need deep understanding.

Plan:
1. Understand local D13 interface: `ManifoldAtlasData`, `ManifoldIBP.Transfer`, `VolumeForm.Gluing`, `EuclideanChart` (what is `ChartMetric`?).
2. Understand upstream relevant pieces: `chartGramMatrix` definition & deps; `riemannianMeasure`; whether I can port just the needed pieces to the local framework with a local `ChartMetric`.
3. Decide the highest-value achievable increment within 4 hours: likely a local "overlapping atlas" construction: define a Gram-matrix-based density from a local `RiemannianMetric` structure (whatever the local abstraction is), prove chart-independence using mathlib's change-of-variables (`lintegral_image_eq_lintegral_abs_det_fderiv_mul`), build the glued global measure with `disjointed`, and prove `riemannianMeasure_apply_chart`. Then connect it to `ManifoldAtlasData` to get `manifoldWeightedIBP` for the overlapping atlas.

The biggest risk: does the release-pin mathlib have `lintegral_image_eq_lintegral_abs_det_fderiv_mul` and `hasFDerivWithinAt_tangentCoordChange`? And does the local package have a Gram matrix / metric structure for which chart-independence holds? Let me check.

Let me look at the local definitions first.
dsh: reasoning:
Now I see the local layer: `ChartMetric d` in D12 (a chart-level `Vec d → Matrix` Gram field presumably) and `ManifoldAtlasData` interface. The local D13 layer is chart-parametrization based, not mathlib manifold based.

So the key remaining work "U7-global / overlapping atlas": the local release doesn't have a mathlib-manifold-based structure at all; it uses `Vec (n+1) → M` parametrizations of the disjoint atlas. The "overlapping atlas" concept in the local framework would be: a family of charts `chart i : Vec d → M` whose images *overlap*, together with a metric that on overlaps satisfies the tensor transformation law, and a global measure defined via a partition of unity / disjointification such that the integral decomposition holds (i.e., the chart measures agree on overlaps).

Option A: port the upstream `riemannianMeasure` to the local framework with an abstract "chart transition" hypothesis. Concretely: define a structure `OverlapAtlasData` with charts `φ i : Vec n → M` (partial, on open domains), Gram matrices `G i : Vec n → Matrix`, and the compatibility hypothesis `G j (τ x) = Aᵀ G i x A` where `A = fderiv τ`, plus a change-of-variables proof that the chart measures agree on overlaps — that's the real math. Then glue with disjointification as upstream.

Actually, in the local framework with `Vec d = Fin d → ℝ`, we can do the *whole* upstream argument faithfully, replacing `extChartAt` machinery with explicit chart maps. That's a genuine, self-contained development:

Setup: `M` a type with measurable space. A chart `φ : Vec d → M` defined on an open set `U ⊆ Vec d`, injective, with `φ '' U` measurable... Additionally the transition `τ = φ_α^{-1} ∘ φ_β : Vec d → Vec d` defined on `φ_β^{-1}(φ_α '' U_α ∩ φ_β '' U_β)`.

To prove chart-independence: for measurable `s ⊆ φ_α(U_α) ∩ φ_β(U_β)`, show
`(φ_α)_* (density_α · dx) s = (φ_β)_* (density_β · dx) s`
using change of variables with `τ` and the Gram transformation law.

Then the global measure: countable atlas covering M, disjointify, sum, and prove `riemannianMeasure_apply_chart` (in any chart). This exactly mirrors upstream, but with explicit chart domains instead of mathlib's `extChartAt`, and with an abstract metric compatible with charts (hypothesis: the density transformation law holds).

The most faithful approach: define a `RiemannianChartAtlas` structure with:
- `d : ℕ`, `M : Type`, `[MeasurableSpace M]`
- `ι : Type` maybe `ℕ` for countability.
- `chart : ι → Vec d → M`
- `source : ι → Set (Vec d)` (open)
- `injOn`, `measurableSet_image`...
- `density : ι → Vec d → ℝ` = sqrt(det G_i)
- `density_pos` on source
- `density_transform`: on the overlap, `density j y = |det (fderiv τ y)| * density i (τ y)`, where `τ` is the transition.

Hmm, but that's precisely "assume the conclusion" for the Gram side — although the transformation law for a genuine metric is the standard hypothesis. The task says "no assumption equivalent to the conclusion". The density transform law is not equivalent to the measure gluing conclusion; it's the classical compatibility condition. But we can do better: if the local `ChartMetric d` is a matrix-valued field with `density = sqrt(det ...)`, we can *derive* the transformation law from the tensor law `G_j = Aᵀ G_i A`, which is exactly what upstream does. The tensor law itself is a hypothesis on the atlas (the metric is well-defined on overlaps) — that's the honest content of "these charts describe the same Riemannian metric". Upstream derives it from `chartGramMatrix_change` given a global `RiemannianMetric` structure on a mathlib manifold; locally we could do the same by *constructing* a `RiemannianMetric`-like structure... but the local release has no mathlib-manifold metric.

Actually wait. Maybe mathlib at the release pin has enough for me to do the honest thing on a genuine mathlib manifold: mathlib now has `Mathlib.Geometry.Manifold.Riemannian.Basic` (I think there is `RiemannianMetric` in mathlib under `Mathlib.Geometry.Manifold.Riemannian.Basic` — introduced around 2024). If the release pin mathlib has `RiemannianMetric` with `inner`, `mfderiv`, `tangentCoordChange`, etc., then I could define the chart Gram matrix directly in the release package:

`chartGramMatrix g α x := Matrix.of fun i j => g.metricInner x (chartBasis i) (chartBasis j)` — hmm, need the chart basis of the tangent space.

Then prove: det transformation law using mathlib's `tangentCoordChange` and `Metric`... Actually the transformation law for the Gram matrix requires knowing how the chart frame transforms, i.e., the relation between `tangentCoordChange` and the derivative of the transition. That's a real proof but perhaps feasible: `hasFDerivWithinAt_tangentCoordChange` gives the derivative of the transition equals the tangent coordinate change. Then `G^β(x)(u,v) = g(A u, A v)` requires a lemma like "the chart coordinate frame is related by tangentCoordChange" which is essentially `tangentCoordChange_apply` / `mfderiv` composition. Hmm.

Let me check what upstream DoCarmoLib `chartGramMatrix` is and how it's defined, and how deep DoCarmoLib's deps are. Let me look.

Also check whether the release mathlib has `RiemannianMetric`. Let's search the mathlib cache in .lake/packages/mathlib.

Let me do that now, in parallel with reading local D12 Basic.
dsh: reasoning:
The release mathlib has `Mathlib/Geometry/Manifold/Riemannian/Basic.lean`. Let me check whether it defines `RiemannianMetric` and what API it has (probably `RiemannianMetric` structure with `inner : ∀ x, TangentSpace I x → ... → ℝ`, `symm`, `pos`, `isVonNBounded`, `contMDiff` maybe). Let's read.

Also upstream `chartBasisVecFiber` is probably a local construction. Let me check the upstream DoCarmoLib dependency depth for `MusicalIso.lean`. Actually, important question: how much of DoCarmoLib's Riemannian/TensorBundle is needed for `chartGramMatrix_change`? The upstream file uses `Riemannian.chartGramMatrix_change`, `Riemannian.Geodesic.chartCoord_def`, `tangentCoordChange`, `hasFDerivWithinAt_tangentCoordChange`, `chartBasisVecFiber`. Those upstream definitions may use mathlib's `RiemannianMetric` from mathlib (since upstream's `RiemannianMetric I M` might be mathlib's, or their own). Let me check.

Let me look at mathlib Riemannian/Basic.lean first.
dsh: reasoning:
Interesting: release-pin mathlib's `Mathlib/Geometry/Manifold/Riemannian/Basic.lean` doesn't define `RiemannianMetric` (only `IsRiemannianManifold` etc.). So upstream's `RiemannianMetric I M` must be from DoCarmoLib (their own structure). Let me check.

Let me search DoCarmoLib for `structure RiemannianMetric`.
dsh: reasoning:
So upstream `RiemannianMetric` is defined in DoCarmoLib/Riemannian/Metric presumably. Let me check that structure and see if it's simple enough to replicate locally, together with the needed pieces.

Strategy considerations. There are two plausible routes to close more of U7:

Route 1 (faithful port, mathlib-manifold level): Define locally in the release package a `RiemannianMetricOn I M` structure (or reuse mathlib if it's there — it isn't apparently; let me double check by grepping for `RiemannianMetric` in the release mathlib). Then define chartGramMatrix via a chart-frame basis of the tangent space, prove the transformation law, chart measure, chart-independence, glued measure, and `riemannianMeasure_apply_chart`. That's a large development: upstream DoCarmoLib has the chart basis construction (`chartBasisVecFiber`) which itself needs a fair amount of manifold API. This may be too much for 4 hours with uncertain API drift... but maybe not: the crucial part is `hasFDerivWithinAt_tangentCoordChange` (mathlib) plus the relation of chartBasis to the tangent-coordinate-change. Hmm, actually the transformation law of the Gram matrix under chart change is essentially: `g.inner x (chartBasisVecFiber β i x) (chartBasisVecFiber β j x) = Σ_ab A^a_i A^b_j g.inner x (chartBasisVecFiber α a x) (chartBasisVecFiber α b x)` where `A = tangentCoordChange I β α x`. This follows from `chartBasisVecFiber β i x = A (chartBasisVecFiber α i x)`? Actually `chartBasisVecFiber α i x` is the i-th basis vector of the chart α at x, i.e. `(tangentCoordChange I α x₀ x) (e_i)` for x₀ the chart center... The lemma `tangentCoordChange_comp` gives `tangentCoordChange I γ α x = tangentCoordChange I γ β x ∘ tangentCoordChange I β α x`. So indeed the transformation law reduces to linearity of `g.inner`.

The real difficulty in Lean would be the chartBasisVecFiber definition and its properties — upstream has it. Could I copy the upstream definitions? They import `DoCarmoLib.Riemannian.TensorBundle.SmoothOrthoFrame` etc., which might themselves depend on a large chunk of DoCarmoLib. Porting might be a deep rabbit hole.

Route 2 (local chart-based framework, "explicit atlas" level): Work with an abstract structure in which charts are maps `Vec d → M` on open sources, and the metric is given by Gram matrix fields satisfying the tensor transformation law on overlaps. Derive chart-independence of the measure (the actual analytic content: change of variables + determinant law), build the glued measure over a countable atlas, and prove `riemannianMeasure_apply_chart`. This is a genuine contribution: it's the whole measure-theoretic content of upstream's `RiemannianMeasure.lean` minus the derivation of the Gram change law from the global metric (which requires the manifold/tangent-bundle layer). And it directly upgrades the local framework from disjoint atlases to overlapping atlases — thereby discharging the overlapping part of B-D13-MANIFOLD-GLUING at the level of the local `ManifoldAtlasData` interface, with the metric-compatibility hypothesis explicit.

Route 2 has a big advantage: it directly connects to the local D13 `ManifoldAtlasData`/Transfer/ChartSum layer and produces `manifoldWeightedIBP` for overlapping atlases. And the change-of-variables theorem `lintegral_image_eq_lintegral_abs_det_fderiv_mul` should be available at the release pin (need to check).

Route 3: full port at the mathlib-manifold level using mathlib's own `RiemannianMetric` — check if the release pin mathlib has `RiemannianMetric` somewhere else, e.g. `Mathlib.Geometry.Manifold.Riemannian.Metric`? Let me grep the whole mathlib for "structure RiemannianMetric".

Let's check quickly. Also check for `lintegral_image_eq_lintegral_abs_det_fderiv_mul` and `hasFDerivWithinAt_tangentCoordChange` in release mathlib.

Actually here's an even better thought: Route 2 can be made *honest* in the sense that the transformation law hypothesis is not a restatement of chart-independence; and additionally I could show the transformation law is *derived* in the special case of a genuinely-defined metric on the disjoint/embedding model (e.g., a metric pulled back from Euclidean space along charts, which is a real Riemannian metric — the induced metric). Hmm, that's extra.

Better: I can also do the *derivation* of the Gram change law in the local setting for the "chart metric from a global inner product on a vector space model": if `M = Vec d` itself and charts are identity... trivial.

Let me think about what's really needed for the D13 milestone: "Construct the manifold integration-by-parts layer and the Riemannian volume form on the release mathlib pin, discharging the F/W/mu certificate hypotheses (I4, U7)". I4 done; U7: chart-level volume form, IBP, disjoint atlas done; remaining is the overlapping-atlas global Riemannian measure. The best deliverable is:

`Poincare.D13.ManifoldIBP.OverlapModel` (or `GlobalMeasure`): a self-contained development of
- `ChartAtlas`/`OverlapAtlasData` structure: charts on open sources `source i ⊆ Vec d`, injective, covering, with Gram matrices and the compatibility law.
- `chartVolumeDensity`: sqrt(det G_i).
- `chartMeasure`, `chartMeasure_apply`.
- `chartMeasure_apply_eq` (chart independence) — the key change-of-variables theorem.
- global measure via `disjointed` + `Measure.sum`.
- `globalMeasure_apply_chart` (interface theorem).
- Scaling / smul.
- Bridge to `ManifoldAtlasData`: construct a `Measure M` plus `integral_decomp` ⇒ `manifoldWeightedIBP` and the weighted IBP with drift; i.e., a `globalAtlasData` from an overlapping atlas.

Actually, hold on. Let me reconsider: can I do this a cleaner way that avoids the "source domain" bureaucracy: use total functions `chart i : Vec d → M` and require:
- `injOn (chart i) (source i)` with `source i` open,
- `chart i '' source i` pairwise covers M (or covers a.e.),
- `density i : Vec d → ℝ≥0` with the transform law on the overlap of sources.

The overlap condition: for `x ∈ source i` and `y ∈ source j` with `chart i x = chart j y`, we need `density j y = |det (fderiv τ y)| * density i (τ y)` where `τ = (chart i)^{-1} ∘ chart j`... but `τ` needs to be defined on a neighborhood. Better to require the law pointwise: for all `y ∈ source j` with `chart j y ∈ chart i '' source i`, `density j y = |det (fderivWithin ((chart i).symm-ish...))|`. Hmm, awkward.

The cleanest formulation avoiding partial inverses: require a transition map `τ_ij : Vec d → Vec d` with `τ_ij = (chart i)^{-1} ∘ chart j` on the overlap, plus a derivative condition `HasFDerivWithinAt τ_ij A (overlapSet) y`. Then the change-of-variables theorem applies with `φ = chart i ∘ τ`? Hmm.

Alternative cleaner formulation (Route 2'): Bundle the derivative into the structure. Define:

```
structure OverlapChartAtlas (M : Type*) [MeasurableSpace M] (d : ℕ) where
  chart : ℕ → Vec d → M
  source : ℕ → Set (Vec d)
  isOpen_source : ∀ i, IsOpen (source i)
  injOn_chart : ∀ i, InjOn (chart i) (source i)
  measurableSet_range : ∀ i, MeasurableSet (chart i '' source i)
  cover : (⋃ i, chart i '' source i) = univ
  density : ℕ → Vec d → ℝ
  density_nonneg : ...
  density_pos : ∀ i, ∀ x ∈ source i, 0 < density i x
  -- transition data
  transition : ∀ i j, Vec d → Vec d
  transition_eq : ∀ i j, ∀ y ∈ source j, chart j y ∈ chart i '' source i → transition i j y = (chart i).invFun... 
```

Hmm, using `Function.invFun` is doable but clunky. Instead: require
`transition_spec : ∀ i j y hy, chart i (transition i j y) = chart j y ∧ transition i j y ∈ source i` for y in the overlap. Then the derivative condition `HasFDerivWithinAt (transition i j) A (overlapSet i j) y` where `overlapSet i j = source j ∩ chart j ⁻¹' (chart i '' source i)`.

Then the chart-independence proof: for measurable `s ⊆ chart i '' source i ∩ chart j '' source j`, we have the β-coordinate image `chartPreimage j s = source j ∩ chart j ⁻¹' s` and `τ = transition i j` maps it onto `chartPreimage i s`... need `τ` to be injective on that set (follows from chart_i injective + spec) and derivative condition. Then mathlib change-of-variables gives the result, using a.e. equality of the densities given by the transform law:
`density j y = |det A| * density i (τ y)` for `y ∈ overlapSet`.

This is exactly the upstream proof structure, faithfully, with the manifold machinery replaced by explicit chart maps. The "cost": the transformation law is a hypothesis rather than derived from a global metric; and the injectivity of τ etc. need to be provided. But all the *analysis* (change of variables, cancellation, gluing with disjointed, sum measure, interface theorem) is proved.

Yet — can I derive the transformation law from a global metric in the local setting to make it stronger? Since the local framework's chart maps are arbitrary `Vec d → M`, a global metric compatible with the atlas is precisely the data of densities satisfying the law; there's no way to "derive" it without a global structure. But we could provide an instance: given any single chart metric (as in `ChartMetric`), define the "atlas" with one chart and derive everything; or given a family of `ChartMetric`s satisfying a compatibility hypothesis stated in terms of the tensor law... that's the same thing.

Better: we can define the compatibility law at the level of Gram matrices and *prove* the density law from it (as upstream does: `G^β = Aᵀ G^α A` ⇒ `√det G^β = |det A| √det G^α`). That's genuinely provable linear algebra (determinant multiplicativity). So the structure should carry:
- `gram : ℕ → Vec d → Matrix (Fin d) (Fin d) ℝ`
- `density i x = sqrt ((gram i x).det)`
- `gram_pos : 0 < (gram i x).det` on source
- `gram_transform : gram j y = Aᵀ * gram i (τ y) * A` where `A = fderivWithin (transition i j) (overlapSet) y`, on the overlap.

Then `density` is *defined* as the sqrt-det, and the transformation law `density j y = |det A| * density i (τ y)` is *proved* by determinant algebra. That is honest: the hypothesis is the tensor transformation law (which is the definition of "the charts are coordinates for one and the same Riemannian metric"), and the analytic content (Jacobian cancellation) is proved.

This is a solid, faithful port of upstream's mathematical content minus the manifold-layer derivation of the Gram law. That's a big deliverable.

Now, how much Lean work? Let me estimate the lemmas needed:

1. Determinant algebra: `det (Aᵀ * G * A) = (det A)^2 * det G` — mathlib: `Matrix.det_mul`, `Matrix.det_transpose`, `Matrix.det_transpose`, plus `(det A)^2`. Straightforward `rw [Matrix.det_mul, Matrix.det_mul, Matrix.det_transpose]; ring` maybe with `mul_assoc` and `sq`.

2. `Real.sqrt_mul (sq_nonneg _)` etc. to get `sqrt ((det A)^2 * det G) = |det A| * sqrt (det G)`. Need `Real.sqrt_sq_eq_abs`.

3. Measure-theoretic: `chartMeasure g μ i := Measure.map (chart i) ((μ.restrict (source i)).withDensity (ofReal ∘ density i))`. Then `chartMeasure_apply` with `chartPreimage i s = source i ∩ chart i ⁻¹' s`, using `Measure.map_apply_of_aemeasurable`. Requires `AEMeasurable (chart i) (restricted measure)` — hmm! `Measure.map` needs the function to be a.e. measurable w.r.t. the measure on the domain. The measure is `(μ.restrict (source i)).withDensity ...`; is `chart i` a.e. measurable? Only if `chart i` is measurable on `source i`. Upstream gets this from `continuousOn_extChartAt_symm`, i.e. chart maps are continuous. So the structure needs: `measurable_chart : ∀ i, MeasurableOn (chart i) (source i)` or `AEMeasurable (chart i) ((μ.restrict (source i)).withDensity ...)`. Simplest hypothesis: `∀ i, MeasurableOn (chart i) (source i)` — then `(chart i).aemeasurable` restricted. Hmm: `MeasurableOn f s` gives `AEMeasurable f (μ.restrict s)`. Let me check mathlib API: `MeasurableOn.aemeasurable`? In recent mathlib, `MeasurableOn f s` is `∀ t, MeasurableSet t → MeasurableSet (s ∩ f ⁻¹' t)`. And there's `MeasurableOn.aemeasurable (hs : MeasurableSet s)`. Since source is open ⇒ measurable. Then `AEMeasurable f (μ.restrict s)`; and after `withDensity` (absolutely continuous) we can get `AEMeasurable f ((μ.restrict s).withDensity w)` via `AEMeasurable.mono'` or `aemeasurable_withDensity_iff`... Upstream does exactly: `hae.mono' (withDensity_absolutelyContinuous _ _)`. Good.

   For the change of variables, we need `chartPreimage` measurable: `chartPreimage i s = source i ∩ chart i ⁻¹' s`, measurable since source open and chart measurableOn.

4. Change of variables: `MeasureTheory.lintegral_image_eq_lintegral_abs_det_fderiv_mul μ hU hderiv hinj F` — need to check exact name/signature at the release pin. I'll grep.

5. Gluing: `disjointed`, `Measure.sum`, `Measure.sum_apply`, `measure_iUnion`, `iUnion_disjointed`, `disjointed_le`, `MeasurableSet.disjointed`, `disjoint_disjointed`. All standard.

6. The interface theorem `globalMeasure_apply_chart`.

7. Connection to `ManifoldAtlasData`: to give `integral_decomp` for the overlapping atlas we need the chart-sum decomposition of the integral of an integrable `g : M → ℝ` w.r.t. the global measure. With the global measure = sum over disjointified pieces of chart measures, and `globalMeasure_apply_chart` giving the density formula in an arbitrary chart, we can prove: for a chart `i` covering all of M's support (i.e., a *single-chart* atlas), the decomposition is the chart integral. For a general finite atlas, one needs `∫ g dμ = Σ_i ∫_{piece_i} ...` which follows from `Measure.sum_apply` + the restriction to pieces + `lintegral` decomposition. Hmm, this is the "integral_decomp" field for an overlapping atlas. Doable: For `g` integrable,
   `∫ g ∂μ = ∫⁻ ⟨g⁺⟩ - ...`; one can use `integral_eq_lintegral_pos_part_sub_lintegral_neg_part` (as `integral_eq_lintegral_of_nonneg` etc.). Simpler: prove the lintegral version: `∫⁻ h ∂μ = Σ_i ∫⁻ over piece_i h ∂(chartMeasure i)` for `h ≥ 0` measurable, then derive the Bochner integral via `integral_eq_lintegral_pos_part_sub_lintegral_neg_part` applied termwise — some work but standard. Alternatively, state `integral_decomp` for nonnegative `g` or provide the lintegral identity as the main theorem and instantiate `ManifoldAtlasData` only for the disjoint case.

Hmm. Actually — do I need to connect to `ManifoldAtlasData` at all? The milestone says "produce a checked HeatKernelBridge-style consumption by the D4/D7 certificate interfaces". The D4/D7 bridge is already done (I4). For U7-global, producing the global measure + interface theorem + a consumption (e.g., `globalMeasure_weightedIBP` on a chart, or the IBP for a single-chart atlas) would be strong.

Actually, here's a cleaner and more valuable consumption: build `ManifoldAtlasData` for a **one-chart atlas** (`ι = PUnit`), where `chart` is the chart map, `metric` is the chart metric, and the global measure is the chart measure (this is the honest "single chart covers M" case). Then `integral_decomp` is by definition/rfl-ish. That's already in DisjointModel effectively (with ι=1).

The distinctive new content of the overlapping-atlas model is precisely `chartMeasure_apply_eq` — the well-definedness across overlapping charts. From that + disjointification, we get a global measure that's chart-independent, which is the genuine "global Riemannian measure". A natural consumption: show that for an atlas with two overlapping charts, the global measure computed either way agrees on sets inside each chart, i.e. `globalMeasure_apply_chart`, and give an explicit two-chart overlapping example where the measures agree on the overlap (maybe overkill).

Also we can connect: given an overlapping atlas with densities and a partition assignment `assign : M → ℕ` (measurable, with `x ∈ range (chart (assign x))`), we get `integral_decomp`-style decomposition for nonneg functions:
`∫⁻ h ∂μ = Σ_i ∫⁻_{source i ∩ assign⁻¹ i ...}`. Hmm.

Let me now think about time budget: 4 hours total, and I've used ~10 minutes. Compile-checked checkpoints every 30 min. I should aim for:
- Phase 1 (30-60 min): Recon + design + skeleton file with structure and basic definitions compiling (with `sorry`? No — no sorry allowed in final files; but I can iterate with `sorry` temporarily? The rules say no sorry in deliverables; interim compile checking with sorry might be acceptable but risky. Better to write complete proofs incrementally, checking as I go, and keep the file compiling at each step by only adding proved declarations.)
- Phase 2: core measure theory (chartMeasure, chartMeasure_apply, chartMeasure_apply_eq).
- Phase 3: gluing + interface theorem.
- Phase 4: connection/consumption + results.
- Phase 5: full build + audit + results/checkpoint.

Given the difficulty of Lean measure theory, let me carefully check the mathlib APIs first. Let me check:
- `lintegral_image_eq_lintegral_abs_det_fderiv_mul` name and signature at release pin.
- `withDensity_apply'`, `Measure.map_apply_of_aemeasurable`, `MeasureTheory.withDensity_absolutelyContinuous`.
- `MeasurableOn.aemeasurable`?

Let me grep the release mathlib.

Also: what about the `ChartMetric` local structure — maybe I can reuse `density` from D12's `ChartMetric` which has `density : Vec d → ℝ` and positivity. Let me read D12 Basic to understand. Actually the local `ChartMetric` has a matrix `G : Vec d → Matrix (Fin d) (Fin d) ℝ` presumably plus `density = sqrt det`. Let me read.

Let me also decide: rather than inventing a new structure, I could define the overlapping atlas structure to carry `ChartMetric`-compatible data: `gram : Fin ι → Vec d → Matrix ...` with the same shape as `ChartMetric.G`. Then density is `ChartMetric.density`? Let me look at D12/VolumeIBP/Basic.lean.
dsh: reasoning:
Good: `lintegral_image_eq_lintegral_abs_det_fderiv_mul` exists at the release pin, and `hasFDerivWithinAt_tangentCoordChange` exists too.

`MeasurableOn.aemeasurable` isn't found — let me search for the actual name. Maybe `MeasurableOn.aemeasurable` was renamed. Let me check the definition of `MeasurableOn` and related lemmas in the release mathlib.

Also — crucially — check the signature of `lintegral_image_eq_lintegral_abs_det_fderiv_mul` at the release pin.

Let me now also seriously consider Route 1 (real manifold metric). What's in mathlib at the release pin for Riemannian manifolds? Only `IsRiemannianManifold` and eDist. No `RiemannianMetric` structure. Upstream defines its own in DoCarmoLib/Riemannian/Metric. Let me look at that structure and at `chartBasisVecFiber`. If it's simple, maybe I could port just enough of DoCarmoLib's metric layer... but that pulls in TensorBundle/SmoothOrthoFrame and probably a lot more. Let me check the size of the dependency cone.

Let me look at DoCarmoLib/Riemannian/Metric/*.lean and the imports of MusicalIso.lean chain. Actually `chartGramMatrix` is in `TensorBundle/MusicalIso.lean`, which imports `SmoothOrthoFrame`. Let me check imports of SmoothOrthoFrame and the sizes.

Given the 4h budget, I think the honest plan is:

**Primary deliverable**: `Poincare.D13.ManifoldIBP.GlobalMeasure` — an overlapping-atlas Riemannian measure layer in the local chart framework:
- `OverlapAtlas (M) (d)` structure: charts with open sources, injective, measurable, covering, Gram matrices with the tensor transformation law on overlaps, transition maps with derivative.
- density = sqrt det gram, proved transformation law.
- chart measure + `chartMeasure_apply`.
- **`chartMeasure_apply_eq`** — chart independence (the real theorem).
- global measure via disjointed + interface theorem `globalMeasure_apply_chart`.
- consumption: `weightedIBP`-style/certificate consumption on the global measure; e.g., a `globalIntegral_decomp`-ish theorem, or instantiate `ManifoldAtlasData` from an atlas with disjoint sources (that recovers DisjointModel) — better to produce something new.

**Secondary** (if time): prove that the tensor-law hypothesis is *derived* (not assumed) for a genuine metric in a special case: e.g., the "embedded chart metric" where `M = Vec d` and `gram i x = Jᵀ J` of the chart's derivative — i.e., the metric induced by chart parametrizations from Euclidean space. That would be a real instance: charts `φ i : Vec d → Vec d` (local diffeos), `gram i x = (fderiv (φ i) x)ᵀ (fderiv (φ i) x)`; the transformation law follows from the chain rule: `fderiv (φ j) y = fderiv (φ i) (τ y) ∘ fderiv τ y`, so `G_j = Aᵀ G_i A` with `A = fderiv τ`. This is genuinely provable and shows the hypothesis is inhabited by an honest Riemannian metric (the Euclidean-induced one). That's a nice "model" instance. It requires the chain rule and matrix-of-composition facts — moderate work. Hmm, matrix representation of `fderiv` composition: `LinearMap.toMatrix` multiplicative: `LinearMap.toMatrix_mul`? There is `LinearMap.toMatrix_comp` or `Matrix.toLin_mul`. Should be fine but fiddly.

Actually, an even better and simpler honest model: charts that are *linear isomorphisms*? Trivial. Or: `M = Vec d`, one chart identity with `gram = euclideanGram`, satisfying everything trivially. Not impressive.

Alternatively, provide a two-chart overlapping instance on `M = Vec d \ {0}`? Hmm, e.g. polar-type charts. That's real work.

Let me think about what the "milestone" needs: U7 = manifold integration by parts + volume form. The overlapping-atlas measure with chart-independence is the core. A concrete inhabited instance would be valuable to show non-vacuity. A cheap, honest inhabited instance: **the trivial one-chart atlas on `M = Vec d`** (identity chart, constant Euclidean Gram). That's inhabited but trivial. Better: a **two-chart overlapping atlas on `M = Vec d`** where both charts are the identity but on different (overlapping) sources: `source 0 = univ`, `source 1 = univ`, `chart 0 = chart 1 = id`. Then the tensor law is with `A = fderiv τ = 1`, and `gram_transform` is `G = 1ᵀ G 1` — provable. The chart-independence theorem then has real content (two different charts = same identity map... trivial too, but the machinery is exercised). Hmm, we can make the second chart a genuine translation/diffeomorphism: `chart 1 x = x + v` (a translation is a diffeo), `gram 1 x = G (x + v)` where `G` is a positive-definite field. Then the transformation law holds with `A = id` (derivative of translation). And chart-independence says the measure computed via chart 0 equals via chart 1 — a genuine statement about translation-invariance of the measure with density `√det G`. That's a real instance, cheap to prove: transition τ y = y + v; fderiv = id; gram_transform: `G (y + v) = idᵀ * G (y+v) * id`.

Even better, a nontrivial linear map: `chart 1 x = L x` with `L` an invertible linear map, `gram 1 x = (Lᵀ)⁻¹ G (L x) L⁻¹`? The transformation law with `A = fderiv τ = L⁻¹`. For this gram to be well-defined we need `L` invertible. Then `gram 1 x = (L⁻¹)ᵀ G (L x) L⁻¹` gives `Aᵀ G(τ y) A` with `A = L⁻¹` — exactly. That's a genuine, nontrivial overlapping atlas instance where the density transforms by `|det L⁻¹|` and the chart measures agree — a real change-of-variables check. Provable with matrix algebra. Good target as a model instance (`linearChartAtlas`).

But careful about scope/time. The core module is the priority. Let me now check APIs and write.

First, let me verify the exact statement of `lintegral_image_eq_lintegral_abs_det_fderiv_mul` at the release pin.

Also check what `MeasurableOn` API exists for aemeasurable, and `Measure.map_apply_of_aemeasurable`, `withDensity_apply'`.

Let me look at things in parallel. I'll start a couple of greps.

Also — I should check how DisjointModel defines things to stay consistent (`weightedChartMeasure`, etc.) and read the results md to know what's already claimed. Let me read the results .md file (longrun/results/...).

Let me batch: read signature of lintegral_image_eq_lintegral_abs_det_fderiv_mul; read results md; grep MeasurableOn aemeasurable names.
dsh: reasoning:
The signature is the same as upstream used (good): `lintegral_image_eq_lintegral_abs_det_fderiv_mul (hs) (hf') (hf) (g)` with `μ` implicit? Upstream calls `MeasureTheory.lintegral_image_eq_lintegral_abs_det_fderiv_mul μ (measurableSet_chartPreimage ...) hderiv hinj (...)`. In the grep the signature line starts with `(hs : MeasurableSet s)`, so `μ` is an explicit variable before it presumably (as `variable {μ : Measure E} [μ.IsAddHaarMeasure]`?). Let me check the enclosing variables. Fine.

Wait — but does it require the measure to be addHaar? The theorem is about a measure `μ`; let me check the variables above line 1183.

Now `MeasurableOn.aemeasurable`: search differently. Let me grep "aemeasurable" in the file defining MeasurableOn.

Also note: for `chartMeasure_apply` I need `Measure.map_apply_of_aemeasurable`. That exists.

Actually, maybe simpler: rather than requiring `MeasurableOn` of chart, require `AEMeasurable (chart i) (μ.restrict (source i))` directly in the structure as a field. But we also need measurability of `chartPreimage` sets for `lintegral` manipulations... Actually for `chartMeasure_apply` we need `hs : MeasurableSet s` and `chartPreimage` measurable? Let's see: `Measure.map_apply_of_aemeasurable hae' hs` gives `map f ν s = ν (f ⁻¹' s)`; then `withDensity_apply'` gives `∫⁻ y in target ∩ f⁻¹'s, density y`. Hmm, `withDensity_apply'` might need `MeasurableSet`? Let me check: `withDensity_apply' (f : α → ℝ≥0∞) (s : Set α) : (μ.withDensity f) s = ∫⁻ a in s, f a ∂μ` — I think `withDensity_apply'` is the version without measurability assumptions on `s`? Let me check. Upstream uses `withDensity_apply' _ _` and gets `chartPreimage` from `restrict_restrict'`. Then the result is a set integral over `chartPreimage` which is `source ∩ f⁻¹' s`.

For the main `chartMeasure_apply_eq`, we don't need `chartPreimage` to be measurable at the start? Yes we do: we apply `lintegral_image_eq_lintegral_abs_det_fderiv_mul` with `hs := measurableSet_chartPreimage`. So `MeasurableOn` for charts is needed, and it also gives `AEMeasurable` for the map. Good — I'll require `MeasurableOn (chart i) (source i)` in the structure, i.e. `∀ t, MeasurableSet t → MeasurableSet (source i ∩ chart i ⁻¹' t)`.

Hmm wait, actually let me reconsider: is `MeasurableOn f s` the right notion to get `AEMeasurable f (μ.restrict s)`? In mathlib, `MeasurableOn f s` is defined as `∀ t, MeasurableSet t → MeasurableSet (s ∩ f ⁻¹' t)` in recent versions (I recall `MeasurableOn` used to be `∀ t, MeasurableSet t → MeasurableSet (f ⁻¹' t ∩ s)`). And there is a lemma `MeasurableOn.aemeasurable`? Let me search the AEMeasurable file for "MeasurableOn".

Let me do a broader grep.
dsh: reasoning:
Good, APIs match upstream usage. Now let me find the variables enclosing `lintegral_image_eq_lintegral_abs_det_fderiv_mul` (μ type). Let me look above line 1000 area for the section variables.

Also find where `MeasurableOn` is defined at this pin. Let me grep for "MeasurableOn" in Mathlib top-level.

Let me also check the local `DisjointModel` file fully to know how measures there are defined and what naming conventions to use; and read the results md.

Actually, time is precious. Let me delegate reading/analysis of the results file and D13 layer to a subagent? No — I need to know it myself to write the code. Let me be efficient: read DisjointModel and the results md quickly (they're moderate size).

Let me first find MeasurableOn and μ variable.
dsh: reasoning:
Now I have a good picture of the local conventions. `MeasurableOn` doesn't exist at this pin? `grep -rn "def MeasurableOn" Mathlib/` returned nothing! Let me search for `MeasurableOn` anywhere.

Hmm, maybe it's `MeasurableOn` renamed to `MeasurableOn`? Let me grep case-sensitively for "MeasurableOn" in the whole mathlib.

Actually the earlier grep `grep -rln "MeasurableOn" Mathlib/MeasureTheory/` returned nothing (output was empty except errors). And `grep -rn "MeasurableOn" Mathlib/MeasureTheory/Function/AEMeasurable.lean` errored. So `MeasurableOn` may not exist in this mathlib version (renamed?). But `ContinuousOn.aemeasurable₀` exists (seen in Jacobian.lean). Let me search for what plays the role.

Let me grep for "MeasurableOn" across all of Mathlib.
dsh: reasoning:
Confirmed: `MeasurableOn` does not exist at the release pin (it's been removed/renamed — this mathlib is a future version where `MeasurableOn` was likely removed in favor of `AEMeasurable`/`NullMeasurable`?). Actually, wait: in current mathlib (2025), `MeasurableOn` was deprecated and removed in favor of... Hmm. I recall a refactor removing `MeasurableOn` in favor of `Measurable` on the subtype / `AEMeasurable`. Let me check `ContinuousOn.aemeasurable₀` signature.

So for chart measurability I'll require a field like `aemeasurable_chart : ∀ i, AEMeasurable (chart i) (μ.restrict (source i))` — but that depends on `μ`, which is a parameter of the structure... Actually I can put `[MeasurableSpace M]` and require `∀ i, AEMeasurable (chart i) (μ.restrict (source i))` as an argument in theorems, or as a field with `μ` as a parameter of the structure. Alternatively, use the hypothesis `Measurable (chart i)` (global measurability) — simplest! A globally measurable chart map is a fine hypothesis (in practice chart maps are measurable since they're continuous embeddings of open sets into a manifold; extending to a globally measurable function... we can just assume it).

Hmm, but then `chartPreimage i s = source i ∩ chart i ⁻¹' s` is measurable whenever source is measurable and s measurable — with globally measurable chart, no `MeasurableOn` needed. That simplifies a lot: require `measurable_chart : ∀ i, Measurable (chart i)`.

Is that too strong? For a genuine manifold, the chart `φ : Vec d → M` is only defined on the source; we can extend it arbitrarily outside (e.g., set to a constant... but then measurability requires M measurable and a point). Actually we can always extend: `M` nonempty, pick `m₀`, define `φ' x = if x ∈ source then φ x else m₀`. Measurable if φ is measurable on source (w.r.t. the subspace) and source measurable. So requiring global measurability is WLOG. Good — and honest. I'll note it.

Hmm, but for the change-of-variables theorem, we need `InjOn (chart i) (chartPreimage ...)` and differentiability of the transition. Let's design the structure concretely.

Let me define, in `Poincare.D13.ManifoldIBP.GlobalMeasure`:

```
namespace Poincare.D13.ManifoldIBP
open MeasureTheory

variable {M : Type*} [MeasurableSpace M] {d : ℕ}

/-- An overlapping smooth atlas with a Riemannian Gram field ... -/
structure OverlapAtlasData (M : Type*) [MeasurableSpace M] (d : ℕ) where
  chart : ℕ → Vec d → M
  source : ℕ → Set (Vec d)
  isOpen_source : ∀ i, IsOpen (source i)
  measurable_chart : ∀ i, Measurable (chart i)
  injOn_chart : ∀ i, InjOn (chart i) (source i)
  cover : (⋃ i, chart i '' source i) = univ
  gram : ℕ → Vec d → Matrix (Fin d) (Fin d) ℝ
  gram_posDef : ∀ i x, x ∈ source i → (gram i x).PosDef
  transition : ℕ → ℕ → Vec d → Vec d
  transition_spec : ∀ i j y, y ∈ source j → chart j y ∈ chart i '' source i →
      transition i j y ∈ source i ∧ chart i (transition i j y) = chart j y
  transition_deriv : ∀ i j y, y ∈ source j → chart j y ∈ chart i '' source i →
      HasFDerivWithinAt (transition i j) (fderivWithin ℝ (transition i j) (overlapSet i j) y) (overlapSet i j) y
  gram_transform : ∀ i j y (hy : y ∈ source j) (hy' : chart j y ∈ chart i '' source i),
      gram j y = (fderivWithin ℝ (transition i j) (overlapSet i j) y)ᵀ-matrix * gram i (transition i j y) * ...
```

Hmm, the `A` in upstream is a linear map `E →L[ℝ] E` and the matrix is `LinearMap.toMatrix (finBasis ℝ E) (finBasis ℝ E) A`. For `Vec d = Fin d → ℝ`, the basis is `Pi.basisFun ℝ (Fin d)`, and `LinearMap.toMatrix (Pi.basisFun ℝ (Fin d)) (Pi.basisFun ℝ (Fin d)) A`. Alternatively use `ContinuousLinearMap.toMatrix'`? There's `LinearMap.toMatrix'` for `E →ₗ[ℝ] E` with basis. Hmm. Using matrices of the fderiv: `(fderivWithin ℝ τ s y).toLinearMap`? For `E = Vec d`, notation could get heavy.

Simplification: carry the matrix `A : Matrix (Fin d) (Fin d) ℝ` in the structure along with the derivative statement `HasFDerivWithinAt τ (A.toLin?) s y`... Actually we need the determinant of the derivative: `|det (A)|`. The determinant of a `ContinuousLinearMap` is `ContinuousLinearMap.det`. Hmm, mathlib: `ContinuousLinearMap.det (f : E →L[ℝ] E) : ℝ` for finite-dim. And `(A : Matrix) → A.det`. There's `LinearMap.det_toMatrix`. 

The cleanest approach: define the matrix `jac i j y := LinearMap.toMatrix (Pi.basisFun ℝ (Fin d)) (Pi.basisFun ℝ (Fin d)) (fderivWithin ℝ (transition i j) (overlapSet i j) y).toLinearMap`? Hmm, `fderivWithin` returns `E →L[ℝ] E`, and `LinearMap.toMatrix b b (f : E →ₗ[ℝ] E)` — continuous linear map coerces to linear map. So `LinearMap.toMatrix b b (fderivWithin ℝ τ s y)` should work via coercion.

And the determinant: `(fderivWithin ℝ τ s y).det` (ContinuousLinearMap.det) equals `(LinearMap.toMatrix b b ...).det` by `LinearMap.det_toMatrix`. Upstream used `LinearMap.det (tangentCoordChange ...)` and `ContinuousLinearMap.det` in the final simp. Note upstream's `chartVolumeDensity` uses `Real.sqrt`, and the transform law uses `|LinearMap.det A|`.

To reduce friction, maybe I should phrase the structure's transform law with an explicit matrix `jac` and require `HasFDerivWithinAt τ (jac.toLin?) s y`. Let's think about what's needed in the proof:

In `chartMeasure_apply_eq`, after change of variables:
`∫⁻ y in chartPreimage j s, ofReal (density i (τ y)) * ofReal |det (fderiv τ y)| ∂μ = ∫⁻ y in chartPreimage j s, ofReal (density j y) ∂μ`
Pointwise: `density j y = density i (τ y) * |det (fderiv τ y)|`, from gram_transform: `gram j y = Jᵀ * gram i (τ y) * J` where `J = toMatrix (fderiv τ y)`. Then `det (gram j y) = det J * det (gram i (τ y)) * det J = (det J)^2 * det (gram i (τ y))`, so `sqrt (det (gram j y)) = |det J| * sqrt (det (gram i (τ y)))`, and `|det J| = |(fderiv τ y).det|` via `LinearMap.det_toMatrix`.

So structure fields:

```
  jac : ℕ → ℕ → Vec d → Matrix (Fin d) (Fin d) ℝ  -- maybe derived
  hasFDerivWithinAt_transition : ∀ i j y (hy : y ∈ overlap i j),
      HasFDerivWithinAt (transition i j) (toCLM (jac i j y)) (overlap i j) y
```

Hmm, defining `toCLM` from a matrix: `Matrix.toLin' : Matrix m n R → (n → R) →ₗ[R] (m → R)`. For square matrices there's `Matrix.toLin'`. But it's `(n → R) →ₗ[R] (m → R)` and for square, we want `Vec d →L[ℝ] Vec d`; continuous linear: any linear map between finite-dim spaces is continuous, so `(Matrix.toLin' A).toContinuousLinearMap`? There's `LinearMap.toContinuousLinearMap` requiring `[FiniteDimensional]`; for `Vec d` we have `FiniteDimensional ℝ (Fin d → ℝ)`. Hmm.

Simpler: avoid matrices for the derivative; use `fderivWithin` directly and define `gram_transform` using `LinearMap.toMatrix` of the fderiv. Then all the matrix manipulations are about `LinearMap.toMatrix b b (fderivWithin ℝ τ s y)`.

The critical algebra lemma: for `A : E →ₗ[ℝ] E` and `G : Matrix (Fin d) (Fin d) ℝ`,
`det ((toMatrix b b A)ᵀ * G * toMatrix b b A) = (LinearMap.det A)^2 * det G`.
Proof: `rw [Matrix.det_mul, Matrix.det_mul, Matrix.det_transpose, ← LinearMap.det_toMatrix b]`, ring. Wait, `LinearMap.det_toMatrix` states `(LinearMap.toMatrix b b f).det = LinearMap.det f` maybe with basis arguments. Upstream used `← LinearMap.det_toMatrix (finBasis ℝ E)`. Good.

So the structure can carry:
```
  transition_deriv : ∀ i j y, y ∈ overlap i j → HasFDerivWithinAt (transition i j) (transitionJac i j y) (overlap i j) y
  gram_transform : ∀ i j y (hy : y ∈ overlap i j), gram j y = (toMatrix (transitionJac i j y))ᵀ * gram i (transition i j y) * toMatrix (transitionJac i j y)
```
where `overlap i j := source j ∩ chart j ⁻¹' (chart i '' source i)`.

Hmm, wait: `transitionJac` as an explicit field is redundant with `fderivWithin`; but having it explicit makes the transform law and derivative stated for the same object, avoiding issues of matching fderiv. Upstream uses `tangentCoordChange` which is exactly the derivative. I can set `transitionJac i j y := fderivWithin ℝ (transition i j) (overlap i j) y` as a *definition* (a `def`, not field) — then `deriv` field is automatic (rfl), and transform law refers to the same object. That's clean:

```
def jac (A : OverlapAtlasData M d) (i j : ℕ) (y : Vec d) : Vec d →L[ℝ] Vec d :=
  fderivWithin ℝ (A.transition i j) (A.overlap i j) y
```

and the structure has `deriv_ok : ∀ i j y hy, HasFDerivWithinAt (A.transition i j) (A.jac i j y) (A.overlap i j) y` — this is `rfl`-ish but needs the fact that `fderivWithin` is unique... Actually `HasFDerivWithinAt f (fderivWithin ℝ f s x) s x` holds when `f` is differentiable within at x (unique differentiability), not always (if not differentiable, fderivWithin is 0 but HasFDerivWithinAt fails). Hmm: `HasFDerivWithinAt f (fderivWithin 𝕜 f s x) s x ↔ DifferentiableWithinAt 𝕜 f s x`. So `deriv_ok` should be a real field: `differentiableWithinAt_transition : ∀ i j y hy, DifferentiableWithinAt ℝ (transition i j) (overlap i j) y`. Then `(differentiableWithinAt_transition ...).hasFDerivWithinAt` gives the HasFDerivWithinAt with `fderivWithin`. Good, no need for a separate field for the derivative value.

So fields:
- chart, source, isOpen_source, measurable_chart, injOn_chart, cover
- gram, gram_posDef (on source; maybe `gram_posDef : ∀ i x, x ∈ source i → (gram i x).PosDef`)
- transition, transition_mem/eq (spec on overlap)
- differentiableWithinAt_transition (on overlap)
- gram_transform (on overlap)

And derived: `density i x := Real.sqrt (gram i x).det`; `density_pos` on source via PosDef.det_pos; `density_transform` on overlap.

Wait, one subtlety: is `gram i` symmetric positive definite on *all* of `Vec d` or only on source? For `density_pos` at `x ∈ source i` we need PosDef. Outside source it doesn't matter but for simplicity require PosDef everywhere (`∀ i x, (gram i x).PosDef`). Upstream requires positive definiteness on the chart source. Requiring everywhere is simpler and WLOG (define gram arbitrarily PSD outside... hmm, not exactly WLOG but harmless as it's a hypothesis of the model). Actually to be more faithful: `gram_posDef : ∀ i x, x ∈ source i → (gram i x).PosDef` and for the model instance prove it. But then `density i` outside source is junk; fine because we always restrict to source.

Note: `Matrix.PosDef` requires the matrix to be Hermitian and `xᵀ M x > 0` for nonzero x. `Matrix.PosDef.det_pos` gives `0 < det`. Symmetry follows. Good.

Now the chart measure:
```
def chartMeasure (A : OverlapAtlasData M d) (μ : Measure (Vec d)) (i : ℕ) : Measure M :=
  Measure.map (A.chart i) ((μ.restrict (A.source i)).withDensity (fun y => ENNReal.ofReal (A.density i y)))
```
Then:
```
def chartPreimage (A) (i) (s : Set M) : Set (Vec d) := A.source i ∩ A.chart i ⁻¹' s
```
`chartMeasure_apply`: for measurable s,
`A.chartMeasure μ i s = ∫⁻ y in A.chartPreimage i s, ENNReal.ofReal (A.density i y) ∂μ`.
Proof: 
- `hae : AEMeasurable (A.chart i) ((μ.restrict (source i)).withDensity density)`: from `(A.measurable_chart i).aemeasurable.mono_ac (withDensity_absolutelyContinuous ..)` — need `AEMeasurable f (μ.restrict s)`; `(measurable f).aemeasurable` gives `AEMeasurable f μ'` for any measure? `Measurable.aemeasurable : AEMeasurable f μ` requires `[MeasurableSpace]`... Actually `Measurable.aemeasurable` might need `NeZero μ`? Hmm, in current mathlib `Measurable.aemeasurable : AEMeasurable f μ` holds unconditionally I believe (or with `[MeasurableSpace α]`). Let me check. There's `Measurable.aemeasurable`. Then `.mono_ac (withDensity_absolutelyContinuous _ _)`.
- `Measure.map_apply_of_aemeasurable hae' hs` → `(μ.restrict s).withDensity d (chart ⁻¹' s)`.
- `withDensity_apply'` (needs `[SFinite μ]` — `μ.restrict s` is SFinite if μ is? Hmm, for a general measure μ, `μ.restrict s` is SFinite? SFinite means the measure is a sum of finite measures; `restrict` of an s-finite measure is s-finite; is every measure s-finite in mathlib? No! `Measure` is `ℝ≥0∞`-valued and can be non-s-finite. Upstream's `chartMeasure_apply` used `withDensity_apply'` without SFinite instantiation issues... because `μ` is an additive Haar measure on a finite-dim space, which is σ-finite (locally finite + second countable...). Actually `IsAddHaarMeasure` gives local finiteness on a locally compact space; σ-finiteness? For `Vec d` (finite-dimensional), `IsAddHaarMeasure` on a σ-compact locally compact group gives σ-finite. In mathlib there's instance `IsAddHaarMeasure.sigmaFinite`. Hmm. Let me check what upstream did: `rw [chartMeasure, Measure.map_apply_of_aemeasurable hae' hs, withDensity_apply' _ _]` — so it applied `withDensity_apply'` with `[SFinite μ]` presumably resolved by instance for the restricted Haar measure. There's an instance `[SFinite μ] : SFinite (μ.restrict s)`. And `IsAddHaarMeasure` probably gives `SFinite`. Let me check that `IsAddHaarMeasure` implies SFinite at this pin.

Also `restrict_restrict'` etc.

OK. Rather than guessing, the fastest path is to copy upstream's proof script nearly verbatim, adapting names. That's the plan: the upstream file IS the proof of the core (at the mathlib-manifold level), and my local version replaces `extChartAt I α` with explicit charts and the `chartGramMatrix` with the local `gram`, and the tangentCoordChange with the explicit transition derivative. The proof steps are literally identical.

Let me now write out the design in Lean carefully. I'll build the file incrementally with compilation checks. Strategy: create the file in the release tree, and use `lake env lean` on it directly (fast, no full build), ensuring imports are minimal.

Now, key concern: at the release pin, some measure theory API names might differ from upstream's. I'll adapt by checking quickly. Let me set up a scaffold with the structure + definitions first and compile.

Time check: ~25 min used. Let me move fast.

Plan for files:
1. `release/Poincare/D13/ManifoldIBP/GlobalMeasure.lean` — the core: `OverlapAtlasData`, density, transform law, chartMeasure, chartMeasure_apply, chartMeasure_apply_eq, global measure (gluing), globalMeasure_apply_chart, smul, plus maybe `weighted` version with entropy weight? The U7 target is the IBP; let me also add `globalWeightedIBP`-ish consumption: for functions supported in a single chart, the manifold IBP reduces to chart IBP... Hmm, but the local `manifoldWeightedIBP_of_atlasData` requires `ManifoldAtlasData` with chart decompositions. Maybe I can instantiate `ManifoldAtlasData` from an `OverlapAtlasData` with a *finite* atlas whose images are disjoint (then transitions are vacuous)... that's just DisjointModel.

Better consumption: prove **`globalMeasure_apply_chart`** (the interface theorem: measure computed by density formula in any chart) and then the **single-chart weighted IBP on the global measure** for a chart covering M — using D12's chart IBP. Concretely: if `i` is a chart with `chart i '' source i = univ` and everything supported in it, then `∫ (Δ_f u) v dμ = ∫ ...` where the manifold integral is w.r.t. `A.globalMeasure μ` and `Δ_f` is defined via the chart operator. That's a real consumption combining the new global measure with the D13/D12 IBP.

Even better: define the `ManifoldAtlasData` for a **one-chart** overlapping atlas (ι = PUnit... but the local `ManifoldAtlasData` uses `Fin ι` charts and `Vec (n+1)`). Hmm, `ManifoldAtlasData M n ι` has `chart : Fin ι → Vec (n+1) → M`, `metric : Fin ι → ChartMetric (n+1)`. For an `OverlapAtlasData`, the Gram fields are general matrices, not `ChartMetric` (which requires global `ContDiff` and PosDef everywhere — actually `ChartMetric` requires ContDiff ⊤ and PosDef everywhere; our atlas charts are defined on sources; we could require gram = ChartMetric.g on all of Vec d, restricting to source). Hmm! That's an idea: make `OverlapAtlasData` carry `metric : ℕ → ChartMetric d` instead of raw gram. Then:
- `density i x = (metric i).density x` (D12 definition, consistent!)
- the transform law: `(metric j).matrix y = Jᵀ * (metric i).matrix (τ y) * J` on overlap.
- D12 lemmas (`density_pos`, `smooth`, `det_pos`, etc.) immediately available.
- And crucially the IBP layer: `(metric i).driftLaplacian`, `(metric i).gradInnerInverse` available directly from D12, so a global IBP theorem can be stated cleanly.

This integrates beautifully with the local framework: an overlapping atlas whose charts carry D12 `ChartMetric`s satisfying the tensor transformation law on overlaps. The layer then proves: (a) the Riemannian measures of overlapping charts agree on the overlap; (b) the glued global measure exists and satisfies the chart-density interface; (c) IBP/entropy integrals transfer to the global measure when the support is in a single chart, or via an atlas decomposition.

Indices: `ChartMetric` is indexed by `d : ℕ` and `metric : Fin ι → ChartMetric d`. Since `ι` is a `Fin`, we can use `Fin iota` indexing to be compatible with `ManifoldAtlasData`. But gluing via `disjointed` works with `ℕ` index naturally. I can index by ℕ for the atlas and use `Fin iota` when needed... simpler: index the atlas by ℕ and define `globalMeasure` as the sum over disjointified pieces; for the `ManifoldAtlasData` connection with `Fin ι`, use an atlas indexed by `Fin ι` (disjointed also works on `Fin ι` via `ℕ`?). Hmm.

Let me simplify: `OverlapAtlasData (M) (d) (ι : Type*) [Countable ι]`? `disjointed` is defined for `ℕ`-indexed families: `disjointed (f : ℕ → Set α) : ℕ → Set α`. For a general countable index we'd need an enumeration. Upstream uses `c : ℕ → M`. I'll index by ℕ. For the `ManifoldAtlasData` bridge with `Fin ι`, I can enumerate `Fin ι ≃ ℕ`... messy. Alternative: define the bridge only for the case of a *countable* atlas by re-indexing: give `Fin ι → ChartMetric d` → define an ℕ-indexed atlas via `if h : n < ι then ... else 0`? Ugly.

Cleanest: make the core layer ℕ-indexed (like upstream) and prove the interface theorem. Then add a separate short module/section for the `ManifoldAtlasData` consumption in the *single-chart* case (Fin 1), which is easy: `overlapAtlasData_of_singleChart`.

Hmm, but is that valuable enough as a "consumption"? Actually here's a cleaner and very valuable consumption: **the chart-independence theorem itself is the consumption** — it's consumed by `globalMeasure_apply_chart`, which is the interface the whole downstream volume/IBP layer uses. Plus the smul theorem.

And for the IBP: a theorem `integral_globalMeasure_eq_chartIntegral` for functions supported in one chart, then `weightedIBP_globalMeasure` for the single-chart-covering case: state that if `source i = univ` (one chart covers everything) then the global measure is the chart measure and the D12 chart IBP transfers. That's fine and honest, but arguably already covered by D12.

Let me think about what would be most convincing for the milestone: "produce a checked HeatKernelBridge-style consumption by the D4/D7 certificate interfaces". The D4/D7 certificate interfaces are `CertificateOn.FiniteLifetimeEntropyBridge` etc. For U7, the bridge `weighted_ibp` field is `RestrictedWeightedIBPStatement` on a `WeightedCalculus X`, already instantiated on the Euclidean chart. To consume the *new global measure*, I could construct a `WeightedCalculus` on the overlapping-atlas manifold M with `X = M` and prove the restricted IBP there from the chart-level one (via chart decomposition). That would directly show the global measure layer feeds the D4/D7 interface.

Let me look at `CertificateOn.lean` and `ManifoldIBP.Transfer.lean` to see `WeightedCalculus` and `RestrictedWeightedIBPStatement`.

Let me read those two files now (they're local, moderate size).
dsh: reasoning:
Now, the `RestrictedWeightedIBPStatement` takes `[NormedAddCommGroup X] [NormedSpace ℝ X]` and `ContDiff ℝ 2`. For the global measure on a manifold M (an arbitrary type), we can't use `ContDiff` unless M is a normed space. Hmm. The bridge's `WeightedCalculus X` for X = the manifold M — but the D4 restriction requires `X` normed. So consuming the atlas layer into `RestrictedWeightedIBPStatement` on M would require M to be a normed space. Not natural.

Actually the existing `HeatKernelBridge` instantiates the bridge on the Euclidean chart `X = Vec 2` (probably `EuclideanChartCalculus`). That's the D4/D7 consumption, already done. So the new global-measure module mainly needs to feed U7.

So my consumption target for the new module should be the U7 side: global IBP on the manifold measure. Let me define, for the atlas layer:
- `globalWeightedIBP`: if the atlas consists of *one* chart covering M (or the support of the functions lies in one chart), then
  `∫_M (Δ_f u) v dμ_g = - ∫_M ⟨∇u,∇v⟩ dμ_g`
  where the manifold integrand is defined chart-wise. Hmm, but "manifold-side operators" for an overlapping atlas need to be well-defined on overlaps — which itself requires the metric-compatibility (transformation law) for the operators. That's more work (the Laplacian is chart-independent under the tensor law — a real theorem but a big one).

Given the time budget, I think the right scope is:

**GlobalMeasure.lean**: the overlapping-atlas Riemannian measure layer, mirroring upstream:
- `OverlapAtlasData` structure (charts with sources, measurable, injective, cover, D12 `ChartMetric`s, transitions with spec + differentiability, tensor transformation law).
- `density`, `density_pos`, `density_transform` (proved from the tensor law by determinant algebra).
- `chartPreimage`, `measurableSet_chartPreimage`.
- `chartMeasure`, `chartMeasure_apply`, **`chartMeasure_apply_eq`** (chart independence — the key theorem).
- `chartMeasure_smul`, global `globalMeasure` (glued by `disjointed`), `globalMeasure_apply_chart` (the interface theorem), `globalMeasure_smul`.
- `globalMeasure_apply_eq_chartMeasure` (single chart covering M ⇒ global measure = chart measure).
- Consumption: `integral_globalMeasure_of_support_subset_chart` — the chart decomposition for functions supported in one chart, and `weightedIBP_globalMeasure` for the one-chart-covering case, using D12's chart-level restricted IBP (`restrictedWeightedIBP_euclideanChartCalculus` or the D12 raw IBP).
- A concrete **inhabited model**: `linearChartAtlas` on `M = Vec d`: charts `x ↦ L_i x + b_i` with `L_i` invertible, `metric i x = (L_i⁻¹)ᵀ G (L_i x + b_i) L_i⁻¹` for an arbitrary positive-definite family G. Prove the tensor law. This shows the hypotheses are inhabited non-vacuously and exercises chart-independence on a genuine change of variables (two different linear charts). Maybe this is a stretch; but a simpler version: two charts, second is a translation (L = id), metric_i = G. Actually with translations the transformation law is trivial. With a general linear L, matrix algebra needed: `gram j y = Aᵀ gram i (τ y) A` where A = L_j ∘ L_i⁻¹... 

Let me think about the concrete model more concretely. Set `M := Vec d`. Charts: `chart i x := if i = 0 then x else L x` hmm. Let me use ι = Fin 2:
- chart 0 = id, source 0 = univ, metric 0 = G (some ChartMetric d).
- chart 1 = fun x => L x, source 1 = univ, metric 1 = fun x => (L⁻¹)ᵀ * G (L x) * L⁻¹ where `L : Vec d ≃ₗ[ℝ] Vec d` (a linear equivalence), so `metric 1` is a ChartMetric (needs smoothness of the matrix entries and PosDef: congruence by invertible matrix preserves PosDef — `Matrix.PosDef.conjTranspose_mul`? There are lemmas: `Matrix.PosDef.transpose_mul`? Hmm, need `Aᴴ * M * A` PosDef for invertible A. There are mathlib lemmas `Matrix.PosDef.conjTranspose`? Let me check.)

Then transition: `τ 1 0 y = L y`? Let's see: overlap i j = source j ∩ chart j ⁻¹' (chart i '' source i) = univ. `transition i j y ∈ source i ∧ chart i (transition i j y) = chart j y`. For (i,j) = (0,1): chart 1 y = L y ∈ chart 0 '' univ = univ, and transition 0 1 y must satisfy chart 0 (t) = t = L y, so `τ 0 1 y = L y`. For (1,0): chart 0 y = y ∈ chart 1 '' univ = univ, transition 1 0 y with chart 1 t = L t = y ⇒ t = L⁻¹ y.

The tensor law for i=1, j=0: `gram 0 y = (fderiv τ 1 0)ᵀ * gram 1 (τ 1 0 y) * fderiv τ 1 0`. τ 1 0 = L⁻¹, fderiv = L⁻¹. gram 1 (L⁻¹ y) = (L⁻¹)ᵀ * G (L (L⁻¹ y)) * L⁻¹ = (L⁻¹)ᵀ * G y * L⁻¹. So RHS = (L⁻¹)ᵀ * ((L⁻¹)ᵀ G y L⁻¹) * L⁻¹ = (L⁻¹)ᵀ (L⁻¹)ᵀ G y L⁻¹ L⁻¹... wait that's wrong: A = L⁻¹, Aᵀ * gram1(τ y) * A = Aᵀ * (Aᵀ G (τ y) A) * A ≠ G y. Hmm, I need to recheck the direction of the transformation law.

Upstream: `G^β_{ij}(y) = Σ_ab G^α_{ab}(τ y) A^a_i(y) A^b_j(y)` — i.e. `G^β(y) = Aᵀ G^α(τ y) A` where `A = fderiv τ` with `τ = transition from β to α`. In my structure field `gram_transform i j`: `gram j y = Aᵀ * gram i (τ y) * A` with `A = fderiv (transition i j) y` where `transition i j` maps j-coords to i-coords (τ = φ_i⁻¹ ∘ φ_j).

Now in my linear example: `φ_0 = id`, `φ_1 = L`. Then "the metric" — I want to define a single Riemannian metric on M = Vec d by: gram in chart 0 at point x is G(x)? The law says: gram_1(y) = Aᵀ gram_0(τ y) A with τ = φ_0⁻¹ ∘ φ_1 = L, A = L. So `gram_1(y) = Lᵀ G(L y) L`. Let me double check with the classical formula: if `φ_1 = L` (coordinates y map to point L y), the chart-1 coordinate frame is `∂/∂y_i = L e_i` in the chart-0 coordinates. So `g_1(y)_{ij} = g_0(Ly)(L e_i, L e_j) = (Lᵀ G(Ly) L)_{ij}`. Yes! `gram_1(y) = Lᵀ * G (L y) * L`. 

So with the correct direction: `gram 1 y = Lᵀ * G (L y) * L`, and for the reverse transition (i=1, j=0): τ = φ_1⁻¹ ∘ φ_0 = L⁻¹, A = L⁻¹, `gram 0 y = Aᵀ gram 1 (L⁻¹ y) A = (L⁻¹)ᵀ (Lᵀ G (L (L⁻¹ y)) L) L⁻¹ = (L⁻¹)ᵀ Lᵀ G y L L⁻¹ = G y`. ✓ (using (L⁻¹)ᵀ Lᵀ = (L L⁻¹)ᵀ = 1).

And for the forward direction (i=0, j=1): τ = L, A = L, `gram 1 y = Lᵀ gram 0 (L y) L` ✓ by definition.

Great, consistent. And PosDef of `Lᵀ G L` for invertible L: mathlib has `Matrix.PosDef.conjTranspose_mul`? Let me check the exact lemma names later. Note `Lᵀ` = `L.conjTranspose` over ℝ.

So the model instance: `M = Vec d`, `chart 0 = id`, `chart 1 = L`, sources = univ, metrics `G` and `Lᵀ G(L·) L`. `cover` is trivially univ. The tensor law holds on univ. This is a genuine overlapping atlas (both charts cover M, so they overlap completely!). Chart independence then says: `∫⁻_{s} √det G dx = ∫⁻_{L⁻¹ s} √det(Lᵀ G(L·) L) dx` — a real change-of-variables identity, proved via the transformation law. This is a good model that exercises the machinery and demonstrates non-vacuity. And it's a genuine instance of the "two overlapping charts" case that the disjoint model couldn't handle. 

Even better: I can state a **non-vacuity theorem** for this model: an explicit `OverlapAtlasData (Vec d) d` and a corollary that `chartMeasure_apply_eq` gives the change-of-variables identity for the two linear charts — i.e., the global measure is well defined. Maybe also show `globalMeasure` (with the ℕ-indexed atlas derived from the two charts) equals chart measure 0 on univ: `globalMeasure univ = ∫⁻ √det G`. That's a nice consumption theorem showing the measure is the honest `√det g dx`.

Hmm, careful: the ℕ-indexed atlas with only 2 useful charts: define `chart n = if n = 0 then id else L`, `source n = univ` for all n. Then the atlas covers (chart 0 covers univ). The disjointed pieces: piece 0 = univ, piece n = ∅ for n ≥ 1. So globalMeasure = chartMeasure 0 restricted to univ = chartMeasure 0. Then `globalMeasure_apply_chart` for chart 1 gives the change-of-variables identity: `chartMeasure 0 s = ∫⁻ _{chartPreimage 1 s} √det(Lᵀ G(L·) L)` for `s ⊆ univ`. Nice.

OK. Now let me decide about including the entropy weight (weighted measure) in this module: likely not necessary for the U7-global measure theorem; the D13 bridge weighted IBP layer already handles weight at the chart level. But maybe I add a `weightedGlobalMeasure` for completeness? Let's defer; priority is the core.

Also the "manifold IBP consumption": A clean one: `globalWeightedIBP_of_singleChart`: Suppose the atlas has a chart `i` with `source i = univ` and `chart i` bijective... Actually, for IBP on the *manifold measure* we need to integrate over M, and the chart is a bijection `Vec d → M`? Not necessarily; the atlas covers M but a single chart may not cover M. If a chart covers all of M (source i = univ and chart i '' univ = univ), then the global measure = chart measure and the IBP transfers. That's still useful: it gives the honest manifold measure for a "one-chart manifold" — but that's the trivial case.

Better: for a *finite* atlas, the decomposition `∫_M F dμ = Σ_i ∫_{piece_i} F∘chart_i · density_i`. Then IBP on M reduces to IBP on each piece — requiring the chart IBP with support inside the piece; boundary terms appear at the piece boundaries. That's where the POU/Stokes obstruction genuinely lives. Since the pieces are `disjointed`, their boundaries are chart-source boundaries, and the boundary term doesn't vanish unless supports avoid them. So proving a genuine global IBP on an overlapping atlas requires Stokes/POU — the named blocker. Good: my module should state the lintegral decomposition (honest, provable) and note that the global IBP requires boundary control = the remaining blocker.

Hmm — actually wait. There's another honest route: if the functions have compact support contained in a *single chart* (which is the honest domain of the restricted IBP anyway, and compactly supported functions on a manifold are what the D4/D7 restricted IBP uses), then no piece boundaries are crossed *if* the support lies inside one chart's source. But the support may cross the disjointified piece boundaries within the same chart! The `disjointed` pieces have boundaries inside the chart (where later charts take over). However, `globalMeasure_apply_chart` says the measure restricted to the chart equals the chart density formula, so for a function supported in one chart we can compute the global integral as the chart integral directly — no need to decompose into pieces. Then IBP transfers immediately from the chart IBP. That's a genuine single-chart-support IBP on the global manifold measure! This is a real consumption of U7-global: global measure + chart IBP ⇒ manifold IBP for functions supported in a chart. And the honest statement (compact support in one chart) matches the D4/D7 restricted form.

So: `weightedIBP_globalMeasure_of_support_subset_chart`:
Given atlas A, chart i, chart metric G = A.metric i, drift f. Define the weighted global measure `μ_f := A.globalMeasure μ).withDensity (exp(-f ∘ ...))`? Hmm — the weight is a function on M. For functions supported in chart i, the manifold weighted measure is `(A.globalMeasure μ).withDensity (fun m => ofReal (exp (-(F m))))` where F : M → ℝ is a manifold function such that F (chart i x) = f i x. Then
`∫_M (Δ_f u) v dμ_f = ...` Let me see: with the chart parametrization, `∫_M g dμ_f = ∫_{chart i} g(m) e^{-F(m)} dμ_g(m) = ∫_x g(chart i x) e^{-f_i x} density_i x dx` (by globalMeasure_apply_chart for the lintegral). Then apply the chart-level IBP (D12 restricted IBP for ChartMetric). That gives a genuine manifold IBP identity.

Actually there's an important subtlety: the chart-level D12 IBP is stated for the chart measure `volume.withDensity density` and functions on `Vec d`; the pullback functions `u ∘ chart i` are what they are. The manifold functions u, v would be `X → ℝ` with `X = M`, and the theorem concludes `∫_M (Δ_f u) v dμ_f = - ∫_M ⟨∇u,∇v⟩ dμ_f` where the manifold Laplacian is defined by pulling back through the chart. That's a clean packaging.

But `M` needs to be a `NormedAddCommGroup` for `ContDiff` in the D4 statement; for the U7 IBP I can avoid `ContDiff` on M by stating the hypotheses on the chart pullbacks: `ContDiff ℝ 2 (fun x => u (chart i x))` etc. So the manifold-side statement uses only chart-level regularity — honest and consistent with the local framework.

OK, this is a solid plan. Given time constraints, let me prioritize:

P0 (must): GlobalMeasure.lean core: structure, density transform, chartMeasure, chartMeasure_apply, chartMeasure_apply_eq, globalMeasure + apply_chart, smul. 
P1: concrete two-chart linear model (inhabited + non-vacuity, change-of-variables identity).
P2: weighted manifold IBP consumption for chart-supported data (bridge to D12/I4/U7).
P3: results/checkpoint/audit.

Let me look at D12's IBP statement to know what to consume. Let me check `Poincare/D12/VolumeIBP/IBP.lean` and `Regularity.lean` briefly for the exact theorem name and hypotheses.

Let me grep for the main IBP theorem.
dsh: reasoning:
Good. Now let me check the D12 `chart_weighted_ibp` statement at line 600 and the `integral_riemannianMeasure_eq` lemma.

Let me look at the exact statement of `chart_weighted_ibp` (line 600) and `integral_riemannianMeasure_eq`.

Then I'll start writing.

Also note: D12 has `ChangeOfVariables.lean` with `pullbackMetric` and `pullback_measure_naturality` — that's the D12 analogue of chart transition naturality! Interesting: `ChartDiffeomorphism` and `pullbackMetric`. This suggests D12 already has a chart-to-chart transformation result: `pullback_measure_naturality`. Let me look at it — it may be very close to what I need for the overlapping atlas (a change of variables between two charts). That could serve as the algebraic core for the tensor law of the pullback metric. Let me read that file region.

Let me read `ChangeOfVariables.lean` lines 60-320.
dsh: reasoning:
Excellent! D12 already has `ChartDiffeomorphism`, `jacobianMatrix`, `pullbackMatrix`, `det_pullbackMatrix`, `pullbackMetric` (with PosDef proof), and `pullback_measure_naturality`. This is a very strong base for the overlapping-atlas layer! Let me read `pullback_measure_naturality` and the rest of that file (lines 200-330) — it might already give the chart-measure naturality.

Let me read it.
dsh: reasoning:
D12 already has the key ingredients: `pullbackMetric`, `pullbackDensity_eq`, `pullback_measure_naturality`. This is *exactly* the chart-transition naturality at the level of global self-maps of `Vec d` (global diffeomorphisms).

Now, D12's `ChartDiffeomorphism` requires bijectivity and global smoothness of ψ. For an atlas, transitions are only *local* (on overlaps), so the global diffeomorphism assumption is too strong. But for a *model instance* (two linear charts) it's exactly right.

Hmm, this gives me an important idea: I can build the overlapping atlas layer on top of the D12 notion, but with transitions only required on the relevant overlap set. Since the D12 `pullback_measure_naturality` is stated for global diffeos, generalizing to local transitions requires the `lintegral_image_eq_lintegral_abs_det_fderiv_mul` route (with `HasFDerivWithinAt` on the overlap). That's exactly the upstream proof and it's what I'll do.

OK. Let me now decide the final design, keeping it achievable:

**File: `release/Poincare/D13/ManifoldIBP/GlobalMeasure.lean`**

Imports: `Poincare.D12.VolumeIBP.ChangeOfVariables` (gives ChartMetric, ChartDiffeomorphism, change of variables) + `Mathlib.MeasureTheory.Function.Jacobian` (for the within-set CoV) — import Mathlib is fine too but slower; use targeted imports to be safe, though `Poincare.D12.VolumeIBP.ChangeOfVariables` probably imports Mathlib already (D12 Basic imports Mathlib). Let me check.

Content:

```lean
namespace Poincare.D13.ManifoldIBP

variable {M : Type*} [MeasurableSpace M] {d : ℕ}

/-- An overlapping atlas ... -/
structure OverlapAtlas (M : Type*) [MeasurableSpace M] (d : ℕ) where
  chart : ℕ → Vec d → M
  source : ℕ → Set (Vec d)
  isOpen_source : ∀ i, IsOpen (source i)
  measurable_chart : ∀ i, Measurable (chart i)
  injOn_chart : ∀ i, InjOn (chart i) (source i)
  cover : (⋃ i, chart i '' source i) = univ
  metric : ℕ → ChartMetric d
  transition : ℕ → ℕ → Vec d → Vec d
  transition_spec : ∀ i j y, y ∈ source j → chart j y ∈ chart i '' source i →
    transition i j y ∈ source i ∧ chart i (transition i j y) = chart j y
  transition_diff : ∀ i j y, y ∈ source j → chart j y ∈ chart i '' source i →
    DifferentiableWithinAt ℝ (transition i j) (overlap i j) y
  metric_transform : ∀ i j y (hy : y ∈ source j) (hy' : chart j y ∈ chart i '' source i),
    (metric j).matrix y =
      (LinearMap.toMatrix (Pi.basisFun ℝ (Fin d)) (Pi.basisFun ℝ (Fin d))
        (fderivWithin ℝ (transition i j) (overlap i j) y).toLinearMap)ᵀ
      * (metric i).matrix (transition i j y)
      * LinearMap.toMatrix ... 
```

Hmm, `overlap i j` needs to be defined before the structure (it uses chart/source) — can't, since it depends on structure fields. Options: (a) make the transform law take the derivative CLM as an explicit field `jac : ℕ → ℕ → Vec d → Vec d →L[ℝ] Vec d` with a `hasFDerivWithinAt` field; (b) use a sigma-type; (c) define the structure with a single `overlap`-like field pattern where the law is stated as `∀ i j y, y ∈ source j → chart j y ∈ chart i '' source i → ... fderivWithin ℝ (transition i j) (source j) y ...` using `source j` as the within-set (instead of the overlap set). Actually the derivative can be taken within `source j` — hmm, but for the change-of-variables formula, we need `HasFDerivWithinAt τ A (chartPreimage j s) y` where `chartPreimage j s ⊆ source j`. If τ is differentiable within `source j` at every point of it, then by `.mono` we get differentiability within any subset. So take the within-set to be `source j`:

`transition_hasFDeriv : ∀ i j y, y ∈ source j → HasFDerivWithinAt (transition i j) (J i j y) (source j) y`

with `J : ℕ → ℕ → Vec d → Vec d →L[ℝ] Vec d` an explicit field. Then in the main proof, use `.mono (chartPreimage_subset_source ...)` to get the within-`chartPreimage` derivative, and use `J` for the determinant. But also the metric transform must be stated with the *same* `J` matrix. And we need `J` to be the fderiv-like object so the change-of-variables determinant matches. Since `HasFDerivWithinAt τ (J y) (source j) y` and also `HasFDerivWithinAt τ (fderivWithin ℝ τ (chartPreimage j s) y) (chartPreimage j s) y`, uniqueness of derivatives within a set at a point gives `fderivWithin ... = J y` (a.e. or at the point) — actually uniqueness: if both hold on sets and one set is a neighborhood within the other... At a point where τ is differentiable within `chartPreimage` and within `source j`, the derivatives agree? `HasFDerivWithinAt` uniqueness holds when the point is in the closure of the set? There's `HasFDerivWithinAt.unique` requiring `x ∈ closure s`? Hmm. Alternatively use `fderivWithin_mono`? Hmm.

Actually simpler: use `differentiableWithinAt_transition : ∀ i j y, y ∈ source j → DifferentiableWithinAt ℝ (transition i j) (source j) y`, and then in the proof use `(h.mono subset).hasFDerivWithinAt` to get `HasFDerivWithinAt τ (fderivWithin ℝ τ (chartPreimage j s) y) ...` and use `HasFDerivWithinAt.mono` + ... hmm, but the *value* of the derivative within the smaller set may differ from within the bigger set in general (if not differentiable within the bigger set). But it IS differentiable within source j, and by `HasFDerivWithinAt.mono`, `HasFDerivWithinAt τ (fderivWithin ℝ τ (source j) y) (chartPreimage j s) y`. And uniqueness of `HasFDerivWithinAt` on `chartPreimage j s` at a point `y` that is in the interior... no.

Hmm, but mathlib has `fderivWithin_subset` or `HasFDerivWithinAt.fderivWithin`:
- `HasFDerivWithinAt.fderivWithin (h : HasFDerivWithinAt f f' s x) (hxs : UniqueDiffWithinAt 𝕜 s x) : fderivWithin 𝕜 f s x = f'`.
- For the change-of-variables formula, the exact `f'` used matters only for the determinant factor; using `fderivWithin ℝ τ (chartPreimage j s) y` in the formula is what the theorem produces.

To avoid this mess, I'll carry the explicit CLM `J` AND specify the transform law with the matrix of `J`, and in the CoV proof, I need the theorem's factor `|det (fderivWithin ℝ τ (chartPreimage j s) y)|` to equal `|det (J y)|`. 

Alternative cleaner approach: use `HasFDerivWithinAt` on the *same* set as the CoV theorem: state the structure's derivative/transform data on the overlap set. But overlap needs to be definable outside the structure...

Trick: define the overlap using the structure's fields via a *function* taking the structure as an argument — Lean allows `structure` fields to refer to earlier fields only. But we can order fields so that `chart` and `source` come first, and then define... no, we can't define a function `overlap A i j` inside the structure definition before A exists. However, we CAN define a helper *before* the structure:

```
def overlapOf (chart : ℕ → Vec d → M) (source : ℕ → Set (Vec d)) (i j : ℕ) : Set (Vec d) :=
  source j ∩ chart j ⁻¹' (chart i '' source i)
```
Then in the structure, after fields chart/source, later fields can refer to `overlapOf chart source i j`. Yes! That works: field types can mention earlier fields and any preceding definitions. 

So:
```
structure OverlapAtlas (M : Type*) [MeasurableSpace M] (d : ℕ) where
  chart : ℕ → Vec d → M
  source : ℕ → Set (Vec d)
  isOpen_source : ∀ i, IsOpen (source i)
  measurable_chart : ∀ i, Measurable (chart i)
  injOn_chart : ∀ i, InjOn (chart i) (source i)
  cover : (⋃ i, chart i '' source i) = univ
  metric : ℕ → ChartMetric d
  transition : ℕ → ℕ → Vec d → Vec d
  transition_mem : ∀ i j y, y ∈ overlapOf chart source i j → transition i j y ∈ source i
  transition_chart : ∀ i j y, y ∈ overlapOf chart source i j → chart i (transition i j y) = chart j y
  transition_diff : ∀ i j y, y ∈ overlapOf chart source i j →
      DifferentiableWithinAt ℝ (transition i j) (overlapOf chart source i j) y
  metric_transform : ∀ i j y (hy : y ∈ overlapOf chart source i j),
      (metric j).matrix y =
        (jacobianOf (transition i j) (overlapOf chart source i j) y)ᵀ
        * (metric i).matrix (transition i j y)
        * jacobianOf (transition i j) (overlapOf chart source i j) y
```
where `jacobianOf ψ s y := LinearMap.toMatrix (Pi.basisFun ℝ (Fin d)) (Pi.basisFun ℝ (Fin d)) (fderivWithin ℝ ψ s y).toLinearMap`. 

Hmm, `(fderivWithin ℝ ψ s y).toLinearMap` — `fderivWithin` returns `Vec d →L[ℝ] Vec d`, which has `.toLinearMap`. Then `LinearMap.toMatrix b b` expects `Vec d →ₗ[ℝ] Vec d`. Coercion should work.

Then `density i x := (metric i).density x`.

Transform law proof: from `metric_transform`, `det (metric j).matrix y = det (Jᵀ * M * J)` where `M = (metric i).matrix (τ y)`, `J = jacobianOf ...`. Use `Matrix.det_mul`, `Matrix.det_transpose`, and `D12.ChartMetric.jacobianMatrix_det`-style bridge `LinearMap.det_toMatrix` to convert `det J = (fderivWithin ℝ τ s y).det`. Then `sqrt` manipulation.

Then for chart independence: with `hderiv := (transition_diff ... hy).hasFDerivWithinAt` we get `HasFDerivWithinAt τ (fderivWithin ℝ τ s y) s y` where `s = overlapOf chart source i j` = the overlap set. Now the CoV theorem is applied on the set `chartPreimage j s` (call it `T`), and I need `HasFDerivWithinAt τ (f' y) T y`. Since `T ⊆ overlap` (for `s ⊆ chart i '' source i`), use `HasFDerivWithinAt.mono` to restrict to T: `(h.hasFDerivWithinAt).mono hT`. But careful: the CoV theorem will use the *given* `f'` — I can pass `f' := fun y => fderivWithin ℝ τ (overlap) y` and the hypothesis `HasFDerivWithinAt τ (fderivWithin ℝ τ overlap y) T y`, obtained by `mono`. So the determinant in the theorem is `det (fderivWithin ℝ τ overlap y)` which matches the transform law. 

Now the image: `τ '' T = chartPreimage i s`. This needs proof as upstream: with `T = chartPreimage j s = source j ∩ chart j ⁻¹' s`, `s ⊆ chart i '' source i` and `s ⊆ chart j '' source j` (or `s ⊆ chart i '' source i ∩ ...`). Since s is contained in both charts' images, and the transitions are defined on the overlap. The proof of the image equality needs care:
- `τ '' T ⊆ chartPreimage i s`: for y ∈ T, `τ y ∈ source i` by transition_mem; `chart i (τ y) = chart j y ∈ s` by transition_chart and y ∈ chart j ⁻¹' s. So `(chart i) (τ y) ∈ s`, i.e. `τ y ∈ chart i ⁻¹' s` and `τ y ∈ source i`. So `τ y ∈ chartPreimage i s`. Note: chartPreimage i s = source i ∩ chart i ⁻¹' s (I'll define as a def).
- `chartPreimage i s ⊆ τ '' T`: for z ∈ source i with chart i z ∈ s: need y with τ y = z, y ∈ source j, chart j y ∈ s. Take y := ... we need a preimage of `chart i z` under chart j inside s. Since `chart i z ∈ s ⊆ chart j '' source j`, there's y ∈ source j with chart j y = chart i z. Then y ∈ T (chart j y = chart i z ∈ s) and y ∈ overlap (chart j y = chart i z ∈ chart i '' source i since z ∈ source i). So τ y = z by transition_chart + injectivity of chart i: `chart i (τ y) = chart j y = chart i z`, both in source i, so τ y = z by injOn. ✓ (Requires s ⊆ chart i '' source i and s ⊆ chart j '' source j.)

- Injectivity of τ on T: if τ y₁ = τ y₂ with y₁,y₂ ∈ T, then chart j y₁ = chart i (τ y₁) = chart i (τ y₂) = chart j y₂ and both in source j, so y₁ = y₂ by injOn. ✓

Then the pointwise congruence: for y ∈ T,
`ofReal (density i (τ y)) * ofReal |det (fderivWithin τ overlap y)| = ofReal (density j y)`.
Using `density j y = density i (τ y) * |det (...)|` (proved as `density_transform`). Then `← ENNReal.ofReal_mul (abs_nonneg _)` and `mul_comm` to match.

Upstream's final step:
```
simp only [ContinuousLinearMap.det, chartVolumeDensity, hτy]
rw [← ENNReal.ofReal_mul (abs_nonneg _)]
exact congrArg ENNReal.ofReal (sqrt_chartGramMatrix_det_change ...).symm
```
So they rewrite the goal `ofReal (density_i (τ y)) * ofReal |det J| = ofReal (density_j y)` into `ofReal (density_i (τ y) * |det J|) = ofReal (density_j y)` and then use the transform law symm. Fine.

Then `chartMeasure_apply_eq` in the form: for measurable s with s ⊆ chart i '' source i and s ⊆ chart j '' source j (and maybe also s ⊆ source? — upstream requires s ⊆ (extChartAt I α).source, which is the source in M; here I need s ⊆ chart i '' source i and s ⊆ chart j '' source j). Hmm, but in the global measure interface theorem, `s ⊆ (extChartAt I α).source` is the manifold-side source; here the analogue is `s ⊆ chart α '' source α`. Also upstream's `riemannianMeasure_apply_chart` requires `hsα : s ⊆ (extChartAt I α).source`. So in my version: `hsα : s ⊆ chart i '' source i`. But actually for `chartMeasure_apply` we don't need that hypothesis — the formula holds for any measurable s (chartPreimage handles the rest). For `chartMeasure_apply_eq` we do need it.

Hmm wait, upstream requires `s ⊆ (extChartAt I α).source` and `s ⊆ (extChartAt I β).source`. In my formulation `chartPreimage i s = source i ∩ chart i ⁻¹' s`, so if `s ⊆ chart i '' source i` then `chartPreimage i s = {x ∈ source i | chart i x ∈ s}`. Fine.

Now, the `cover` field and `globalMeasure`:
```
def chartCover (A : OverlapAtlas M d) (n : ℕ) := A.chart n
def chartPiece (A) (n : ℕ) : Set M := disjointed (fun k => A.chart k '' A.source k) n
def globalMeasure (A) (μ : Measure (Vec d)) : Measure M :=
  Measure.sum fun n => (A.chartMeasure μ n).restrict (A.chartPiece n)
```
and `globalMeasure_apply_chart`:
for measurable s with s ⊆ chart i '' source i,
`A.globalMeasure μ s = ∫⁻ y in A.chartPreimage i s, ofReal (density i y) ∂μ`.

The proof follows upstream: for each n, `(chartMeasure n).restrict (piece n) s = chartMeasure i (s ∩ piece n)` by `chartMeasure_apply_eq` (needs `s ∩ piece n ⊆ chart n '' source n` — from `chartPiece_subset n` and `disjointed_le`: `piece n ⊆ chart n '' source n`; and `s ∩ piece n ⊆ chart i '' source i`) — plus measurability. Then `measure_iUnion` and the cover.

Note upstream's `chartPiece_subset`: `chartPiece n ⊆ (extChartAt I (chartCover n)).source` — in my case the pieces are subsets of `chart n '' source n`, and `chartMeasure n` is supported on `chart n '' source n`, so restriction to the piece is what makes the sum work.

Then the interface theorem is stated with `[μ.IsAddHaarMeasure]` (needed for CoV). Also `[SecondCountableTopology M] [Nonempty M]` for the cover existence — but in my design the atlas's charts are ℕ-indexed and `cover` is a *field*, so no second countability needed. 

Now, one important design question: should `OverlapAtlas` require `cover` as a field (with ℕ-indexing)? Yes — simpler, and the caller provides the atlas (upstream proves existence from second countability).

Also `μ.IsAddHaarMeasure` — the CoV theorem needs `[IsAddHaarMeasure μ]` on `Vec d` (or at least a measure with the Jacobian transformation property). Since `Vec d` at this pin carries no normed instance (per the D13 VolumeForm note) — wait, does `Vec d = Fin d → ℝ` have a `NormedAddCommGroup`? The comment in the local VolumeForm/Basic says the bare Pi chart space carries no `InnerProductSpace` (only sup-norm `Pi.normedAddCommGroup`). But `IsAddHaarMeasure` needs the measure to be a Haar measure on a measurable additive group; `volume` on `Fin d → ℝ` (with sup norm) is a Haar measure. `MeasureTheory.volume` on `Vec d` is `IsAddHaarMeasure`? For a finite-dimensional real normed space, `volume` is an additive Haar measure: instance `isAddHaarMeasureVolume`? Let me check. Upstream's `riemannianMeasure` takes `μ` with `[μ.IsAddHaarMeasure]`. And D12 uses `MeasureTheory.volume` on Vec d directly. For the Jacobian CoV theorem, `[IsAddHaarMeasure μ]` on `E` is required (line 248: `variable [MeasurableSpace E] [BorelSpace E] (μ : Measure E) [IsAddHaarMeasure μ]`).

So my theorems will take `(μ : Measure (Vec d)) [μ.IsAddHaarMeasure]`. Then the concrete instance uses `volume` which should satisfy `IsAddHaarMeasure` (there's an instance for finite-dimensional normed spaces: `MeasureTheory.Measure.IsAddHaarMeasure.volume`?). Let me check: `Mathlib/MeasureTheory/Measure/Haar/Basic.lean` has `instance IsAddHaarMeasure.volume` maybe requiring `[FiniteDimensional ℝ E]`. Let me check quickly. Since D12 uses `volume` extensively with the Jacobian theorem (`integral_image_eq_integral_abs_det_fderiv_smul volume ...` — which requires `[IsAddHaarMeasure volume]`), the instance must exist for Vec d. Good.

Similarly, the `[BorelSpace (Vec d)]` and `[MeasurableSpace (Vec d)]` instances exist.

Now, the concrete model (`LinearOverlapModel`): 
- `M := Vec d`
- `chart 0 := id`, `chart n := L` for n ≥ 1 (or use a two-element index with `if n = 0`)
- `source _ := univ`
- `metric 0 := G`, `metric n := G.pullbackMetric (linearDiffeomorphism L)` — D12 has `pullbackMetric` for a `ChartDiffeomorphism`. And a linear equivalence `L : Vec d ≃ₗ[ℝ] Vec d` gives a `ChartDiffeomorphism` with ψ := L, smooth := ..., injective, surjective, fderiv_injective. Then the tensor law for `metric 1 = G.pullbackMetric H` is essentially `rfl` (since pullbackMetric's g is `pullbackMatrix L x = Jᵀ G(Lx) J`, and `jacobianOf L univ y = jacobianMatrix L y`) — need to check that `JacobianOf` with `fderivWithin ℝ L univ` equals `jacobianMatrix L y`: the D12 `jacobianMatrix ψ x := Matrix.of fun i j => fderiv ℝ ψ x (Pi.single j 1) i`, and `LinearMap.toMatrix b b (fderivWithin ℝ ψ univ x).toLinearMap` should be the same matrix; there's a general lemma: `LinearMap.toMatrix_apply` gives `toMatrix b b f i j = b.repr (f (b j)) i`; with `Pi.basisFun`, `(Pi.basisFun ℝ (Fin d)) j = Pi.single j 1`, and `b.repr (v) i = v i` for the Pi basis (`Pi.basisFun_repr`?). D12 already has `jacobianMatrix_det` with exactly this `hmat` bridge: `jacobianMatrix ψ x = LinearMap.toMatrix (Pi.basisFun ℝ (Fin d)) (Pi.basisFun ℝ (Fin d)) (fderiv ℝ ψ x).toLinearMap` with proof by `ext i j; rw [jacobianMatrix, Matrix.of_apply, LinearMap.toMatrix_apply]; simp [Pi.basisFun_apply]`. I can reuse the same proof technique with `fderivWithin ... univ` = `fderiv ...` (via `fderivWithin_univ`).

So the model instance is quite feasible: I need
- `LinearChartDiffeomorphism` from `L : Vec d ≃ₗ[ℝ] Vec d`: smooth (linear map ⇒ ContDiff), injective, surjective, fderiv_injective (fderiv of a linear equivalence is itself; `fderiv_eq` for linear maps: `ContinuousLinearMap.fderiv` or `LinearMap.fderiv`?). There's `ContinuousLinearMap.fderiv` / `fderiv_continuousLinearMap`. Since `L` (as a function) is linear and continuous (finite-dim), `fderiv ℝ (⇑L) x = L.toContinuousLinearMap`. Then injectivity of the CLM follows from injectivity of L.

This might be a bit fiddly but D12's `ChartDiffeomorphism` examples might already exist elsewhere (e.g., in Example.lean?). Let me check `Example.lean` and whether there's an existing linear/translation diffeo instance. Let me grep for "ChartDiffeomorphism" instances.

Given time, maybe the model instance should use a *translation* (simplest): `ψ = fun x => x + v`. Its fderiv is identity (`fderiv_add_const`...). The metric transform is `gram 1 y = idᵀ * G (y + v) * id`. That's trivial matrix algebra and the change-of-variables is `∫ f(y+v) √det G(y+v) dy = ∫ f √det G` — a genuine but easy check. Hmm, the derivative facts for translation: `fderiv ℝ (fun x => x + v) y = 1` via `fderiv_add_const` / `fderiv_id'`. Actually there might be existing lemmas.

But a linear equivalence is more convincing. Let me see if D12's Example.lean has a `ChartDiffeomorphism` instance I can reuse. Let me check.

Also the whole design needs `ChartMetric` with `metric n = G.pullbackMetric H` where H is a global diffeo — but for a general overlapping atlas, transitions are local. So the tensor law field with `jacobianOf` on the overlap set needs to be verified for the model: for `L` a linear equivalence and `overlap = univ ∩ (L ⁻¹' univ) = univ`, `fderivWithin ℝ L univ y = fderiv ℝ L y`, so `jacobianOf L univ y = jacobianMatrix L y`, giving the law `(G.pullbackMetric H).matrix y = (jacobianMatrix L y)ᵀ * G.matrix (L y) * jacobianMatrix L y` = rfl. For the reversed direction (i=1, j=0): transition = L⁻¹, metric 1 = G.pullbackMetric H; law: `G.matrix y = (jacobianMatrix L⁻¹ y)ᵀ * (G.pullbackMetric H).matrix (L⁻¹ y) * jacobianMatrix L⁻¹ y`. This is the nontrivial direction: it requires `J_{L⁻¹}ᵀ (J_L(L⁻¹y))ᵀ G(y) J_L(L⁻¹ y) J_{L⁻¹}(y) = G y`, i.e., `J_L(L⁻¹ y) * J_{L⁻¹}(y) = 1` (chain rule). Since `L` is linear, `J_L = matrix of L` and `J_{L⁻¹} = matrix of L⁻¹`, and `matrix(L) * matrix(L⁻¹) = 1`. Here `jacobianMatrix` is defined via `fderiv ℝ`, and for a linear map `fderiv ℝ L x = L.toContinuousLinearMap`, so `jacobianMatrix L x = LinearMap.toMatrix b b L`. Then `toMatrix L * toMatrix L⁻¹ = toMatrix (L * L⁻¹) = 1` via `LinearMap.toMatrix_mul`. Feasible.

Hmm, this is getting big. Time budget: I've used ~40 min. Let me get moving: write the core file first, compile, then decide on the model.

Note on `metric_transform` direction for the model: for `L` as chart 1 (`chart 1 = ⇑L`), the law with i=0, j=1: `metric 1 y = Jᵀ * metric 0 (L y) * J` where `J = fderiv (transition 0 1) y = fderiv L y = matrix of L`. And `metric 1 = G.pullbackMetric H` has matrix `J_L(y)ᵀ * G(L y) * J_L(y)`. ✓ by definition.

For i=1, j=0: `transition 1 0 = L⁻¹`; law: `metric 0 y = (J_{L⁻¹})ᵀ * metric 1 (L⁻¹ y) * J_{L⁻¹}`. RHS = `J_{L⁻¹}ᵀ * (J_L(L⁻¹y)ᵀ G y J_L(L⁻¹y)) * J_{L⁻¹}` = `(J_L(L⁻¹y) J_{L⁻¹})ᵀ G y (J_L(L⁻¹y) J_{L⁻¹})` = `1ᵀ G y 1 = G y` ✓ using `J_L(L⁻¹y) = matrix L` (constant) and `matrix L * matrix L⁻¹ = 1`.

Good, doable with `LinearMap.toMatrix_mul`-style lemmas.

Let me now check available API for a few things I'll need:
1. `LinearMap.toMatrix_mul` (name?).
2. `ContinuousLinearMap.fderiv` for linear maps (`fderiv_continuousLinearMap`).
3. `Measurable.aemeasurable`, `withDensity_absolutelyContinuous`, `Measure.map_apply_of_aemeasurable`, `withDensity_apply'`.
4. `Measure.sum_apply`, `measure_iUnion`, `iUnion_disjointed`, `disjointed_le`, `MeasurableSet.disjointed`, `disjoint_disjointed`, `pairwise_disjoint` API.
5. Whether `IsAddHaarMeasure` instance exists for `volume` on `Vec d`.

Since these are standard, I'll write the file and let the compiler tell me. Let me start with the core file now — writing definitions and the transform law first, compiling early.

Actually, a thought on efficiency: rather than writing the whole file and iterating on many errors, write in chunks:
Chunk A: structure + overlapOf + jacobianOf + density + density_pos + density_transform. Compile.
Chunk B: chartPreimage + measurability + chartMeasure + chartMeasure_apply. Compile.
Chunk C: chartMeasure_apply_eq. Compile.
Chunk D: global measure + interface theorem + smul. Compile.

Let me write chunk A+B now.

Definitions:

```lean
import Poincare.D12.VolumeIBP.ChangeOfVariables

open scoped BigOperators ENNReal NNReal Topology
open MeasureTheory Set Filter

noncomputable section

namespace Poincare.D13.ManifoldIBP

variable {M : Type*} [MeasurableSpace M]

/-- charts -/
def overlapOf {d : ℕ} (chart : ℕ → Vec d → M) (source : ℕ → Set (Vec d)) (i j : ℕ) : Set (Vec d) :=
  source j ∩ chart j ⁻¹' (chart i '' source i)

def jacobianOf {d : ℕ} (ψ : Vec d → Vec d) (s : Set (Vec d)) (y : Vec d) :
    Matrix (Fin d) (Fin d) ℝ :=
  LinearMap.toMatrix (Pi.basisFun ℝ (Fin d)) (Pi.basisFun ℝ (Fin d))
    (fderivWithin ℝ ψ s y).toLinearMap
```

Hmm: `(fderivWithin ℝ ψ s y).toLinearMap` — check that `ContinuousLinearMap.toLinearMap` exists and `LinearMap.toMatrix` accepts it (there's a coercion `↑`). In D12 they wrote `(fderiv ℝ ψ x).toLinearMap`. Good.

Structure:

```lean
structure OverlapAtlas (M : Type*) [MeasurableSpace M] (d : ℕ) where
  chart : ℕ → Vec d → M
  source : ℕ → Set (Vec d)
  isOpen_source : ∀ i, IsOpen (source i)
  measurable_chart : ∀ i, Measurable (chart i)
  injOn_chart : ∀ i, InjOn (chart i) (source i)
  cover : (⋃ i, chart i '' source i) = univ
  metric : ℕ → ChartMetric d
  transition : ℕ → ℕ → Vec d → Vec d
  transition_mem : ∀ i j y, y ∈ overlapOf chart source i j → transition i j y ∈ source i
  transition_chart : ∀ i j y, y ∈ overlapOf chart source i j →
    chart i (transition i j y) = chart j y
  transition_diff : ∀ i j y, y ∈ overlapOf chart source i j →
    DifferentiableWithinAt ℝ (transition i j) (overlapOf chart source i j) y
  metric_transform : ∀ i j y (hy : y ∈ overlapOf chart source i j),
    (metric j).matrix y =
      (jacobianOf (transition i j) (overlapOf chart source i j) y)ᵀ
        * (metric i).matrix (transition i j y)
        * jacobianOf (transition i j) (overlapOf chart source i j) y
```

Wait: inside the structure, can field types refer to `overlapOf chart source i j` where `chart`/`source` are earlier *fields*? In Lean 4 structure commands, later field types can refer to earlier fields by name (they're in scope as projections during elaboration)? Yes — structure fields can depend on previous fields (e.g. `structure Sigma` style: `structure Foo where a : Nat; b : Fin a`). And `overlapOf chart source i j` should elaborate since `chart`/`source` are previous fields. Good.

Then within the namespace:
```
namespace OverlapAtlas
variable {d : ℕ} (A : OverlapAtlas M d)

def density (i : ℕ) (y : Vec d) : ℝ := (A.metric i).density y
lemma density_nonneg (i y) : 0 ≤ A.density i y := (A.metric i).density_nonneg y
lemma density_pos (i y) : 0 < A.density i y := (A.metric i).density_pos y
```

Transform law:
```
lemma det_jacobianOf_transform ... :
  ((A.metric j).matrix y).det = (jacobianOf ... y).det ^ 2 * ((A.metric i).matrix (A.transition i j y)).det
```
Proof: rw [A.metric_transform i j y hy, Matrix.det_mul, Matrix.det_mul, Matrix.det_transpose]; ring. But careful: the RHS matrix product's det: `det (Jᵀ * M * J) = det Jᵀ * det M * det J`? `Matrix.det_mul` is `(M * N).det = M.det * N.det`. So `det ((Jᵀ * M) * J) = det (Jᵀ * M) * det J = det Jᵀ * det M * det J = det J * det M * det J` = `(det J)^2 * det M` after ring. Should work.

```
lemma density_transform (i j y) (hy : y ∈ overlapOf A.chart A.source i j) :
    A.density j y = A.density i (A.transition i j y) * |(fderivWithin ℝ (A.transition i j) (overlapOf ...) y).det| := by
  unfold density ChartMetric.density
  rw [A.det_transform i j y hy, Real.sqrt_mul (sq_nonneg _), Real.sqrt_sq_eq_abs]
```
Hmm: `sqrt (Jdet^2 * Mdet) = |Jdet| * sqrt Mdet`, then `Real.sqrt_mul (sq_nonneg _)` gives `sqrt (Jdet^2) * sqrt Mdet` and `Real.sqrt_sq_eq_abs` gives `|Jdet| * sqrt Mdet`. The order: `A.density j y = sqrt (det (metric j).matrix y)`. After rewriting with det_transform: `sqrt (Jdet^2 * Mdet)`. `Real.sqrt_mul (sq_nonneg Jdet) : sqrt (a * b) = sqrt a * sqrt b`. Then `Real.sqrt_sq_eq_abs : sqrt (a^2) = |a|`. So result `|Jdet| * sqrt Mdet`; goal is `sqrt Mdet * |Jdet|` — ring/`mul_comm`. Fine.

Also need `(jacobianOf ψ s y).det = (fderivWithin ℝ ψ s y).det`:
```
lemma det_jacobianOf (ψ : Vec d → Vec d) (s : Set (Vec d)) (y : Vec d) :
    (jacobianOf ψ s y).det = (fderivWithin ℝ ψ s y).det := by
  rw [jacobianOf]
  exact LinearMap.det_toMatrix (Pi.basisFun ℝ (Fin d)) _
```
Hmm: `LinearMap.det_toMatrix (b : Basis ι R M) (f : M →ₗ[R] M) : (toMatrix b b f).det = f.det`? D12's `jacobianMatrix_det` used `rw [hmat, LinearMap.det_toMatrix]` so the lemma name works with 1 explicit arg (they wrote `LinearMap.det_toMatrix (finBasis ℝ E)` in upstream and `rw [hmat, LinearMap.det_toMatrix]` locally). I'll mimic D12: build the equality as a matrix identity and rw. Actually simply:
```
lemma det_jacobianOf ... := by
  rw [jacobianOf]
  exact LinearMap.det_toMatrix (Pi.basisFun ℝ (Fin d)) _
```
Might need explicit `_`. We'll see.

Now the chart measure part:

```
def chartPreimage (A) (i : ℕ) (s : Set M) : Set (Vec d) := A.source i ∩ A.chart i ⁻¹' s

lemma chartPreimage_subset_source : A.chartPreimage i s ⊆ A.source i := inter_subset_left
lemma chartPreimage_subset_overlap (hs : s ⊆ A.chart i '' A.source i) :
    A.chartPreimage j s ⊆ overlapOf A.chart A.source i j := fun y hy => ⟨hy.1, hs hy.2⟩
lemma measurableSet_chartPreimage (hs : MeasurableSet s) : MeasurableSet (A.chartPreimage i s) :=
  (A.isOpen_source i).measurableSet.inter ((A.measurable_chart i) hs)
```

```
def chartMeasure (A) (μ : Measure (Vec d)) (i : ℕ) : Measure M :=
  Measure.map (A.chart i) ((μ.restrict (A.source i)).withDensity
    (fun y => ENNReal.ofReal (A.density i y)))
```

`chartMeasure_apply`:
```
theorem chartMeasure_apply (μ : Measure (Vec d)) (i : ℕ) {s : Set M} (hs : MeasurableSet s) :
    A.chartMeasure μ i s = ∫⁻ y in A.chartPreimage i s, ENNReal.ofReal (A.density i y) ∂μ := by
  have hae : AEMeasurable (A.chart i) (μ.restrict (A.source i)) :=
    (A.measurable_chart i).aemeasurable.restrict -- ?
  have hae' : AEMeasurable (A.chart i) ((μ.restrict (A.source i)).withDensity _) :=
    hae.mono_ac (withDensity_absolutelyContinuous _ _)
  rw [chartMeasure, Measure.map_apply_of_aemeasurable hae' hs, withDensity_apply', chartPreimage]
  rw [← Measure.restrict_restrict' (A.isOpen_source i).measurableSet] -- hmm upstream: rw [chartPreimage, ← Measure.restrict_restrict' htgt]
```
Careful: after `withDensity_apply'`, the goal is `∫⁻ y in (chart i) ⁻¹' s, ofReal (density i y) ∂(μ.restrict (source i))`. Then rewrite `← Measure.restrict_restrict'` to convert to the intersection. Upstream's `withDensity_apply' _ _` gave `∫⁻ a in f ⁻¹' s, ... ∂(μ.restrict target)` then `chartPreimage, ← Measure.restrict_restrict' htgt` converts `∫⁻ y in source ∩ f⁻¹'s`. `restrict_restrict'` statement: `μ.restrict s |>.restrict t = μ.restrict (t ∩ s)`? Let me just mimic and adjust.

For `AEMeasurable (A.chart i) (μ.restrict (A.source i))` from `Measurable (A.chart i)`: `Measurable.aemeasurable` gives `AEMeasurable f ν` for any ν? In current mathlib: `theorem Measurable.aemeasurable (hf : Measurable f) : AEMeasurable f μ`. I believe it's unconditional now. Good.

Then `chartMeasure_apply_eq`:
```
theorem chartMeasure_apply_eq (μ : Measure (Vec d)) [μ.IsAddHaarMeasure] (i j : ℕ) {s : Set M}
    (hs : MeasurableSet s) (hsi : s ⊆ A.chart i '' A.source i) (hsj : s ⊆ A.chart j '' A.source j) :
    A.chartMeasure μ i s = A.chartMeasure μ j s := by
  rw [A.chartMeasure_apply μ i hs, A.chartMeasure_apply μ j hs]
  set τ := A.transition i j
  set S := A.chartPreimage j s
  ...
```
Following upstream closely. Note upstream used `τ`, `chartPreimage β` etc.

I plan to mirror upstream's proof text with renames:
- `hmem` : ∀ y ∈ chartPreimage j s, chart j y ∈ s ∧ y ∈ source j. 
- `himg : τ '' chartPreimage j s = chartPreimage i s`.
- `hinj : InjOn τ (chartPreimage j s)`.
- `hderiv : ∀ y ∈ chartPreimage j s, HasFDerivWithinAt τ (fderivWithin ℝ τ (overlapOf ...) y) (chartPreimage j s) y` — from `transition_diff` + `mono`.
- rw [← himg, lintegral_image_eq_lintegral_abs_det_fderiv_mul μ (measurableSet_chartPreimage j hs) hderiv hinj (fun z => ofReal (density i z))]
- then `setLIntegral_congr_fun (measurableSet_chartPreimage j hs) (fun y hy => ...)` with the pointwise identity.

The pointwise step: need `density j y = density i (τ y) * |det (fderivWithin ℝ τ overlap y)|`, from `density_transform`. Then:
goal after CoV rewrite: `∫⁻ y in S, ofReal (density i (τ y)) * ofReal |det (fderivWithin τ S y)| = ∫⁻ y in S, ofReal (density j y)`. Hmm — the CoV theorem produces `ofReal |(f' y).det| * g (f y)` = `ofReal |det (fderivWithin τ overlap y)| * ofReal (density i (τ y))`. The goal is the other order; `setLIntegral_congr_fun` needs the integrands to be propositionally equal: I'll show `ofReal |det ...| * ofReal (density i (τ y)) = ofReal (density j y)` by `rw [mul_comm, ← ENNReal.ofReal_mul (abs_nonneg _), ← A.density_transform i j y hy, mul_comm]` — wait direction: `density_transform : density j y = density i (τ y) * |det|`. So `ofReal (density j y) = ofReal (density i (τ y) * |det|) = ofReal (density i (τ y)) * ofReal |det|` (by `ENNReal.ofReal_mul`). Goal LHS: `ofReal |det| * ofReal (density i (τ y))`. So `rw [mul_comm, ← ENNReal.ofReal_mul (abs_nonneg _), ← A.density_transform i j y hy]`. Note `ENNReal.ofReal_mul` needs `0 ≤ |det|`; the multiplication order: `ofReal (a * b) = ofReal a * ofReal b`. We want `ofReal (density i τ) * ofReal |det| = ofReal (density i τ * |det|)` — `← ENNReal.ofReal_mul (density_nonneg)`. Either way. Fine.

Note: I must double check the CoV theorem's exact form: `∫⁻ x in f '' s, g x ∂μ = ∫⁻ x in s, ENNReal.ofReal |(f' x).det| * g (f x) ∂μ`. So it gives `∫⁻ in image, g = ∫⁻ in s, ofReal|det| * g∘f`. I want to rewrite `∫⁻ y in chartPreimage i s, ofReal (density i y)` = ∫⁻ in τ '' S ... using `← himg`, then CoV.

Hmm, `ContinuousLinearMap.det` vs `LinearMap.det`: In the CoV theorem, `(f' x).det` where f' : E →L[ℝ] E; `ContinuousLinearMap.det`? Both are available; `(f' x).det` resolves to `ContinuousLinearMap.det`. And my `jacobianOf` uses `LinearMap.toMatrix` of `.toLinearMap`, with `LinearMap.det_toMatrix` bridging to `LinearMap.det`. So `det_jacobianOf` gives `(jacobianOf ψ s y).det = (fderivWithin ℝ ψ s y).det` where RHS's `.det` should be the CLM det (since `fderivWithin` is a CLM). Is `LinearMap.det_toMatrix` about `LinearMap.det`? The coercion `(fderivWithin ℝ ψ s y).toLinearMap.det` vs `(fderivWithin ℝ ψ s y).det` — there's a simp lemma `ContinuousLinearMap.det_eq`? Upstream used `LinearMap.det (tangentCoordChange ...)` and then in `chartMeasure_apply_eq` did `simp only [ContinuousLinearMap.det, ...]` — suggesting `(f).det` for CLM is defeq to LinearMap.det of the underlying linear map? Actually `ContinuousLinearMap.det` is defined as `LinearMap.det f.toLinearMap`, likely `rfl`. Let me check.

Alright — enough analysis. Let me write chunk A + B and compile. I'll create the file.

One more consideration: does `Poincare.D12.VolumeIBP.ChangeOfVariables` import `Mathlib`? D12 Basic imports Mathlib. So my file gets everything. Good.

Let me check quickly whether `ChartMetric.matrix` is accessible (namespace ChartMetric, so `(A.metric i).matrix y`). Yes.

Let me write the file now. I'll include the axiom audit prints at the end.

Also for `Lin`/`Lin'`: `Matrix.det_transpose` name? In recent mathlib it's `Matrix.det_transpose`. D12 used it, good.

Let me write.

For `himg` proof I need to be careful. Let me write it out in Lean, mirroring upstream but adapted:

```lean
theorem chartMeasure_apply_eq (μ : Measure (Vec d)) [μ.IsAddHaarMeasure] (i j : ℕ) {s : Set M}
    (hs : MeasurableSet s) (hsi : s ⊆ A.chart i '' A.source i)
    (hsj : s ⊆ A.chart j '' A.source j) :
    A.chartMeasure μ i s = A.chartMeasure μ j s := by
  classical
  rw [A.chartMeasure_apply μ i hs, A.chartMeasure_apply μ j hs]
  set τ : Vec d → Vec d := fun y => A.transition i j y with hτ
  set S : Set (Vec d) := A.chartPreimage j s with hS
  have hmem : ∀ y ∈ S, A.chart j y ∈ s ∧ y ∈ A.source j := fun y hy => ⟨hy.2, hy.1⟩
  have hover : ∀ y ∈ S, y ∈ overlapOf A.chart A.source i j := fun y hy =>
    ⟨hy.1, hsi hy.2⟩
  have hderiv : ∀ y ∈ S, HasFDerivWithinAt τ (fderivWithin ℝ τ (overlapOf A.chart A.source i j) y) S y := by
    intro y hy
    have h := (A.transition_diff i j y (hover y hy)).hasFDerivWithinAt
    exact h.mono (fun z hz => hover z hz)
  have hinj : InjOn τ S := by
    intro y₁ hy₁ y₂ hy₂ hEq
    have h₁ := hmem y₁ hy₁; have h₂ := hmem y₂ hy₂
    have hchart : A.chart j y₁ = A.chart j y₂ := by
      rw [← A.transition_chart i j y₁ (hover y₁ hy₁), ← A.transition_chart i j y₂ (hover y₂ hy₂), hEq]
    exact A.injOn_chart j h₁.2 h₂.2 hchart
  have himg : τ '' S = A.chartPreimage i s := by
    apply Subset.antisymm
    · rintro _ ⟨y, hy, rfl⟩
      exact ⟨A.transition_mem i j y (hover y hy), by
        show A.chart i (τ y) ∈ s
        rw [hτ]; rw [A.transition_chart i j y (hover y hy)]; exact (hmem y hy).1⟩
    · intro z hz
      -- z ∈ source i, chart i z ∈ s
      obtain ⟨hzsrc, hzs⟩ := hz
      -- chart i z ∈ s ⊆ chart j '' source j
      obtain ⟨y, hysrc, hyeq⟩ := hsj hzs
      refine ⟨y, ⟨hysrc, ?_⟩, ?_⟩
      · show A.chart j y ∈ s; rw [hyeq]; exact hzs
      · show τ y = z
        apply A.injOn_chart i (A.transition_mem i j y (hover y ⟨hysrc, ?_⟩)) hzsrc
        -- chart i (τ y) = chart i z
        rw [hτ, A.transition_chart i j y (hover y ⟨hysrc, ?_⟩), hyeq]
```
Wait in the last step: `hover y ⟨hysrc, chart j y ∈ chart i '' source i⟩` needs `chart j y ∈ chart i '' source i`; we know `chart j y = chart i z` and `z ∈ source i`, so `⟨z, hzsrc, hyeq.symm⟩`. Let me be careful with directions.

Actually, since `hover` requires y ∈ S = source j ∩ chart j ⁻¹' s and (chart j y ∈ chart i '' source i):
- y ∈ source j ✓ (hysrc)
- chart j y ∈ s ✓
- chart j y ∈ chart i '' source i: from hyeq : chart j y = chart i z, and z ∈ source i. So `⟨z, hzsrc, hyeq⟩`.

Let me set `hyS : y ∈ S := ⟨hysrc, by rw [hyeq]; exact hzs⟩`. Then `hover y hyS : y ∈ overlapOf ...` includes `chart j y ∈ chart i '' source i`, which I can extract as `(hover y hyS).2`. Good, since overlapOf = source j ∩ chart j ⁻¹' (chart i '' source i), and `hy.2 : chart j y ∈ chart i '' source i`. 

Then the final rw:
```
  rw [← himg, MeasureTheory.lintegral_image_eq_lintegral_abs_det_fderiv_mul μ
      (A.measurableSet_chartPreimage j hs) hderiv hinj (fun z => ENNReal.ofReal (A.density i z))]
  refine setLIntegral_congr_fun (A.measurableSet_chartPreimage j hs) ?_
  intro y hy
  have hyov := hover y hy
  rw [mul_comm, ← ENNReal.ofReal_mul (abs_nonneg _), ← A.density_transform i j y hyov]
```
Wait: after CoV, LHS integrand is `ofReal |det (fderivWithin τ overlap y)| * ofReal (density i (τ y))` and RHS is `ofReal (density j y)`. Note `τ y` is `A.transition i j y` after `set τ ... with hτ`; the `set` replaces occurrences in the goal. `density_transform i j y hyov : A.density j y = A.density i (A.transition i j y) * |det (fderivWithin ℝ (A.transition i j) (overlapOf ...) y)|`. With τ unfolded? Since `set τ` with hτ, the goal has `τ y` and `fderivWithin ℝ τ (overlapOf ...) y`? Hmm, `set` replaces syntactic occurrences of the term `fun y => A.transition i j y`? Actually `set τ : Vec d → Vec d := fun y => A.transition i j y with hτ` — Lean's `set` abstracts occurrences of the *body* `(fun y => A.transition i j y)` in the goal. The goal from `chartMeasure_apply` involves `ENNReal.ofReal (A.density i (τ? no...))` with `A.transition`? No: after `chartMeasure_apply_eq` unfolds, the goal has `density i` in the LHS integrand (over chartPreimage i s) and `density j` in the RHS integrand. The transition τ appears only when I introduce it. So `set` just names it.

Then `rw [← A.density_transform ...]` should rewrite `ofReal (density i (A.transition i j y) * |...|)`. But `A.transition i j y` — with `hτ`, will the `set` have abstracted `A.transition i j y` occurrences? They don't exist yet in the goal. So `density_transform`'s statement mentions `A.transition i j y` literally and `fderivWithin ℝ (A.transition i j) ...`; the goal (after `rw [mul_comm, ← ENNReal.ofReal_mul]`) has `ofReal (A.density i (τ y) * |(fderivWithin ℝ τ _ y).det|)`. So I need to unfold `hτ ▸ ...` or avoid `set` and use `A.transition` directly. Simplest: avoid `set` for τ; write everything with `A.transition i j`. Let me do that (a bit verbose but reliable). Actually using `set` and then `rw [hτ]` to unfold in the goal could work, but let's keep it simple: no `set`, use `A.transition i j` everywhere. `hderiv` then refers to `A.transition i j`.

Also for the `lintegral_image...` application, the function is `A.transition i j`, and the conclusion:
`∫⁻ x in A.transition i j '' S, g x ∂μ = ∫⁻ x in S, ofReal |(fderivWithin ℝ (A.transition i j) <S?> x).det| * g (A.transition i j x) ∂μ`
Hmm! Careful: `lintegral_image_eq_lintegral_abs_det_fderiv_mul` takes `(f' : E → E →L[ℝ] E)` as a *variable* (from the section: probably `variable {f : E → F} {f' : E → E →L[ℝ] E}`), and the hypothesis is `∀ x ∈ s, HasFDerivWithinAt f (f' x) s x`, conclusion uses `(f' x).det`. So my `hderiv` supplies `f' := fun y => fderivWithin ℝ τ (overlapOf ...) y`. Good; the conclusion uses `f' y` = `fderivWithin ℝ τ overlap y` — exactly matching `density_transform`. But note the `HasFDerivWithinAt` in `hderiv` is stated on `S` (the chartPreimage) with derivative `fderivWithin ℝ τ overlap y` — that's what I prove via `.mono`. Good.

Now: does `lintegral_image_eq_lintegral_abs_det_fderiv_mul` require `[BorelSpace E]` etc.? Provided by instances on `Vec d`.

Since the theorem is stated with `μ` explicit first (as `(μ : Measure E) [IsAddHaarMeasure μ]` at line 248 — it's a section variable, then the theorem signature shows `(hs) ...`; the section variable μ is an explicit argument). Upstream called it as `MeasureTheory.lintegral_image_eq_lintegral_abs_det_fderiv_mul μ (…) hderiv hinj (…)`. Good.

Next: `MeasurableSet.chartPreimage` — I need `(A.isOpen_source j).measurableSet`. Fine.

Now the global part:

```
def chartPiece (A) (n : ℕ) : Set M := disjointed (fun k => A.chart k '' A.source k) n
lemma chartPiece_subset (n) : A.chartPiece n ⊆ A.chart n '' A.source n := disjointed_le _ _
lemma measurableSet_chartPiece (n) : MeasurableSet (A.chartPiece n) :=
  MeasurableSet.disjointed (fun k => ((A.measurable_chart k) (??)) ) n
```
Hmm: is `A.chart k '' A.source k` measurable? `chart k` is globally measurable and `source k` is open (measurable), so the image is measurable: `(A.measurable_chart k) (A.isOpen_source k).measurableSet`... `Measurable f` means preimages measurable; image of measurable set is measurable if f is measurable? NO — images of measurable sets under measurable maps need not be measurable! Hmm. Upstream had `measurableSet_chartPiece` using `(isOpen_extChartAt_source ...).measurableSet` — wait, upstream's `chartPiece n ⊆ (extChartAt I (chartCover n)).source` and measured `MeasurableSet.disjointed (fun k => (isOpen_extChartAt_source ...).measurableSet) n`. Because upstream defines `chartPiece` as `disjointed (fun k => (extChartAt I (chartCover k)).source) n` — the disjointification of the *sources* (sets of M), not the images! Right: `(extChartAt I α).source` is a set in M (the chart source in the manifold). So upstream's pieces are subsets of chart sources in M.

In my formulation, the "source in M" of chart i is `A.chart i '' A.source i`. If I don't assume it's measurable, the disjointed pieces may fail to be measurable. So I should add a field `measurableSet_image : ∀ i, MeasurableSet (chart i '' source i)` to the structure. That's honest (it holds for genuine charts: chart images are open). Actually better: since chart i is injective on source i and measurable, and source i is measurable, do we get the image measurable? No, not in general.

So add field: `measurableSet_image : ∀ i, MeasurableSet (chart i '' source i)`. For genuine manifolds, chart images are open ⇒ measurable. Good. (Alternatively require chart i to be a measurable embedding on the source; but the field is simpler.)

Then:
```
lemma measurableSet_chartPiece (n) : MeasurableSet (A.chartPiece n) :=
  MeasurableSet.disjointed (fun k => A.measurableSet_image k) n
lemma pairwiseDisjoint_chartPiece : Pairwise (Disjoint on A.chartPiece) := disjoint_disjointed _
lemma iUnion_chartPiece : (⋃ n, A.chartPiece n) = univ :=
  (iUnion_disjointed (f := fun k => A.chart k '' A.source k)).trans A.cover
```
Check names: `disjointed_le`, `MeasurableSet.disjointed`, `disjoint_disjointed`, `iUnion_disjointed`. Upstream used exactly these. 

```
def globalMeasure (A) (μ : Measure (Vec d)) : Measure M :=
  Measure.sum fun n => (A.chartMeasure μ n).restrict (A.chartPiece n)
```

`globalMeasure_apply_chart`:
```
theorem globalMeasure_apply_chart (μ : Measure (Vec d)) [μ.IsAddHaarMeasure] (i : ℕ) {s : Set M}
    (hs : MeasurableSet s) (hsi : s ⊆ A.chart i '' A.source i) :
    A.globalMeasure μ s = ∫⁻ y in A.chartPreimage i s, ENNReal.ofReal (A.density i y) ∂μ := by
  classical
  have hpiece : ∀ n, MeasurableSet (s ∩ A.chartPiece n) := fun n => hs.inter (A.measurableSet_chartPiece n)
  have hdisj : Pairwise (Disjoint on fun n => s ∩ A.chartPiece n) := fun _ _ hmn =>
    ((A.pairwiseDisjoint_chartPiece hmn).mono inter_subset_right inter_subset_right)
  have hchart : ∀ n, (A.chartMeasure μ n).restrict (A.chartPiece n) s
      = A.chartMeasure μ i (s ∩ A.chartPiece n) := by
    intro n
    rw [Measure.restrict_apply hs]
    exact A.chartMeasure_apply_eq μ n i (hpiece n)
      (fun _ hz => A.chartPiece_subset n hz.2) (fun _ hz => hsi hz.1)
  rw [globalMeasure, Measure.sum_apply _ hs]
  calc ∑' n, (A.chartMeasure μ n).restrict (A.chartPiece n) s
      = ∑' n, A.chartMeasure μ i (s ∩ A.chartPiece n) := tsum_congr hchart
    _ = A.chartMeasure μ i (⋃ n, s ∩ A.chartPiece n) := (measure_iUnion hdisj hpiece).symm
    _ = A.chartMeasure μ i s := by rw [← inter_iUnion, A.iUnion_chartPiece, inter_univ]
    _ = _ := A.chartMeasure_apply μ i hs
```

Note: `chartMeasure_apply_eq μ n i` requires `s ∩ piece n ⊆ chart n '' source n` (from piece_subset) and `⊆ chart i '' source i` (from hsi). Good. `measure_iUnion` — name check. Upstream used `measure_iUnion hdisj hpiece`. Should exist.

`chartMeasure_smul` and `globalMeasure_smul`: upstream proves both. Include them (they show the normalization is not hidden). `chartMeasure_smul (c : ℝ≥0∞)`: 
```
theorem chartMeasure_smul (μ : Measure (Vec d)) [μ.IsAddHaarMeasure] (i : ℕ) (c : ℝ≥0∞) :
    A.chartMeasure (c • μ) i = c • A.chartMeasure μ i := by
  unfold chartMeasure
  rw [Measure.restrict_smul, MeasureTheory.withDensity_smul_measure, Measure.map_smul]
```
where `withDensity_smul_measure` — name check at release pin. Upstream used it. Since these are exactly upstream's proofs, they should work.

`globalMeasure_smul` follows the same proof.

Then maybe the single-chart-cover corollary:
```
theorem globalMeasure_eq_chartMeasure_of_cover (μ) [IsAddHaarMeasure μ] (i : ℕ)
    (hi : A.chart i '' A.source i = univ) :
    A.globalMeasure μ = A.chartMeasure μ i
```
Proof: `Measure.ext` + `globalMeasure_apply_chart` + `chartMeasure_apply`, since `s ⊆ univ`. Actually `globalMeasure_apply_chart i hs (fun _ _ => trivial)` gives `globalMeasure μ s = ∫⁻ ... = chartMeasure μ i s` by `chartMeasure_apply`. Then `Measure.ext fun s hs => ...`. Good, cheap and useful.

Also useful: the integral (Bochner) version of the interface theorem for a function supported in a chart:
```
theorem integral_globalMeasure_eq_chartMeasure (μ) [IsAddHaarMeasure μ] (i) {g : M → ℝ}
    (hg : Integrable g (A.globalMeasure μ)) ... 
```
Hmm; the honest statement: if `g` vanishes off `chart i '' source i`... Use `integral_congr_ae` with `globalMeasure_apply_chart`? Getting the Bochner integral from lintegral requires integrability and the standard `integral_eq_lintegral_pos_part_sub_lintegral_neg_part` machinery. There's `MeasureTheory.integral_eq_lintegral_meas_le`? The cleanest: use `integral_restrict`-like lemma: if `g =ᵐ[μ] g * indicator` ... Hmm.

Alternative clean approach: `A.globalMeasure μ = A.chartMeasure μ i` restricted... no, not globally.

Better: prove `globalMeasure_restrict_eq_chartMeasure` :
`(A.globalMeasure μ).restrict (A.chart i '' A.source i) = (A.chartMeasure μ i).restrict (A.chart i '' A.source i)`.
Proof by `Measure.ext`: for measurable `t`, `(μ.restrict S) t = μ (t ∩ S)`; both equal the lintegral formula over `chartPreimage i (t ∩ S)`, using `globalMeasure_apply_chart` and `chartMeasure_apply` with `t ∩ S ⊆ chart i '' source i`. This gives a clean measure-level statement: the global measure restricted to a chart equals the chart measure. Then the Bochner integral of a function supported in the chart follows by `integral_congr_ae`/`setIntegral` manipulations... Actually with measure equality on the chart set:
`∫ g ∂(globalMeasure μ) = ∫ g ∂(globalMeasure μ |>.restrict S)` if g vanishes off S a.e.; then equals `∫ g ∂(chartMeasure μ |>.restrict S)` = `∫_S g ∂chartMeasure μ`. Hmm, still needs integrability transfer.

Let me keep it at the measure level (`restrict_eq`) plus a corollary for the `lintegral` version:
```
theorem lintegral_globalMeasure_eq_of_support_subset_chart (i) (hsi : ∀ᵐ m ∂(A.globalMeasure μ), m ∈ A.chart i '' A.source i) ...
```
Maybe simpler: state the "single chart cover" corollary (measure equality) — that's already strong, giving the honest one-chart global measure = chart measure.

And for U7's IBP consumption, maybe I can do:
`weightedIBP_globalMeasure_of_cover`: if chart i covers M (`chart i '' source i = univ`) and the metric is `G = A.metric i`, drift `f`... then for the manifold measure `globalMeasure μ` with weight `exp(-f)`, the chart IBP transfers. This is a genuine consumption of the new layer into the IBP layer. Requires: the weighted measure `(globalMeasure μ).withDensity (fun m => ...)`. To transfer the Bochner integral from the manifold to the chart, I can use `globalMeasure_eq_chartMeasure_of_cover` + `Measure.map` properties.

Hmm, this is doable but let me first get the core working. Then decide by remaining time.

Additionally, I might add the "two linear charts" model (non-vacuity). Let me defer.

Let me now write chunk A+B. I'll write the file with parts A-C first (structure through chartMeasure_apply_eq), compile, then add D.

Actually, since `chartMeasure_apply_eq` is the riskiest, let me include it in the first compile round to find API issues early. If it takes long to fix, I can temporarily... no sorry allowed. But I can leave the theorem out and add later. Let me structure the file so that partial compilation works: write A (structure+transform), B (chartMeasure+apply), and then C. I'll compile after B, then add C, etc. To keep the file compiling at every stage, I'll append sections.

Let me write the file with A and B now.
dsh: reasoning:
Now compile it directly with `lake env lean`. But the D12 module needs to be built (it should be in cache). Let me run.
dsh: reasoning:
Two issues:
1. `Vec` is not in scope — it's `Poincare.D12.VolumeIBP.Vec`. Let me add `open Poincare.D12.VolumeIBP` or qualify. I'll add `open Poincare.D12.VolumeIBP` after the namespace? Careful: my namespace is `Poincare.D13.ManifoldIBP`, and `Vec` is at `Poincare.D12.VolumeIBP.Vec`. Adding `open Poincare.D12.VolumeIBP` works.

2. The compile timed out after 600s! That's concerning: `lake env lean` on this file takes >10 min? It imports D12 ChangeOfVariables which imports D12 Basic → Mathlib. Compiling Mathlib import from scratch can take a few minutes, but the olean cache should exist... unless the import triggers a full rebuild because the file imports `Mathlib` (huge). Actually `lake env lean` should use the existing oleans in `.lake/build/lib`. Hmm, but the timeout was 600s (the default cap kicked in despite timeoutMs 1260000? It said "[timed out after 600000ms]"). So the tool's cap is 600s.

I need a faster workflow: check that the mathlib oleans exist, and consider using `lake build Poincare.D13.ManifoldIBP.GlobalMeasure` (which may be incremental). Actually the first compile of any file importing Mathlib takes a while due to loading; subsequent ones may be faster if oleans are cached. Let me first test a trivial file to measure baseline.

Let me check whether `.lake/build/lib/lean` exists with oleans.

Actually the D12 modules should already be built from previous invocations (the full build succeeded). Let me check timestamps. If the oleans are there, `lake env lean` just needs to load them (~30-60s). But the error dump was huge (head -60 truncated it, but the process kept going printing errors and got killed by the 600s cap). The error flood (autoImplicit issues) probably slowed things down massively.

Let me fix `Vec` and retry with a smaller timeout, redirecting output to a file.

Also consider setting `set_option autoImplicit false` to catch such issues early. Not needed.

Let me fix and run in the background with output to a file so I can keep working.
dsh: reasoning:
Oleans exist. Let me compile in the background with output to a log file, using `lake env lean`. Run in background so I can do other work meanwhile (e.g., read the results md).

Note: the compilation of a file that imports Mathlib but has a huge error dump is slow. Let me capture stderr to a file and only look at the head.
dsh: reasoning:
Good context. Now let me check the compile job.

Meanwhile, let me plan the "next dependency request" — which is precisely what I'm implementing now.

Let me check the background job output.
dsh: reasoning:
Good progress. Errors:
1. Line 113: "unexpected token 'ᵀ'" — in the structure field `metric_transform`: `(jacobianOf ... y)ᵀ` — the postfix `ᵀ` notation may not be available (needs `Matrix` scoped notation `open scoped Matrix`). Upstream used `Matrix.transpose`? Actually upstream used `.transpose`. The `ᵀ` notation is `Matrix.transpose` with `open scoped Matrix`. D12 files use `(jacobianMatrix ψ x)ᵀ` in ChangeOfVariables.lean — they must have `open scoped Matrix` or it's globally available. Let me check the top of ChangeOfVariables.lean. Actually the error is at the *structure field*, maybe because within the structure command the notation isn't elaborated? No — notation is global. Hmm, "unexpected token 'ᵀ'; expected command" suggests the parser doesn't know the postfix notation, so it ended the field. It's the `Matrix` scoped notation; need `open scoped Matrix`. Let me check whether D12's file has `open scoped Matrix`.

2. Line 137: `Matrix.det_mul` rw failed because after `rw [A.metric_transform i j y hy]`... wait the error shows the goal already is `(jacobianOf ...).det = (fderivWithin ...).det ^ 2 * ...` — meaning `A.metric_transform` was not rewritten? No: the target at error time shows LHS `(jacobianOf ...).det` — hmm, that means the `rw [A.metric_transform ...]` didn't happen or happened differently. Wait: line 137 is inside `det_matrix_transform`; the tactic sequence was:
```
rw [A.metric_transform i j y hy, Matrix.det_mul, Matrix.det_mul, Matrix.det_transpose, A.det_jacobianOf]
ring
```
The error says `Tactic rewrite failed: Did not find an occurrence of the pattern (?M * ?N).det in the target expression (jacobianOf ...).det = (fderivWithin ...).det ^ 2 * ...`. 

Hmm, so the goal has already been transformed: LHS is `(jacobianOf ...).det` and RHS `(fderivWithin...).det^2 * M.det`. So `rw [A.metric_transform ...]` succeeded (rewriting `(A.metric j).matrix y` to the product), then the first `Matrix.det_mul` rewrote `(Jᵀ * M * J).det` to `(Jᵀ*M).det * J.det`, then the second `Matrix.det_mul` rewrote `(Jᵀ * M).det` to `Jᵀ.det * M.det`... then `Matrix.det_transpose` rewrote `(Jᵀ).det` to `(jacobianOf ...).det`... then `A.det_jacobianOf` rewrote... wait then what failed? The error message says pattern `(?M * ?N).det` not found in the target which already looks like the *final* RHS. So the failure is on the last `Matrix.det_mul`? Hmm the goal after all the rewrites except `A.det_jacobianOf`... 

Actually look: target `(jacobianOf ...).det = (fderivWithin ...).det ^ 2 * M.det`. This looks like `A.det_jacobianOf` already applied to the RHS `(jacobianOf...).det ^ 2`? No wait. Hmm, the RHS has `(fderivWithin ...).det ^ 2` which means `det_jacobianOf` was applied to the squared factor, but the LHS still has `jacobianOf`. Confusing. Let me think: `rw` processes lemmas in order:
- `A.metric_transform i j y hy` rewrites `(A.metric j).matrix y` → `Jᵀ * M * J`.
- `Matrix.det_mul`: rewrites `((Jᵀ * M) * J).det` → `det(Jᵀ*M) * det J`... but wait, the goal LHS is `((A.metric j).matrix y).det`; after the first rw it's `(Jᵀ * M * J).det`. `Matrix.det_mul` rewrites the outermost: `((Jᵀ*M)*J).det` → `(Jᵀ*M).det * J.det`.
- second `Matrix.det_mul`: `(Jᵀ*M).det` → `det Jᵀ * det M`.
- `Matrix.det_transpose`: `det Jᵀ` → `det J`.
- `A.det_jacobianOf`: rewrites *all* occurrences of `(jacobianOf ψ s y).det`? It's a `lemma ... (ψ) (s) (y) : (jacobianOf ψ s y).det = (fderivWithin ℝ ψ s y).det`, an equation; `rw` uses it left-to-right, replacing `(jacobianOf ...).det` with `(fderivWithin ...).det`. Since there are two occurrences (the LHS one and the RHS squared one), it rewrites both. So the goal becomes `(fderivWithin ...).det = (fderivWithin ...).det^2 * det M`? But the error shows LHS still `(jacobianOf ...).det`. 

Hmm, maybe the error is from a *later* `Matrix.det_mul` occurrence? No, the rw list is evaluated in order and it failed on... the error message pattern `(?M * ?N).det`. The third `Matrix.det_mul`? There are only two.

Oh wait — maybe `A.metric_transform` did NOT rewrite (because the structure's field with `ᵀ` failed to parse, so `metric_transform`'s statement is garbage/not what I think — the parse error at line 113 would have aborted the structure field elaboration!). Indeed the structure command had a parse error, so the whole structure may be malformed: field `metric_transform` might not exist as written; instead the parser broke. Then `A.metric_transform` might refer to something else entirely (autoImplicit!). That explains the weird goal.

So fixing the `ᵀ` parse error should fix things. Let me check D12's `open scoped Matrix` usage and add it.

3. Line 159: `sqrt` result ordering: goal `|det| * √det = √det * |det|` — need `ring` or `mul_comm`. In `density_transform` the rw chain produced `|det| * sqrt(...)` while goal is `sqrt(...) * |det|`. Add `ring` at the end (or `rw [mul_comm]`).

4. Line 201: `SFinite (μ.restrict (A.source i))` — need instance. Since `[μ.IsAddHaarMeasure]`, there should be σ-finiteness. The issue: `chartMeasure_apply` doesn't have `[μ.IsAddHaarMeasure]` in its signature (I did not add it). Upstream's `chartMeasure_apply` also doesn't take IsAddHaar... but upstream's `μ` is a `variable (μ : Measure E) [μ.IsAddHaarMeasure]` at the top of the section, so all theorems had it. I should add `[μ.IsAddHaarMeasure]` to `chartMeasure_apply` (and to `chartMeasure` definition? no, definitions can't have typeclass args unless via `[..]` in the def — I can add it to the def too, but better keep the def general and add the hypothesis to the theorem).

But `chartMeasure_apply_eq` and `globalMeasure_apply_chart` use `chartMeasure_apply`, so they'd pass the instance along. Let me add `[μ.IsAddHaarMeasure]` to `chartMeasure_apply`.

Alternatively add a `[SigmaFinite μ]` instance argument. Is `IsAddHaarMeasure` ⟹ `SigmaFinite` available for general E? For a Haar measure on a locally compact group, `IsAddHaarMeasure` gives local finiteness; σ-finiteness requires σ-compactness. For `Vec d` (finite-dimensional), `IsAddHaarMeasure` on a finite-dimensional real vector space: there's `instance IsAddHaarMeasure.sigmaFinite`? Let me check mathlib for `IsAddHaarMeasure` + `SigmaFinite`.

Since upstream had `[μ.IsAddHaarMeasure]` and used `withDensity_apply'` (which needs SFinite), presumably the instance chain works for their E (which was `[NormedAddCommGroup E] [NormedSpace ℝ E] [InnerProductSpace ℝ E] [Module.Finite ℝ E] [FiniteDimensional ℝ E] [NeZero (Module.finrank ℝ E)] [MeasurableSpace E] [BorelSpace E]`). So I should add the same instance arguments where needed.

Let me check what instance provides SFinite for `μ.restrict s` when `μ` is a Haar measure: `[SFinite μ]` → `[SFinite (μ.restrict s)]`. And `IsAddHaarMeasure` → `SFinite`? Let me grep.

Let me look. Also check `open scoped Matrix` in D12 ChangeOfVariables.
dsh: reasoning:
Hmm, the grep for `open` and `import` returned nothing except the import line? Let me look at the file's header. Actually I grep'ed head -25 for "open|import" — it printed only line 6? That means the earlier lines have no "open"/"import". Let me view lines 1-60 of ChangeOfVariables.lean.

Also need to find where `ᵀ` is opened. It could be `open scoped Matrix` in D12 Basic, or the notation is `Matrix.transpose` in the `Matrix` namespace with `open scoped Matrix`. Let me check D12 Basic's header (line 49-55 showed `open scoped BigOperators ENNReal NNReal` and `open MeasureTheory`). So no `Matrix` scoped open. Then how does `(jacobianMatrix ψ x)ᵀ` parse in ChangeOfVariables? Maybe the postfix `ᵀ` is notation declared in `Matrix` namespace but not scoped... Let me grep the mathlib for "postfix:max \"ᵀ\"".

Actually in Mathlib, `Matrix.transpose` notation: `postfix:max "ᵀ" => Matrix.transpose` inside `namespace Matrix` and `open scoped Matrix`? Let me check. But my parse error says unexpected token — maybe because inside a `structure` field the notation... no, notation is notation.

Hold on — maybe the real issue is that in my file I wrote `(jacobianOf ... y)ᵀ` where the *parser* is fine but the error message "unexpected token 'ᵀ'; expected command" — "expected command" indicates the parser thought the structure command ended. That happens if the preceding `*` at line start... Let me look at my line 111-115:

```
  metric_transform : ∀ i j y (hy : y ∈ overlapOf chart source i j),
    (metric j).matrix y =
      (jacobianOf (transition i j) (overlapOf chart source i j) y)ᵀ
        * (metric i).matrix (transition i j y)
        * jacobianOf (transition i j) (overlapOf chart source i j) y
```
The error is "line 113:66: unexpected token 'ᵀ'". Column 66 on line 113. Line 113 is `      (jacobianOf (transition i j) (overlapOf chart source i j) y)ᵀ`. Line 113 col 66 = the `ᵀ`. So indeed the notation isn't recognized. Maybe in mathlib the notation is scoped as `Matrix` and D12's `open scoped Matrix`... let me check whether D12's ChangeOfVariables has `open scoped Matrix` — the grep found nothing in head -25. Let me grep the whole file.

Let me check.
dsh: reasoning:
`open scoped Matrix` is needed. Let me add it to my file's `open scoped` line. Also fix:
- line 159: add `ring` (or `mul_comm`) at the end of `density_transform`.
- add `[μ.IsAddHaarMeasure]` to `chartMeasure_apply`.

Wait, why does `withDensity_apply'` need `SFinite (μ.restrict (source i))`? Because `withDensity_apply'` has `[SFinite μ]`. The instance `SFinite (μ.restrict s)` from `SFinite μ` presumably exists. And `IsAddHaarMeasure μ` → `SFinite μ`? Let me check if there is such an instance. If not, I'll add `[SigmaFinite μ]` or `[SFinite μ]` explicitly to the theorems. Adding `[μ.IsAddHaarMeasure]` alone may not give SFinite. Hmm. In mathlib, `IsAddHaarMeasure μ` is a class stating `μ = c • haar` roughly; there's likely `IsAddHaarMeasure.sigmaFinite`? Let me grep more broadly.

Actually, let me just test: modify and compile; if SFinite still unsolved, add `[SFinite μ]` as an extra hypothesis (or use `withDensity_apply` with measurability instead — but `MeasurableSet` of the preimage would suffice: `withDensity_apply` requires `MeasurableSet s`? Let me check `withDensity_apply` signature: at line ~60 of WithDensity.lean, `theorem withDensity_apply (f : α → ℝ≥0∞) (s : Set α) (hs : MeasurableSet s) : μ.withDensity f s = ∫⁻ a in s, f a ∂μ`? If it requires measurability of the set, we don't have it for `chart i ⁻¹' s` unless chart is measurable (it IS globally measurable!) and s measurable. So `withDensity_apply` with `hs := (A.measurable_chart i) hs` would work, avoiding SFinite. Let me check the signature.

Let me grep for both `withDensity_apply` and `withDensity_apply'`.
dsh: reasoning:
`withDensity_apply'` needs `[SFinite μ]` where μ is the restricted measure. Since `μ` is a Haar measure on `Vec d` (finite-dimensional), `SFinite μ` should hold, but maybe the instance is `SigmaFinite` ⟹ `SFinite`. Let me check what instances exist: `instance [SigmaFinite μ] : SFinite μ`? And for Haar on finite-dim space, `SigmaFinite`? There's `MeasureTheory.Measure.IsAddHaarMeasure.sigmaFinite`? Let me search the whole mathlib for "IsAddHaarMeasure" + "SigmaFinite" or `haar` σ-finite.

Actually, upstream's `chartMeasure_apply` had `variable (μ : Measure E) [μ.IsAddHaarMeasure]` in scope for the whole section, so all their theorems implicitly required it. And `withDensity_apply'` there needed `SFinite (μ.restrict target)`. So the instance must resolve from `[IsAddHaarMeasure μ]` given their instance assumptions (`[Module.Finite ℝ E] [FiniteDimensional ℝ E]` etc.). Hmm, maybe the instance is via `IsAddHaarMeasure` ⟹ `IsFiniteMeasureOnCompacts` ⟹ σ-finite (for σ-compact spaces). Let me grep for `SFinite` in the Haar directory.
dsh: reasoning:
There is `instance (b : Basis ι ℝ E) : SigmaFinite b.addHaar`. And `IsAddHaarMeasure` on a finite-dimensional space means μ = c • addHaar for some basis — is there an instance `IsAddHaarMeasure.sigmaFinite`? Let me grep for "IsAddHaarMeasure" in Typeclasses or Unique.lean.

Simplest fix: add `[SFinite μ]` (or `[SigmaFinite μ]`) as an extra hypothesis in `chartMeasure_apply` etc. But `SFinite (μ.restrict s)` needs `SFinite μ` instance: there is `instSFiniteRestrict`? Let me check quickly with a test.

Actually: since the error was specifically `SFinite (μ.restrict (A.source i))`, I can satisfy it by having `[SFinite μ]` in context (then instance `SFinite (μ.restrict s)` should exist — let me verify). Let me grep for "restrict" + SFinite.

Alternatively, use `withDensity_apply` (the measurable-set version) which needs no SFinite:
```
theorem withDensity_apply (f : α → ℝ≥0∞) (s : Set α) (hs : MeasurableSet s) : ...
```
Let me check its statement (line ~40?). From the code above, `withDensity_apply f (measurableSet_toMeasurable ...)` is called with 2 args, so `withDensity_apply f hs`? Let me look at the beginning of the file.

Actually, we do have measurability of `chart i ⁻¹' s`: `A.measurable_chart i hs`. So using `withDensity_apply` is clean and avoids SFinite entirely. But wait, then the LHS `Measure.map_apply_of_aemeasurable hae' hs` gives `((μ.restrict source).withDensity d) (chart i ⁻¹' s)` and then `withDensity_apply d ((A.measurable_chart i) hs)` gives `∫⁻ y in chart i ⁻¹' s, d y ∂(μ.restrict source)`. Then `restrict_restrict'`? We need `∫⁻ y in chart i ⁻¹' s ... ∂(μ.restrict source) = ∫⁻ y in source ∩ chart i ⁻¹' s ... ∂μ`. `Measure.restrict_restrict'` (needs measurable sets). Actually the standard lemma: `∫⁻ y in t, f y ∂(μ.restrict s) = ∫⁻ y in s ∩ t, f y ∂μ` — that's `lintegral_restrict` + `restrict_restrict`. Or `Measure.restrict_restrict (ht)` : `(μ.restrict s).restrict t = μ.restrict (t ∩ s)` maybe requiring `MeasurableSet t`. Hmm, `restrict_restrict'` in upstream was used to convert `Measure.restrict` composition. Let me check which lemma: upstream `rw [chartPreimage, ← Measure.restrict_restrict' htgt]` where `htgt : MeasurableSet target`. The statement of `Measure.restrict_restrict'`:

Let me check it. Also check `withDensity_apply` signature exactly.

Let me look at the top of WithDensity.lean.
dsh: reasoning:
`withDensity_apply (f) (hs : MeasurableSet s)` — no SFinite needed. So I'll use that with `hs := (A.measurable_chart i) hs` (the preimage of a measurable set under a measurable map is measurable).

Then I need to convert `∫⁻ y in (chart i) ⁻¹' s, d y ∂(μ.restrict (source i))` into `∫⁻ y in source i ∩ chart i ⁻¹' s, d y ∂μ`. The lemma `Measure.restrict_restrict' ht : (μ.restrict t).restrict s = μ.restrict (s ∩ t)` requires `MeasurableSet t`. Using on integrals: `∫⁻ y in A, f ∂(μ.restrict B) = ∫⁻ y in A ∩ B, f ∂μ`. Since `∫⁻ y in A, f ∂ν = ∫⁻ y, f ∂(ν.restrict A)` and `(μ.restrict source).restrict ((chart i)⁻¹ s) = μ.restrict (((chart i)⁻¹ s) ∩ source)` (requires `MeasurableSet (source i)`, which holds). Actually to apply the rw inside the integral, I can `rw [← Measure.restrict_restrict' hsrc]` — hmm, careful: the goal is `∫⁻ y in (chart i) ⁻¹' s, d y ∂(μ.restrict source) = ∫⁻ y in chartPreimage i s, d y ∂μ`. Note `∫⁻ y in t, f y ∂ν` is notation for `∫⁻ y, f y ∂(ν.restrict t)`. So the LHS is `∫⁻ y, d y ∂((μ.restrict source).restrict ((chart i)⁻¹' s))` and `restrict_restrict' hsrc : (μ.restrict source).restrict ((chart i)⁻¹' s) = μ.restrict (((chart i)⁻¹' s) ∩ source)`. Then `inter_comm` to match `source ∩ ...`. Upstream's proof did `rw [chartPreimage, ← Measure.restrict_restrict' htgt]` in the *measure* goal (not inside an integral) — because `withDensity_apply'` leaves `∫⁻ y in f ⁻¹' s, d y ∂(μ.restrict target)` which is `(μ.restrict target).withDensity d (f ⁻¹' s)`... hmm no.

Whatever. Let me restructure my proof:

```
theorem chartMeasure_apply (μ : Measure (Vec d)) (i : ℕ) {s : Set M} (hs : MeasurableSet s) :
    A.chartMeasure μ i s = ∫⁻ y in A.chartPreimage i s, ENNReal.ofReal (A.density i y) ∂μ := by
  have hae : AEMeasurable (A.chart i) (μ.restrict (A.source i)) :=
    (A.measurable_chart i).aemeasurable
  have hae' : AEMeasurable (A.chart i) ((μ.restrict (A.source i)).withDensity (fun y => ENNReal.ofReal (A.density i y))) :=
    hae.mono_ac (withDensity_absolutelyContinuous _ _)
  have hpre : MeasurableSet (A.chart i ⁻¹' s) := (A.measurable_chart i) hs
  rw [chartMeasure, Measure.map_apply_of_aemeasurable hae' hs,
    MeasureTheory.withDensity_apply _ hpre, chartPreimage]
  rw [← Measure.restrict_restrict' (A.isOpen_source i).measurableSet, inter_comm]
```
Hmm, the last step: `∫⁻ y in (chart i)⁻¹' s, d y ∂(μ.restrict source)` — is this syntactically `∫⁻ y, d y ∂((μ.restrict source).restrict ((chart i)⁻¹' s))`? The notation `∫⁻ y in t, f y ∂ν` is defined as `∫⁻ y, f y ∂(ν.restrict t)` (in current mathlib it might be `∫⁻ y in t, f y ∂ν = ∫⁻ y, f y ∂(ν.restrict t)`). So `rw [← Measure.restrict_restrict' hsrc]` would rewrite the measure `(μ.restrict source).restrict ((chart i)⁻¹' s)`? The pattern in `restrict_restrict'` LHS is `(μ.restrict t).restrict s`, with `t := source`, `s := (chart i)⁻¹' s`. In the goal, the measure is `(μ.restrict source).restrict ((chart i)⁻¹' s)` — should match. Then we get `∫⁻ y in (chart i)⁻¹' s, d y ∂(μ.restrict ((chart i)⁻¹' s ∩ source))`. Hmm, wait: the `in` set stays but the measure changes to `μ.restrict (((chart i)⁻¹' s) ∩ source)`; then `∫⁻ y in A, f ∂(μ.restrict B) = ∫⁻ y in A ∩ B, f ∂μ` requires another rewrite (`restrict_restrict` in the other direction...). Ugh.

Cleaner: use `setLIntegral` = `∫⁻ y in t, f y ∂ν`; there's a lemma `lintegral_restrict`? Let me instead prove:
`∫⁻ y in (chart i) ⁻¹' s, d y ∂(μ.restrict (source i)) = ∫⁻ y in source i ∩ (chart i) ⁻¹' s, d y ∂μ`
by:
```
rw [← restrict_restrict (A.isOpen_source i).measurableSet (hpre)] -- ?
```
Hmm.

Alternative approach: mimic upstream exactly with `withDensity_apply'` and provide the SFinite instance. Upstream's chain was:
`rw [chartMeasure, Measure.map_apply_of_aemeasurable hae' hs, withDensity_apply' _ _, chartPreimage, ← Measure.restrict_restrict' htgt]`
Let's trace: goal is `chartMeasure μ α s = ∫⁻ y in chartPreimage α s, density y ∂μ`.
After `Measure.map_apply_of_aemeasurable hae' hs`: `(μ.restrict target).withDensity d (chart α ⁻¹' s) = ∫⁻ y in chartPreimage α s, ...`.
After `withDensity_apply' _ _`: LHS becomes `∫⁻ y in chart α ⁻¹' s, d y ∂(μ.restrict target)`.
After `chartPreimage` (unfolding the RHS set to `target ∩ chart ⁻¹' s`): RHS is `∫⁻ y in target ∩ chart ⁻¹' s, d y ∂μ`.
After `← Measure.restrict_restrict' htgt`: rewrites `(μ.restrict target).restrict (...)`, i.e. the *measure* inside the LHS integral, to `μ.restrict (... ∩ target)`, giving `∫⁻ y in chart ⁻¹' s, d y ∂(μ.restrict ((chart α) ⁻¹' s ∩ target))`. Hmm, that doesn't immediately look like the RHS. Unless in this mathlib version, `∫⁻ y in t, f ∂ν` with `ν = μ.restrict u` is *syntactically* `∫⁻ y in t, f ∂ν` and the rw `← restrict_restrict'` transforms the integral's measure... 

Hmm, maybe in upstream's mathlib version, `∫⁻ x in s, f x ∂μ` was notation for `∫⁻ x, s.indicator f x ∂μ` (the old definition!) — in older mathlib, `∫⁻ x in s, f x ∂μ := ∫⁻ x, s.indicator f x ∂μ`. But the release pin (future mathlib) may have changed `setLIntegral` to `∫⁻ x, f x ∂(μ.restrict s)`. That's likely! Indeed in newer mathlib, `∫⁻ x in s, f x ∂μ` is defined as `∫⁻ x, f x ∂(μ.restrict s)` (I recall a refactor where `setLIntegral` was redefined via `restrict`). Under that definition, `∫⁻ y in t, d y ∂(μ.restrict target) = ∫⁻ y in t, d y ∂(μ.restrict target)` and `← restrict_restrict' htgt` gives `∫⁻ y in t, d y ∂(μ.restrict (t ∩ target))` = (by definition) `∫⁻ y in t ∩ target, ...`? Hmm, `∫⁻ y in t, f y ∂(μ.restrict (t ∩ target))` — since the restricted measure is supported on `t ∩ target`, and the `in t` restricts further. Actually there's a simp lemma `restrict_restrict` that normalizes nested restrictions. In current mathlib, `∫⁻ x in s, f x ∂(μ.restrict t)` is often simplified by `Measure.restrict_restrict`.

Given the uncertainty, the safest path: avoid `withDensity_apply'` and use `withDensity_apply` (measurable set version, no SFinite), then convert the set integral. Let's figure out the set-integral conversion with the *current* API. Let me check the definition of `setLIntegral` in the release pin: grep for "notation" or "def setLIntegral".

Actually, easier: use `Measure.restrict_apply`-style reasoning at the measure level instead of manipulating integrals:

```
theorem chartMeasure_apply ... := by
  have hpre : MeasurableSet ((A.chart i) ⁻¹' s) := (A.measurable_chart i) hs
  have hsrc : MeasurableSet (A.source i) := (A.isOpen_source i).measurableSet
  rw [chartMeasure, Measure.map_apply_of_aemeasurable hae' hs]
  -- goal: (μ.restrict source).withDensity d ((chart i) ⁻¹' s) = ∫⁻ y in chartPreimage i s, d y ∂μ
  rw [MeasureTheory.withDensity_apply _ hpre]
  -- goal: ∫⁻ y in (chart i)⁻¹' s, d y ∂(μ.restrict source) = ∫⁻ y in source ∩ (chart i)⁻¹' s, d y ∂μ
  rw [← Measure.restrict_restrict hpre]  -- ???
```

Let me check the setLIntegral definition first. Let me grep for "def setLIntegral" or the notation in the release mathlib.
dsh: reasoning:
Confirmed: at the release pin, `∫⁻ x in s, f x ∂μ` is notation for `lintegral (Measure.restrict μ s) f`. So set integrals are literally integrals against the restricted measure.

Therefore:
`∫⁻ y in (chart i)⁻¹' s, d y ∂(μ.restrict source) = ∫⁻ y, d y ∂((μ.restrict source).restrict ((chart i)⁻¹' s))`.
And `restrict_restrict' hsrc : (μ.restrict source).restrict ((chart i)⁻¹' s) = μ.restrict (((chart i)⁻¹' s) ∩ source)`.
Then `∫⁻ y, d y ∂(μ.restrict (((chart i)⁻¹' s) ∩ source))` = (by notation) `∫⁻ y in ((chart i)⁻¹' s) ∩ source, d y ∂μ`.
And the goal RHS is `∫⁻ y in source ∩ (chart i)⁻¹' s, d y ∂μ`; `inter_comm` closes it.

So the proof:
```
  rw [chartMeasure, Measure.map_apply_of_aemeasurable hae' hs,
    MeasureTheory.withDensity_apply _ hpre, chartPreimage,
    ← Measure.restrict_restrict' hsrc, inter_comm]
```
Hmm, careful: `← Measure.restrict_restrict' hsrc` rewrites `(μ.restrict ?t).restrict ?s` → `μ.restrict (?s ∩ ?t)`. But the occurrence is inside `lintegral ((μ.restrict source).restrict ((chart i)⁻¹' s)) d` — that's the measure argument of `lintegral`, so rw should find it (it's a term of type Measure). Yes.

But careful: the `chartPreimage` unfolding on the RHS: `chartPreimage i s` is a def; `rw [chartPreimage]` unfolds occurrences. In the goal `... = ∫⁻ y in A.chartPreimage i s, ...`, `rw [chartPreimage]` should unfold to `A.source i ∩ A.chart i ⁻¹' s`.

And `inter_comm` may be needed as a final `rw [inter_comm]`? Careful: `rw [inter_comm]` rewrites the first `∩` it finds, possibly elsewhere. Let me instead write `rw [← Measure.restrict_restrict' hsrc]` then `simp only [inter_comm]`? Hmm, `simp only [inter_comm]` might loop. Better: after the rewrites, use `congr 1` / `rw [inter_comm]` targeted.

Plan:
```
  rw [chartMeasure, Measure.map_apply_of_aemeasurable hae' hs,
    MeasureTheory.withDensity_apply _ hpre, chartPreimage, ← Measure.restrict_restrict' hsrc]
  rw [inter_comm]
```
After `← restrict_restrict'`, goal: `∫⁻ y, d y ∂(μ.restrict ((chart i)⁻¹' s ∩ source)) = ∫⁻ y, d y ∂(μ.restrict (source ∩ (chart i)⁻¹' s))`. Then `rw [inter_comm]` rewrites the LHS `(chart i)⁻¹' s ∩ source` to `source ∩ (chart i)⁻¹' s`; goal closes by rfl. 

Wait, actually the goal after `← restrict_restrict'` might be displayed as `∫⁻ y in (chart i)⁻¹' s, d y ∂(μ.restrict ((chart i)⁻¹' s ∩ source)) = ...`? No: the notation `∫⁻ y in t, f ∂ν` unfolds to `lintegral (Measure.restrict ν t) f`. The rw changes `Measure.restrict (μ.restrict source) ((chart i)⁻¹' s)` into `Measure.restrict μ ((chart i)⁻¹' s ∩ source)`. Displayed as `∫⁻ y in (chart i)⁻¹' s, d y ∂(μ.restrict ((chart i)⁻¹' s ∩ source))`. Hmm, that's `lintegral (Measure.restrict (Measure.restrict μ ((chart i)⁻¹' s ∩ source)) ((chart i)⁻¹' s)) d`. Ugh — the notation's `t` remains. Then `inter_comm` won't directly close.

Hmm. Let me think again. The problem is nested restriction. There is a simp lemma `Measure.restrict_restrict` (with measurability): `(μ.restrict s).restrict t = μ.restrict (t ∩ s)`. Also `restrict_restrict_of_subset`: if `t ⊆ s` then `(μ.restrict s).restrict t = μ.restrict t`. Hmm.

Actually maybe cleaner: prove the set-integral identity directly as a lemma:
`setLIntegral_restrict (hsrc : MeasurableSet s) : ∫⁻ y in t, f y ∂(μ.restrict s) = ∫⁻ y in s ∩ t, f y ∂μ`.
Proof: `= ∫⁻ y, f y ∂((μ.restrict s).restrict t)` [rfl] `= ∫⁻ y, f y ∂(μ.restrict (t ∩ s))` [restrict_restrict' hsrc] `= ∫⁻ y in t ∩ s, f y ∂μ` [rfl] `= ∫⁻ y in s ∩ t, ...` [inter_comm].

So:
```
have h1 : ∫⁻ y in (A.chart i) ⁻¹' s, ENNReal.ofReal (A.density i y) ∂(μ.restrict (A.source i))
    = ∫⁻ y in A.source i ∩ (A.chart i) ⁻¹' s, ENNReal.ofReal (A.density i y) ∂μ := by
  rw [← Measure.restrict_restrict' hsrc]
  rw [inter_comm]
```
Wait: `∫⁻ y in t, f ∂(μ.restrict s)` = `lintegral ((μ.restrict s).restrict t) f`. `rw [← Measure.restrict_restrict' hsrc]` — the pattern `(μ.restrict ?t).restrict ?s'`; here it's `(μ.restrict source).restrict ((chart i)⁻¹' s)`. Rewriting left-to-right gives `μ.restrict (((chart i)⁻¹' s) ∩ source)`. So `rw [Measure.restrict_restrict' hsrc]` (forward, not backward!) transforms `lintegral ((μ.restrict source).restrict ((chart i)⁻¹' s)) f` into `lintegral (μ.restrict (((chart i)⁻¹' s) ∩ source)) f`. Displayed as `∫⁻ y in (chart i)⁻¹' s, f y ∂(μ.restrict (...))`? No — when the measure argument of `lintegral` is `Measure.restrict μ u`, the notation `∫⁻ y in u, f y ∂μ` matches it. The elaborator/pp will show `∫⁻ y in ((chart i)⁻¹' s ∩ source), f y ∂μ`. Then `rw [inter_comm]` gives `∫⁻ y in (source ∩ (chart i)⁻¹' s), f y ∂μ`. 

So forward rw. My earlier confusion: I wrote `←`. Use forward.

Hmm, but wait: will `rw [Measure.restrict_restrict' hsrc]` find the occurrence `(μ.restrict source).restrict ((chart i)⁻¹' s)` when it's inside `lintegral`? Yes, rw works under binders.

OK. Also the `Measure.map_apply_of_aemeasurable hae' hs` step gives LHS `((μ.restrict source).withDensity d) ((chart i) ⁻¹' s)`. Then `withDensity_apply d hpre` needs the set `(chart i) ⁻¹' s` measurable — yes.

Now, this avoids SFinite. 

Note: upstream's `chartMeasure_apply` also required `[IsAddHaarMeasure μ]`? Not for this step. My `chartMeasure_apply` can stay general (no instance), which is nice. `chartMeasure_apply_eq` needs `[μ.IsAddHaarMeasure]` for CoV. Good.

Also the density_transform ordering fix: add `ring` or `rw [mul_comm]`.

Also `density_transform`'s `rw [...]` produced `|det| * sqrt`, goal `sqrt * |det|` → append `ring`? `ring` works on `|x| * y = y * |x|`? `ring` handles commutativity of ℝ, yes.

Let me also double check `A.det_matrix_transform` after fixing `open scoped Matrix`: `rw [A.metric_transform i j y hy, Matrix.det_mul, Matrix.det_mul, Matrix.det_transpose, A.det_jacobianOf]; ring`. 

One concern: `Matrix.det_transpose` — name at this pin? D12 used it (`rw [Matrix.det_mul, Matrix.det_mul, Matrix.det_transpose]`), so yes.

Another concern: after `rw [A.det_jacobianOf]`, both occurrences of `(jacobianOf ...).det` get rewritten to `(fderivWithin ...).det`. Then goal: `(fderivWithin ...).det = (fderivWithin ...).det ^ 2 * det M`. Hmm no wait: LHS was `(Jᵀ * M * J).det` → after det_mul twice and transpose: `(J).det * (M).det * (J).det = ...`. Let me redo:
- `(Jᵀ * M * J).det` — parsed as `((Jᵀ * M) * J).det`.
- det_mul: `(Jᵀ * M).det * J.det`
- det_mul: `(Jᵀ.det * M.det) * J.det`
- det_transpose: `(J.det * M.det) * J.det`
- det_jacobianOf: `(fdet * M.det) * fdet`
RHS: `fdet^2 * M.det`.
`ring` closes. 

Now let me also fix the unused variable warning (hy) — fine, warnings ok. Actually the linter warning at 111:30 is for `metric_transform`'s `hy`? It says variable name `hy` is not explicitly referenced — the `transition_diff`? It's fine (warning only).

Let me apply the edits.
dsh: reasoning:
While that compiles, let me think about the model instance and the IBP consumption, and check the `ChartDiffeomorphism` / linear diffeo API.

Let me look at what's needed for the two-linear-charts model:
- `L : Vec d ≃ₗ[ℝ] Vec d`. Need a `ChartDiffeomorphism d` with ψ = L:
  - smooth: `L` is linear ⇒ `ContDiff ℝ ⊤ (⇑L)`. Lemma: `LinearMap.contDiff`? For `ContinuousLinearMap.contDiff`? The function `⇑L : Vec d → Vec d` is `L.toLinearMap` coerced. There's `LinearMap.contDiff` requiring continuity? In mathlib: `theorem LinearMap.contDiff (f : E →ₗ[𝕜] F) : ContDiff 𝕜 n f`? Since finite-dim, all linear maps are continuous, and there's `LinearMap.contDiff` for `[FiniteDimensional]`. Let me check.
  - injective: `L.injective`.
  - surjective: `L.surjective`.
  - fderiv_injective: `∀ x, Function.Injective (fderiv ℝ (⇑L) x)`. `fderiv ℝ (⇑L) x = L.toContinuousLinearMap`? There's `LinearMap.fderiv` / `ContinuousLinearMap.fderiv`. Actually: `fderiv ℝ (fun x => L x) x = L.toContinuousLinearMap` — lemma name `LinearMap.fderiv`? Or `fderiv_linearMap`. Let me grep.

The other direction: for the structure I need `transition 0 1 = ⇑L` and `transition 1 0 = ⇑L.symm`.

Now, the atlas:
```
def LinearOverlapAtlas (L : Vec d ≃ₗ[ℝ] Vec d) (G : ChartMetric d) : OverlapAtlas (Vec d) d where
  chart n := if n = 0 then id else ⇑L
  source _ := univ
  ...
  metric n := if n = 0 then G else G.pullbackMetric (linearChartDiffeomorphism L)
```
Hmm, using `if n = 0` everywhere makes proofs messy (case splits). Cleaner: index by `Fin 2`? But my atlas is ℕ-indexed. Alternative: define the model with a helper "two-chart atlas" whose `chart n = if n = 0 then id else L`; proofs by `rcases eq_or_ne n 0` and simp. It's manageable but there are 6 fields with case splits. 

Alternative: keep ℕ-indexed with charts `chart n := fun x => (n : ℝ) • x`? no.

Alternative cleaner: don't build the concrete model in the main file. Instead, prove the **existence** of the "pullback atlas" from a single chart metric and a chart diffeomorphism: given `G : ChartMetric d` and `H : ChartDiffeomorphism d`, define the atlas with 2 charts (id and H) — still needs if-then-else.

Hmm. Maybe simpler: prove a **two-chart chart-independence corollary** as a theorem about the atlas structure, and then give the model. Or skip the model entirely and instead provide the *general* theorem + one-chart corollary. The "inhabited" requirement: `OverlapAtlas` must be inhabited to show non-vacuity. A trivial inhabitant: `M := Vec d`, all charts = id, metric = Euclidean. That's inhabited but trivial. The `chartMeasure_apply_eq` theorem would then be trivially satisfied. Non-vacuity of the *hypotheses* is what matters: showing that the tensor transformation law is satisfiable with *different* charts on overlapping sources. The `L`-model does that.

Actually, there's a subtlety: with two charts both = id and different metrics, the transform law would fail; with charts id and L and metrics G and Lᵀ G(L·) L it holds. The proof is the real content.

Let me estimate the cost: defining the ℕ-indexed two-chart atlas requires ~6 fields with case analysis. Each case:
- `chart n = if n = 0 then id else ⇑L`, `source n = univ`.
- `isOpen_source`: `isOpen_univ`.
- `measurable_chart n`: `measurable_id` or `L.continuous.measurable` (linear maps are continuous).
- `injOn_chart n`: `injOn_id` / `L.injective.injOn`.
- `cover`: `iUnion` of images = univ because chart 0 = id covers everything: `by rw [← Set.univ_subset_iff]; ...` Actually `(⋃ n, chart n '' univ) = univ` — show `univ ⊆ ⋃ n, ...` by `intro x; exact mem_iUnion.mpr ⟨0, by simp [chart]⟩`.
- `measurableSet_image n`: `by by_cases h : n = 0 <;> simp [chart, h]` (image of univ under id or L is univ).
- `metric n := if n = 0 then G else G.pullbackMetric H`.
- `transition i j y := if j = 0 then (if i = 0 then y else L.symm y) else (if i = 0 then L y else y)`. Hmm: transition i j maps j-coords to i-coords: if j = 0 (chart j = id) and i = 0: y; if j=0, i=1: chart i = L so we need L(τ y) = y ⇒ τ y = L.symm y. If j=1 (chart j = L) and i = 0: τ y = L y. If j=1,i=1: y.
  Compact definition: `transition i j y := if i = 0 then (if j = 0 then y else ⇑L y) else (if j = 0 then ⇑L.symm y else y)`.
- `transition_mem`: all sources are univ → trivial.
- `transition_chart`: case analysis on i,j; each case simplifies: e.g. i=0,j=1: `chart 0 (L y) = L y = chart 1 y` ✓.
- `transition_diff`: each case is either id, L, or L.symm (all differentiable, in fact smooth) — `DifferentiableWithinAt` follows from `ContDiff.differentiable` or `DifferentiableAt.differentiableWithinAt`. With case splits: `by rcases ... <;> simp [transition, chart] <;> exact (contDiff_id.differentiable ...).differentiableWithinAt` etc.
- `metric_transform`: case analysis on (i,j):
  - (0,0): `G.matrix y = Jᵀ * G.matrix y * J` with J = jacobianOf id univ y = 1. Need `jacobianOf id univ y = 1`. 
  - (0,1): `(G.pullbackMetric H).matrix y = Jᵀ * G.matrix (L y) * J` with J = jacobianOf L univ y = jacobianMatrix L y. This is `rfl`-ish if `jacobianOf L univ y` equals `jacobianMatrix L y` and `pullbackMatrix := Jᵀ * G.matrix (L y) * J`.
  - (1,0): `G.matrix y = (jacobianOf L.symm univ y)ᵀ * (G.pullbackMetric H).matrix (L.symm y) * jacobianOf L.symm univ y`. Uses `matrix L.symm * matrix L = 1`.
  - (1,1): same as (0,0) but for the pullback metric: `M y = Jᵀ * M y * J` with J = 1.

  Need lemmas: `jacobianOf_id`, `jacobianOf_linear` (for a linear equivalence), and `jacobianMatrix`-vs-`jacobianOf` bridge.

This is maybe 150-250 lines of fiddly proof. Time: maybe 1-1.5 hours of iterations. Risky given I've used ~1h15m of 4h. 

Alternative cheaper non-vacuity: exhibit an `OverlapAtlas` where the two charts are the identity on different sources covering M = Vec d, with the *same* metric G. Then the transform law is trivial (J = 1). This shows the atlas structure is inhabited with overlapping charts (both charts overlap on the intersection) and that chart-independence is proved for a genuinely overlapping atlas. But the transition is the identity, so the change-of-variables is trivial... Still, it's an honest inhabitant and exercises `chartPiece`/`globalMeasure`. And I can make the *sources* genuinely different (e.g., source 0 = univ, source 1 = some open set) — but then chart 1 doesn't cover all of M; the cover comes from chart 0 anyway. Hmm.

A more interesting cheap model: `chart 0 = id`, `chart 1 = fun x => x + v` (translation), same metric field `G` translated: `metric 1 x = G(x + v)`?? Wait, the metric `metric 1` should be the metric in chart-1 coordinates: if chart 1 = translation by v, then the point is x + v and the metric at that point in the chart-0 coordinates is G(x+v); the coordinate frame is the identity, so `metric 1 x = G (x + v)`. The transform law: `metric 1 y = Jᵀ metric 0 (τ y) J` with τ = transition 0 1 = `fun y => y + v`, J = fderiv τ = 1. So `G (y + v) = 1ᵀ G (y + v) 1` ✓ trivial but requires fderiv of translation = 1 and `jacobianOf (· + v) univ y = 1`. That's a genuine overlapping atlas (two charts both = univ, overlapping completely) with a nontrivial transition (translation) and a nontrivial metric field G. Chart independence gives: `∫⁻_{s} √det G = ∫⁻_{s - v} √det (G(·+v))` — a real translation-invariance statement of the Riemannian measure, proved through the general theorem. That's decent, and much cheaper than the linear L version.

And `metric 1 = fun x => G (x + v)` needs to be a `ChartMetric`: smoothness of `G.g (x + v)` in x (composition with smooth translation) and PosDef. That's easy with `ContDiff.comp` and `posDef := fun x => G.posDef (x + v)`.

Even better: use a general *diffeomorphism* H (D12 `ChartDiffeomorphism`) with `metric 1 = G.pullbackMetric H` (already a ChartMetric!) and `chart 1 = H.ψ`. Then the transform law for (0,1) is by definition of pullbackMetric with `jacobianOf H.ψ univ y = jacobianMatrix H.ψ y`, and for (1,0) we'd need the *inverse* diffeomorphism — but `ChartDiffeomorphism` doesn't carry an inverse. So restrict the model's verification to... hmm, the structure requires the law for ALL i,j including (1,0). That needs the inverse map. So for a general H I'd need an inverse diffeo `H'` with `H'.ψ = H.ψ.symm`-ish and `Function.LeftInverse`/`RightInverse`. That's more structure. The translation case has an explicit inverse (translation by -v) and L has L.symm. 

Let me go with **translation**: charts `id` and `x ↦ x + v`. Actually, note: for translations, `metric 1 x = G (x + v)` and the transition τ (0←1) = `y ↦ y + v`, whose inverse is `y ↦ y - v`. The Jacobian is 1 in both directions. The transform law becomes `G y = 1ᵀ * G y * 1`. Everything trivial except fderiv computations and `jacobianOf` of translations = 1.

Hmm, is this "non-vacuous enough"? It shows the atlas hypothesis is satisfiable with two distinct overlapping charts and a non-constant metric. I think it's fine as a model, and it's cheap. I could also do the linear-equivalence version for extra strength if time permits; the translation model plus the general theorem is likely enough.

Actually wait. There's an even better and cheaper option for a *genuinely different* pair of charts: chart 0 = id on source 0 = univ, chart 1 = id on source 1 = univ, but with **different metrics**? No, the transform law with identity transition forces `metric 1 = metric 0`, so no.

What about chart 1 = translation and metric 1 = G(x+v): the two charts describe the same flat-ish metric and the transitions are nontrivial (translation), and the measures agree. Good.

Hmm, but here's a thought: the *real* mathematical content of the atlas hypothesis is the cancellation `|det J| · ρ(τ y) = ρ_j(y)`. With translations, det J = 1, so the cancellation is trivial. With a linear L, det J = det L ≠ 1, so the cancellation is the real Jacobian formula. That's the more convincing model. The cost is the (1,0) direction requiring `toMatrix L * toMatrix L⁻¹ = 1`-style algebra.

Let me consider a middle ground: a **scaling** chart: `chart 1 x = c • x` for `c ≠ 0`. Transition τ (0←1) = `c • y`, J = c • 1, determinant = c^d ≠ 0. Metric 1 x = `c² • G (c x)` (from the tensor law: Jᵀ G(cx) J = c² G(cx) for J = c•1). Then the density transform gives `ρ_1(y) = √(c^{2d} det G(cy)) = |c|^d ρ_0(cy)` and the chart-independence becomes `∫⁻_{s} ρ_0 = ∫⁻_{c⁻¹ s} |c|^d ρ_0(c y) dy` — the genuine Jacobian formula with a nontrivial determinant! And the algebra is simpler than a general linear map: all matrices are scalar multiples of the identity. The transition (1,0) is `y ↦ c⁻¹ • y`, J = c⁻¹ • 1, and `Jᵀ * metric 1 (c⁻¹ y) * J = (c⁻¹)² * c² * G(y) = G(y)`. Requires `c ≠ 0`.

This is a nice, cheap, genuinely nontrivial model: a dilation chart pair. `ChartMetric` for metric 1: `g x i j = c^2 * G.g (c • x) i j` — smooth, PosDef (since `c² > 0` and G PosDef: need `Matrix.PosDef` of `c² • M`, lemma `Matrix.PosDef.smul`?).

Hmm, still needs some matrix lemmas: `jacobianOf (fun y => c • y) univ y = c • 1` and `.det (c • 1) = c ^ d`. And `metric 1` PosDef. Let me check available lemmas: `Matrix.PosDef.smul` (for `0 < c`), `Matrix.det_smul` (`det (c • A) = c ^ card * det A`) — `Matrix.det_smul` exists. Or since metric 1 = `c^2 • G(cx)`, `det (c^2 • M) = (c^2)^d * det M`. With `d` the dimension. Then the density transform works out.

Actually, if I define `metric 1 x := fun i j => c^2 * G.g (c • x) i j`, then `matrix = c^2 • G.matrix (c • x)`, so `det = (c^2)^d * det G(cx)` and `sqrt = |c^2|^{d/2}...` hmm: `sqrt ((c^2)^d * det G) = sqrt ((c^2)^d) * sqrt (det G)` = `|c|^d * ρ_0`, using `Real.sqrt_pow` or `Real.sqrt_sq`. Manageable.

But then the transform law requires `jacobianOf (c • ·) univ y = c • 1` (as matrices) and `(c•1)ᵀ * (c² • G) * (c•1) = c² • G` (fine: (c•1)ᵀ = c•1, product = c² * ... ). 

Alternatively I can state the transform law proof directly in terms of `fderivWithin` matrices. Let me define the transition as `fun y => c • y` and prove `jacobianOf (fun y => c • y) univ y = c • 1`:
- `jacobianOf ψ univ y = LinearMap.toMatrix b b ((fderivWithin ℝ ψ univ y).toLinearMap)`.
- `fderivWithin ℝ (fun y => c • y) univ y = fderiv ℝ (fun y => c • y) y = c • ContinuousLinearMap.id` via `fderiv_fun_const_smul`/`fderiv_smul_const`? There's `fderiv_const_smul` or `ContinuousLinearMap.fderiv`... For `fun y => c • y` = `c • id`, derivative = `c • 1`: lemma `fderiv_fun_smul`? There's `fderiv_const_smul` maybe. Or use `HasFDerivAt.const_smul`. Alternatively: `(fun y => c • y) = (c • LinearMap.id)` and use `fderiv` of a continuous linear map: `ContinuousLinearMap.fderiv`? Then `toMatrix b b ((c • 1).toLinearMap) = c • 1` via `map_smul`.

OK, still fiddly. Let me time-box the model to ~45 min after the core compiles.

Alternatively — maybe the cleanest "model" is simply to *instantiate the atlas with a single chart* (identity) plus the pullback of a general `ChartDiffeomorphism` restricted... no, inverse problem.

Hmm, hold on. Reconsider: do I even need the (i,j) law for all pairs, including both directions? The chart-independence theorem needs the law for the pair (i,j) in the direction used: `chartMeasure_apply_eq μ i j` uses `density_transform i j` with `τ = transition i j` mapping j-coords to i-coords. For a *symmetric* use, we need both directions only if we want `chartMeasure_apply_eq` for both orders; the theorem as stated is symmetric in the sense that it takes both i and j and proves equality, so it needs `transition i j` and its law. For j,i it needs the other. Fine — the structure has both.

I could weaken the structure to only require the law for a chosen orientation? Not natural.

OK: decision: implement the **dilation model** (`chart 0 = id`, `chart 1 = y ↦ c • y`, `c ≠ 0`) — cheap-ish, nontrivial Jacobian. If it proves too slow, fall back to translation, or to a trivial single-chart inhabitant.

Let me check on the compile job first.

Actually, one more important thing to verify: `ChartMetric` requires `smooth : ∀ i j, ContDiff ℝ ⊤ (fun x => g x i j)` — wait, the file said `ContDiff ℝ ⊤` in the structure but the docstring says C². Line 67: `smooth : ∀ i j, ContDiff ℝ ⊤ (fun x : Vec d => g x i j)`. Good, C^∞.

Let me check the job output now.
dsh: reasoning:
Good, only a few errors left:

1. Line 138: `A.det_jacobianOf` — invalid field notation because `det_jacobianOf`'s `A` parameter: the lemma is declared inside `namespace OverlapAtlas` with `variable {d : ℕ} (A : OverlapAtlas M d)`; the lemma `det_jacobianOf (ψ) (s) (y)` doesn't mention A in its type, so `A` is not a parameter (Lean removed the unused explicit variable). Hence `A.det_jacobianOf` fails. Fix: call it as `det_jacobianOf ψ s y` (without A).

2. Line 237: `rw [hyeq]` in the `hyS` proof: goal `y ∈ A.chart j ⁻¹' s`; `rw [hyeq]` fails because hyeq : `A.chart j y = A.chart i z` is not a syntactic subterm? The goal is `y ∈ A.chart j ⁻¹' s` which unfolds to `A.chart j y ∈ s` — `rw` might not unfold the preimage membership. Use `show A.chart j y ∈ s; rw [hyeq]; exact hzs`.

3. Line 265: the pointwise congruence after CoV: the goal is a function equality at `y` — actually the issue is the `rw [mul_comm, ...]` failing because the target is `(fun x => ...) y = (fun y => ...) y` — need `simp only []`/`beta_reduce` or `change` to beta-reduce first. Actually the error says "Did not find an occurrence of the pattern ?a * ?b", because the LHS is still a lambda application. Fix: add `simp only` (beta) or use `show` to state the goal explicitly. Let me use:
```
  intro y hy
  show ENNReal.ofReal |(fderivWithin ℝ (A.transition i j) (overlapOf A.chart A.source i j) y).det|
      * ENNReal.ofReal (A.density i (A.transition i j y)) = ENNReal.ofReal (A.density j y)
  rw [mul_comm, ← ENNReal.ofReal_mul (abs_nonneg _), ← A.density_transform i j y (hover y hy)]
```
Note the CoV output order: `ofReal |det| * g (f y)` — yes, matches.

Hmm wait, is `det_jacobianOf` maybe better stated with the A argument? No, just call it as `det_jacobianOf`.

Let me also double check the earlier `himg` proof passed (no errors reported for lines ~230). And chartMeasure_apply passed. Good.

Let me fix these three.
dsh: reasoning:
While waiting, let me prepare the next pieces. Let me think about the IBP consumption module and check the API for the translation/dilation model.

Actually, let me first check how long each compile takes — the log has `time` output. Let me wait for the job.

Meanwhile, let me draft the second file: `Poincare/D13/ManifoldIBP/GlobalIBP.lean` — the weighted IBP on the global measure for data supported in a single chart. To do that I need:
1. `A.globalMeasure μ` (from GlobalMeasure).
2. A manifold function `F : M → ℝ` (drift) and functions `u v : M → ℝ`.
3. The weighted measure `ν := (A.globalMeasure μ).withDensity (fun m => ENNReal.ofReal (Real.exp (-(F m))))`.
4. If `v` is supported in `A.chart i '' A.source i`, then
   `∫ m, (Δ_f^M u m) * v m ∂ν = - ∫ m, gradInnerM u v m ∂ν`
   where `Δ_f^M u (chart i x) := (metric i).driftLaplacian (fun y => F (chart i y)) (fun y => u (chart i y)) x` etc.

The transfer: `∫_M g ∂ν = ∫_x g(chart i x) e^{-F(chart i x)} ρ_i(x) dx` for `g` supported in the chart image. To prove this I need:
`∫ m, g m ∂(globalMeasure.withDensity w) = ∫ x, g (chart i x) * w (chart i x) * ρ_i x ∂volume`, given `g` supported in `chart i '' source i` and `w` measurable.

Steps:
- `integral_withDensity_eq_integral_smul₀` (as in DisjointModel) to move the weight: `∫ m, g m ∂(μ_g.withDensity w) = ∫ m, w m • g m ∂μ_g` (with `w : M → ℝ≥0∞`).
- Then express the Bochner integral w.r.t. `μ_g` as the chart integral. Since `μ_g` and `chartMeasure μ i` agree on sets inside the chart image, and the integrand is supported there, we can use `Measure.restrict` equality: I proved `globalMeasure_eq_chartMeasure_of_cover` only for the covering case. Let me instead prove a **restriction theorem**:

`theorem globalMeasure_restrict_eq_chartMeasure (μ) [IsAddHaarMeasure μ] (i) :
    (A.globalMeasure μ).restrict (A.chart i '' A.source i) = (A.chartMeasure μ i).restrict (A.chart i '' A.source i)`

Proof: `Measure.ext` on measurable `t`: LHS `= A.globalMeasure μ (t ∩ S)` and RHS `= A.chartMeasure μ i (t ∩ S)`, where `S = chart i '' source i`; both equal the same lintegral by `globalMeasure_apply_chart` and `chartMeasure_apply`, with `t ∩ S ⊆ S`. Needs `A.measurableSet_image i` and `hs`. Requires `[μ.IsAddHaarMeasure]` (for globalMeasure_apply_chart). 

This restriction theorem is a clean interface result and it's the key to transferring integrals of chart-supported functions. Then:
- `∫ m, g m ∂(A.globalMeasure μ) = ∫ m in S, g m ∂(A.globalMeasure μ)` if `g` supported in S (use `integral_eq_integral_of_forall_compl_eq_zero`? There's `setIntegral_eq_integral_of_forall_compl_eq_zero` or `integral_eq_setIntegral`...). Actually there are lemmas: `MeasureTheory.integral_eq_integral_of_forall_compl_eq_zero`? Let me look for the standard: if `∀ x ∉ s, f x = 0` then `∫ x, f x ∂μ = ∫ x in s, f x ∂μ`. That's `integral_eq_setIntegral`? Hmm, might need measurability/integrability. There's `setIntegral_eq_integral_of_forall_compl_eq_zero (h : ∀ x ∉ s, f x = 0) : ∫ x in s, f x ∂μ = ∫ x, f x ∂μ` maybe with `IntegrableOn`/`Integrable` conditions.
- Then `∫ m in S, g m ∂(A.globalMeasure μ) = ∫ m in S, g m ∂(A.chartMeasure μ i)` by the restriction theorem.
- Then `∫ m in S, g m ∂(A.chartMeasure μ i) = ∫ x, g (chart i x) * ρ_i x` — via `Measure.map`: `∫ m, g m ∂(Measure.map (chart i) ν) = ∫ x, g (chart i x) ∂ν` (needs `AEMeasurable` / `StronglyMeasurable`). Then `ν = (volume.restrict source).withDensity (ofReal ∘ ρ_i)` and `∫ x, g(chart i x) ∂ν = ∫ x, g(chart i x) * ρ_i x` (via `integral_withDensity_eq_integral_smul₀` and `integral_riemannianMeasure_eq`-like conversion; note the D12 `ChartMetric.riemannianMeasure` is `volume.withDensity (density.toNNReal)` and `(metric i).density` is the real density).

This is a decent chunk of measure theory but mostly standard. The alternative is to avoid Bochner integrals and state the IBP in `lintegral`/nonnegative form — but the D12 chart IBP is a Bochner-integral identity. Hmm.

Actually, maybe a *much* cheaper consumption: use the **chart-support decomposition of the global measure in the lintegral sense** to state the "global volume formula" and then use `A.globalMeasure_apply_chart` itself as the consumed interface. The U7 milestone's key deliverable is the *measure*; the IBP on it is a bonus. Given ~2.5h remaining and the model instance pending, let me prioritize:

P0: core module compiling + audit (in progress).
P1: model instance (dilation atlas) — demonstrates non-vacuity + chart-independence on a nontrivial Jacobian.
P2: `globalMeasure_restrict_eq_chartMeasure` (cheap, valuable) + a `weighted IBP on chart-supported data` if time.
P3: results/checkpoint updates, full build, audit.

Let me think about the dilation model in detail now, and check the compile.

Actually — wait. There might be a much better way to get non-vacuity *and* a nontrivial instance: use D12's `pullbackMetric` with a `ChartDiffeomorphism` whose inverse is explicitly available. I can define the model as: charts indexed by `n : ℕ` with `chart 0 = id` and `chart 1 = H.ψ` where `H : ChartDiffeomorphism d` **and** `H' : ChartDiffeomorphism d` with `H'.ψ = H.ψ.symm`-ish... needs `Function.LeftInverse`. Not simpler.

Dilation: transition maps are `y ↦ c • y` and `y ↦ c⁻¹ • y`. The metric for chart 1: `G₁ := fun x i j => c^2 * G.g (c • x) i j`.

Let me now think about how to prove things cleanly with the existing `ChartMetric` API. `metric 1 = { g := fun x i j => c^2 * G.g (c • x) i j, smooth := ..., posDef := ... }`.

- smooth: `ContDiff ℝ ⊤ (fun x => c^2 * G.g (c • x) i j)` := `contDiff_const.mul ((G.smooth i j).comp (contDiff_const_smul c))` where `contDiff_const_smul` maybe is `contDiff_const_smul`/`ContDiff.const_smul`. For the map `x ↦ c • x`: `contDiff_const_smul c`? There's `contDiff_const_smul` : `ContDiff 𝕜 n fun x => c • x`? Let me grep.
- posDef: `(c^2) • G.matrix (c • x)` PosDef from `G.posDef (c • x)` and `0 < c^2`. Lemma `Matrix.PosDef.smul`? Let me grep: `Matrix.PosDef.smul` exists? There's `Matrix.PosDef.smul` maybe requiring `0 < r`. Let me check.

Rather than `c^2 * ...`, maybe define `metric 1 x i j = G.g (c • x) i j * (c * c)`. Same thing.

The transform law for (0,1): `metric 1 y = Jᵀ * metric 0 (c•y) * J` with `J = jacobianOf (fun y => c • y) univ y = c • 1`. LHS matrix = `(c*c) • G.matrix (c•y)`; RHS = `(c•1)ᵀ * G.matrix (c•y) * (c•1) = (c • 1) * G.matrix (c•y) * (c • 1) = c^2 • G.matrix (c•y)` (using `Matrix.smul_mul`, `Matrix.mul_smul`, `Matrix.one_mul`, `Matrix.mul_one`, and `smul_smul`). So I need `jacobianOf (fun y => c • y) univ y = c • 1`.

Proof of `jacobianOf`: 
```
lemma jacobianOf_const_smul (c : ℝ) (y : Vec d) :
    jacobianOf (fun z : Vec d => c • z) univ y = c • (1 : Matrix (Fin d) (Fin d) ℝ) := by
  rw [jacobianOf]
  have hderiv : fderivWithin ℝ (fun z : Vec d => c • z) univ y = c • ContinuousLinearMap.id ℝ (Vec d) := by
    rw [fderivWithin_univ]
    exact ? -- fderiv_const_smul / HasFDerivAt
  rw [hderiv]
  ext i j
  simp [LinearMap.toMatrix_apply, Pi.basisFun_apply]
```
For the derivative: `(hasFDerivAt_const_smul ...)`. In mathlib: `HasFDerivAt.const_smul`? For the function `fun z => c • z`, it's `c • (ContinuousLinearMap.id)`. There's a simp lemma `fderiv_const_smul`? Let me grep for "fderiv.*const_smul" and "hasFDerivAt_const_smul".

Hmm — but actually, do I even need this at the matrix level? The metric_transform field for (0,1) needs `(metric 1).matrix y = (jacobianOf ...)ᵀ * (metric 0).matrix (c•y) * jacobianOf ...`. With `jacobianOf = c • 1` and the metric 1 def, `Matrix.ext` + `simp [Matrix.mul_apply, Matrix.transpose_apply, Finset.sum_apply, ...]` might just close it after `simp [jacobianOf_const_smul]`. We can push `simp only [jacobianOf_const_smul]` then `ext i j; simp [Matrix.mul_apply, ...]; ring`. Since the matrices are `c^2 • M`: `((c•1)ᵀ * M * (c•1)) i j = ∑_k (c*1) k i... ` hmm, `(c • 1) i k = if i = k then c else 0`, so the double sum collapses to `c * M i j * c`. `simp [Matrix.mul_apply, Matrix.transpose_apply, Matrix.one_apply]` + `ring` should do it. Let me write a general helper lemma:

```
lemma smul_one_transpose_mul_smul_one (c : ℝ) (M : Matrix (Fin d) (Fin d) ℝ) :
    (c • 1)ᵀ * M * (c • 1) = (c * c) • M := by
  ext i j
  simp [Matrix.mul_apply, Matrix.transpose_apply, Matrix.one_apply]
  ring
```
Hmm, the sum: `∑ k, (c • 1) k i * (∑ l, M k l * (c • 1) l j)`. `simp` with `Matrix.one_apply` and `Finset.sum_ite_eq`... might need `Finset.sum_eq_single`. Alternatively use matrix algebra lemmas: `(c • 1)ᵀ = c • 1` (`Matrix.transpose_smul`, `Matrix.transpose_one`), then `(c • 1) * M = c • (1 * M) = c • M` (`Matrix.smul_mul`, `Matrix.one_mul`), then `(c • M) * (c • 1) = c • (M * (c • 1)) = c • (c • (M * 1)) = (c*c) • M` (`Matrix.mul_smul`, `Matrix.mul_one`, `smul_smul`). There are lemmas `Matrix.smul_mul`, `Matrix.mul_smul`, `Matrix.transpose_smul`, `Matrix.transpose_one`, `Matrix.one_mul`, `Matrix.mul_one`. That's a clean proof:
```
  rw [Matrix.transpose_smul, Matrix.transpose_one, Matrix.smul_mul, Matrix.one_mul,
      Matrix.mul_smul, Matrix.mul_one, smul_smul]
```
For (1,0): `J = jacobianOf (fun y => c⁻¹ • y) univ y = c⁻¹ • 1`. Need `(c⁻¹•1)ᵀ * metric 1 (c⁻¹•y) * (c⁻¹•1) = G.matrix y`. `metric 1 (c⁻¹•y) = (c*c) • G.matrix (c • (c⁻¹ • y)) = (c*c) • G.matrix y` (using `smul_smul`, `mul_inv_cancel`). Then the product = `(c⁻¹ * (c*c) * c⁻¹) • G.matrix y = 1 • G.matrix y = G.matrix y` — needs `c ≠ 0` and `ring` on the scalar. With the general lemma `smul_one_transpose_mul_smul_one (c⁻¹) ((c*c) • M) = (c⁻¹ * (c*c) * c⁻¹) • M` and then `← smul_smul`, `show c⁻¹ * (c*c) * c⁻¹ = 1 by field_simp; ring`, `one_smul`. Requires `hc : c ≠ 0`. Manageable.

But this is all in service of `metric_transform` for the specific model. Plus the general structure fields (chart, source, cover, transitions, etc.). It's maybe 120 lines. Let's estimate 40-60 min of iteration. Hmm.

Let me reconsider the value: the task says "Construct the manifold integration-by-parts layer and the Riemannian volume form on the release mathlib pin, discharging the F/W/mu certificate hypotheses (I4, U7)". The core deliverable is the overlapping-atlas global Riemannian measure (U7-global). An inhabited model strengthens non-vacuity but is secondary. And a *consumption* (IBP on the global measure) is required by "produce a checked HeatKernelBridge-style consumption by the D4/D7 certificate interfaces" — but that's already satisfied via the chart-level instantiation from invocation 3 (the certificate consumption is on the Euclidean chart). For the new U7-global work, the natural "downstream checked use" is `globalMeasure_apply_chart` itself (consumed by `globalMeasure_restrict_eq_chartMeasure`) plus the model.

Priority ranking given ~2h45m left (need ~30 min for results/checkpoint/build at the end):
1. Core module compiles (now).
2. `globalMeasure_restrict_eq_chartMeasure` + a chart-supported integral transfer (lintegral version) — the "checked use".
3. Model (dilation atlas) — if time.
4. Results/checkpoint/full build/audit.

Let me check the compile job now.
dsh: reasoning:
Great progress! The core theorems `chartMeasure_apply` and `chartMeasure_apply_eq` apparently now compile (the axiom prints at the end show det_jacobianOf and det_matrix_transform). Remaining errors:

1. Line 268: `rw [mul_comm, ← ENNReal.ofReal_mul (abs_nonneg _), ...]`. After `mul_comm`, the goal is `ofReal (density i τ) * ofReal |det| = ofReal (density j)`. `← ENNReal.ofReal_mul (abs_nonneg _)` — the lemma `ENNReal.ofReal_mul` states `ofReal (a * b) = ofReal a * ofReal b` with hypothesis `0 ≤ a`. Backwards, it rewrites `ofReal ?a * ofReal ?b` into `ofReal (?a * ?b)`, requiring `0 ≤ ?a` where `?a` is the *first* factor. Here the first factor is `ofReal (density i τ)`, so it needs `0 ≤ density i τ`. I passed `abs_nonneg _` which is `0 ≤ |det|` — wrong hypothesis. Since I applied `mul_comm` first, the order changed. Let me instead not use mul_comm first, and use the hypothesis `A.density_nonneg i (τ y)`:
```
  rw [← ENNReal.ofReal_mul (A.density_nonneg i (A.transition i j y))]
```
starting from `ofReal (density i τ) * ofReal |det|`? Wait the goal is `ofReal (density i τ) * ofReal |det| = ofReal (density j)`. Hmm, but the CoV output was `ofReal |det| * ofReal (density i τ)`, and after `mul_comm` it's `ofReal (density i τ) * ofReal |det|`. `← ENNReal.ofReal_mul (A.density_nonneg ...)` rewrites `ofReal (density i τ) * ofReal |det|` → `ofReal (density i τ * |det|)`, needing `0 ≤ density i τ`. ✓. Then `← A.density_transform` gives RHS. 

Actually careful: `ENNReal.ofReal_mul : 0 ≤ a → ofReal (a * b) = ofReal a * ofReal b`. So `← ENNReal.ofReal_mul (h : 0 ≤ a)` rewrites `ofReal a * ofReal b` → `ofReal (a * b)`. Yes.

Alternatively, skip `mul_comm` and use the transform law in the other order: goal `ofReal |det| * ofReal (density i τ) = ofReal (density j)`; `← ENNReal.ofReal_mul (abs_nonneg _)` gives `ofReal (|det| * density i τ)`; then `rw [mul_comm]` inside gives `ofReal (density i τ * |det|)`; then `← density_transform`. That's the original approach but requires the `rw [mul_comm]` to happen inside the `ofReal`. Simpler: keep `mul_comm` at the start but use the right hypothesis:
```
  rw [mul_comm, ← ENNReal.ofReal_mul (A.density_nonneg i (A.transition i j y)),
    ← A.density_transform i j y (hover y hy)]
```

2. Line 283: `Pairwise (Disjoint on A.chartPiece)` — "Disjoint on A.chartPiece has type Prop but expected ?m.3 → ?m.3 → Prop". The issue: `A.chartPiece` as a function needs eta-expansion: `Pairwise (Disjoint on (fun n => A.chartPiece n))`. The notation `(f on g)` requires `g` to be a function; `A.chartPiece` is a def with parameter `n` (implicit A) — Lean sees `A.chartPiece` as a function already... Actually the error says `Disjoint on A.chartPiece` has type Prop — meaning it parsed as `Disjoint on A.chartPiece` where `Disjoint` is evaluated... Hmm, `Disjoint on f` notation is `Function.onFun Disjoint f`? The error suggests it inferred `A.chartPiece` as a single set (applied to the implicit `A` only, not to `n`). Because `A.chartPiece` has type `ℕ → Set M`, but maybe the field notation elaborated `A.chartPiece` to `A.chartPiece` with `n` implicit?? Since `chartPiece (A) (n : ℕ)`: field notation `A.chartPiece` should give `fun n => chartPiece A n`. Hmm, but the error says the argument has type Prop... Oh! The problem might be that `Pairwise` expects `α → α → Prop` and `Disjoint on A.chartPiece` — `on` might not be in scope/notation? Error at line 306 says "Unknown identifier `on`" — so the `on` notation isn't available (it's `Function.onFun` notation `on`, maybe requires `open Function`? The `on` notation is defined in `Function` scoped? Let me check how other files use `Pairwise (Disjoint on ...)`. Upstream used it. The notation may need `open scoped Function` or it's in the `Function` namespace as a scoped notation. Let me grep mathlib for the notation declaration.

In mathlib, `on` is notation: `infixl:80 " on " => Function.onFun` inside `namespace Function`? And there's `open scoped Function` maybe. Let me check.

3. Line 306: same `on` issue.

4. Line 326: `chartMeasure_smul`: `Measure.map_smul` leaves an AEMeasurable goal? The error `case hf ⊢ AEMeasurable (A.chart i)...` — the rewrite `Measure.map_smul` produced a side goal about AEMeasurable. At this pin, `Measure.map_smul` might be stated as `(c • μ).map f = c • μ.map f` requiring... hmm. Actually the goal `AEMeasurable (A.chart i) (...)` suggests `Measure.map_smul` needs a measurability hypothesis (the new mathlib's `Measure.map_smul` may require `AEMeasurable f μ`). Let me check its signature.

Let me check where `on` is and `Measure.map_smul`. Also check `Measure.restrict_smul` and `withDensity_smul_measure` names.

Let me grep.
dsh: reasoning:
1. `on` is `scoped infixl:2 " on " => onFun` in `Mathlib/Logic/Function/Defs.lean`. Need `open scoped Function`. Let me add that.

2. `Measure.map_smul (c) (hf : AEMeasurable f μ)` — requires AEMeasurable. So in `chartMeasure_smul`, provide the AEMeasurable argument: `Measure.map_smul c hae` where `hae : AEMeasurable (A.chart i) (μ.restrict (A.source i))`. Let me restructure:

```
theorem chartMeasure_smul (μ : Measure (Vec d)) [μ.IsAddHaarMeasure] (i : ℕ) (c : ℝ≥0∞) :
    A.chartMeasure (c • μ) i = c • A.chartMeasure μ i := by
  have hae : AEMeasurable (A.chart i) (μ.restrict (A.source i)) :=
    (A.measurable_chart i).aemeasurable
  unfold chartMeasure
  rw [Measure.restrict_smul, MeasureTheory.withDensity_smul_measure]
  rw [MeasureTheory.Measure.map_smul _ hae]
```
Hmm, the LHS after unfolding: `Measure.map (chart i) (((c • μ).restrict source).withDensity d)`. `Measure.restrict_smul : (c • μ).restrict s = c • μ.restrict s` (check direction/name). Then `withDensity_smul_measure r f : (r • μ).withDensity f = r • μ.withDensity f`. Then `Measure.map_smul c hae : (c • ν).map f = c • ν.map f` with `ν = (μ.restrict source).withDensity d`; need `AEMeasurable (chart i) ν` — which follows from `hae.mono_ac (withDensity_absolutelyContinuous _ _)`. So:

```
  have hae' : AEMeasurable (A.chart i) ((μ.restrict (A.source i)).withDensity fun y => ENNReal.ofReal (A.density i y)) :=
    hae.mono_ac (withDensity_absolutelyContinuous _ _)
  unfold chartMeasure
  rw [Measure.restrict_smul, MeasureTheory.withDensity_smul_measure,
    MeasureTheory.Measure.map_smul _ hae']
```
Careful: after `withDensity_smul_measure`, the measure is `c • ((μ.restrict source).withDensity d)` and `Measure.map_smul` applies. ✓

3. The `Pairwise (Disjoint on ...)` needs `open scoped Function`.

Let me apply these fixes.

Also, the `hae'` in `chartMeasure_apply` gave no error, good.

Let me patch and recompile. Compile takes ~4-6 minutes it seems (the log had `time` output — let me check it). Let me look at the timing to plan.
dsh: reasoning:
Oh! The compile itself is only 5 seconds (the `real 0m5.329s` from the `time` — wait, that seems too fast for a Mathlib import. Perhaps the olean loading is cached in the OS page cache, or `lake env lean` uses the precompiled Mathlib olean efficiently. Anyway, great: compile cycles are fast (5s). The earlier long runs were due to the error flood (autoImplicit).

Excellent. That changes my time budget substantially — I can iterate quickly.

Let me recompile.
dsh: reasoning:
The core module compiles: **all 9 declarations**, axioms clean (propext, Classical.choice, Quot.sound). This closes the mathematical heart of U7-global: chart-independence of the Riemannian measure on an overlapping atlas + the global glued measure + the interface theorem.

Let me save a checkpoint right away (we're ~1h45m in), then continue with:
- `globalMeasure_restrict_eq_chartMeasure`
- the dilation model (inhabitant)
- integrate into `Poincare/D13.lean` / `ManifoldIBP.lean` and the audit
- full build
- results

Let me first check how `ManifoldIBP.lean` and `D13.lean` aggregate modules, so I can add the import.

Then write the checkpoint.

Let me look at D13.lean and ManifoldIBP.lean.
dsh: reasoning:
Wait, the checkpoint's `updated_at_utc` was 2026-09-11T06:48:11Z and now it's 07:05Z — only 17 minutes elapsed since the last checkpoint. But my session says the invocation is limited to 4 hours; there may be a difference between the checkpoint timestamps (the invocation started around 06:12 per the results file? no, that was invocation 3). Hmm, actually the current time is 07:05Z, and the last checkpoint was at 06:48Z. So invocation 4 started around ~06:50Z. I'm ~15 minutes in, not 1h45m! I misjudged — my earlier estimate of elapsed time was based on nothing. Good: I have plenty of time (until ~10:50Z).

Wait, but the file listing earlier showed `checkpoint.json` modified Sep 11 14:48 (local time) and `release` Sep 11 14:46. The `date -u` gives 07:05Z. So local time is UTC+8. The invocation started around 14:50 local = 06:50Z. So I'm ~15 min in. Excellent — I have nearly 4 hours. Let me use the time well:

1. ✅ Core GlobalMeasure.lean (15 min!)
2. Model instance (dilation atlas) — non-vacuity.
3. `globalMeasure_restrict_eq_chartMeasure` + integral transfer + possibly IBP consumption.
4. Wire into D13.lean/ManifoldIBP.lean/Audit.lean, full build.
5. Results + checkpoint updates.

Let me first update the checkpoint with the new module (quick), then continue.

Actually, let me not spend time on checkpoint now (only 17 min since last). The instruction says at least every 30 minutes. I'll do it after the next milestone (model + restrict theorem), around 07:20Z.

Let me now write the next chunk: the restriction theorem and integral transfer, plus the model. Let me think about which adds most value:

**A. Restriction theorem + chart-supported integral transfer** — makes the global measure usable (a "checked downstream use").
**B. Model (dilation atlas)** — non-vacuity.

Both are valuable. A is more central to "checked consumption". Let me do A first, then B.

For A, let me plan the statements:

```
/-- The global measure restricted to a chart image is the chart measure restricted to it. -/
theorem globalMeasure_restrict_eq_chartMeasure (μ : Measure (Vec d)) [μ.IsAddHaarMeasure]
    (i : ℕ) :
    (A.globalMeasure μ).restrict (A.chart i '' A.source i)
      = (A.chartMeasure μ i).restrict (A.chart i '' A.source i) := by
  apply Measure.ext
  intro s hs
  rw [Measure.restrict_apply hs, Measure.restrict_apply hs]
  exact A.globalMeasure_apply_chart μ i (hs.inter (A.measurableSet_image i))
    (fun _ hz => hz.2) ... 
```
Hmm: `Measure.restrict_apply hs`: `μ.restrict S s = μ (s ∩ S)`. Then `globalMeasure_apply_chart μ i (hs.inter (A.measurableSet_image i)) (fun x hx => hx.2)` gives `= ∫⁻ ...`; and `chartMeasure_apply μ i (...)`. ✓ Note: `s ∩ S ⊆ chart i '' source i` ✓.

Then the lintegral transfer:
```
theorem lintegral_globalMeasure_eq_of_support_subset_chart (μ) [IsAddHaarMeasure μ] (i)
    {g : M → ℝ≥0∞} (hsub : ∀ m ∉ A.chart i '' A.source i, g m = 0) :
    ∫⁻ m, g m ∂(A.globalMeasure μ)
      = ∫⁻ y in A.chartPreimage i (A.chart i '' A.source i), g (A.chart i y) * ENNReal.ofReal (A.density i y) ∂μ
```
Hmm, simpler and cleaner: state the chart formula for the global measure of a *chart-supported* lintegral:
```
theorem lintegral_globalMeasure_eq_chart (μ) [IsAddHaarMeasure μ] (i) {g : M → ℝ≥0∞}
    (hsub : ∀ m ∉ A.chart i '' A.source i, g m = 0) :
    ∫⁻ m, g m ∂(A.globalMeasure μ)
      = ∫⁻ y, g (A.chart i y) * ENNReal.ofReal (A.density i y) ∂(μ.restrict (A.source i))
```
Hmm, deriving this from the restriction theorem:
`∫⁻ m, g m ∂μ_g = ∫⁻ m in S, g m ∂μ_g` (since g vanishes off S; lemma `lintegral_eq_lintegral_of_forall_compl_eq_zero`? maybe `setLIntegral_eq_lintegral`...). Then use measure equality to replace `μ_g.restrict S` with `chartMeasure μ i |>.restrict S`, then `chartMeasure` is `Measure.map (chart i) ((μ.restrict source).withDensity ...)` restricted to S — since chart i maps source onto S, `chartMeasure μ i |>.restrict S = chartMeasure μ i` (support), and the lintegral against a map measure is the lintegral of the composition (`lintegral_map`). Then against withDensity: `∫⁻ y, h y ∂(ν.withDensity w) = ∫⁻ y, h y * w y ∂ν`.

Alternatively, an even simpler consumption avoiding all this: state the version for sets:
```
theorem globalMeasure_apply_chart_eq_chartMeasure (i) {s} (hs) (hsi) :
    A.globalMeasure μ s = A.chartMeasure μ i s
```
That's a direct corollary of the two apply theorems — cheap. But the "usable interface" is `globalMeasure_apply_chart` itself.

I think the most valuable additions now (ordered):
1. `globalMeasure_restrict_eq_chartMeasure` (measure-level, cheap, strong).
2. Model instance (non-vacuity) — demonstrates the hypothesis is satisfiable and gives a genuine nontrivial Jacobian cancellation instance.
3. Maybe `lintegral_globalMeasure_eq` for chart-supported g (Bochner version if easy).

Let me do 1 now (quick), then 2.

For the model, let me now write it carefully. Design:

```
namespace OverlapAtlas

/-- The Jacobian matrix of a dilation is a scalar matrix. -/
lemma jacobianOf_const_smul (c : ℝ) (y : Vec d) :
    jacobianOf (fun z : Vec d => c • z) univ y = c • 1 := ...
```

Hmm, what is `fderiv ℝ (fun z => c • z) y`? Let me check the lemma names in the release mathlib: `fderiv_const_smul`, `HasFDerivAt.const_smul`, `hasFDerivAt_const_smul`... Let me grep.

Also for `LinearMap.toMatrix b b (c • 1 : Vec d →ₗ[ℝ] Vec d)`: `Matrix` of `c • LinearMap.id` is `c • 1` since `toMatrix` is linear: `LinearMap.toMatrix_smul`? Maybe just ext/simp.

Let me look for existing lemmas: `fderiv_fun_const_smul`?

Let me grep quickly. Then write the model.

Model structure instance:

```
/-- **A concrete overlapping atlas with a non-trivial Jacobian**: the identity chart and a
dilation chart `x ↦ c • x` with `c ≠ 0`, both with source `univ`, carrying the pullback
metric `c² • G(c • ·)` of a chart metric `G`. The transition Jacobian is `c • 1`, so the
density transforms by the genuine factor `|c|^d`. -/
def dilationAtlas (c : ℝ) (hc : c ≠ 0) (G : ChartMetric d) : OverlapAtlas (Vec d) d where
  chart n := if n = 0 then id else fun x => c • x
  source _ := univ
  isOpen_source _ := isOpen_univ
  measurable_chart n := by
    by_cases h : n = 0
    · simp [h]
    · simp only [h, if_false]; exact (continuous_const_smul c).measurable
  injOn_chart n := by
    by_cases h : n = 0
    · simp [h]
    · simp only [h, if_false]
      intro x _ y _ hxy
      exact smul_right_injective (Vec d) hc hxy  -- or: exact (smul_left_injective ...)
  cover := by
    rw [eq_univ_iff_forall]
    intro x
    exact mem_iUnion.mpr ⟨0, ⟨x, mem_univ x, by simp⟩⟩
  measurableSet_image n := by
    by_cases h : n = 0 <;> simp [h]   -- image univ = univ
  metric n := if n = 0 then G else G.dilationMetric c
  transition i j y := if i = 0 then (if j = 0 then y else c • y) else (if j = 0 then c⁻¹ • y else y)
  transition_mem := by intro i j y hy; simp
  transition_chart := by
    intro i j y hy
    by_cases hi : i = 0 <;> by_cases hj : j = 0 <;> simp [chart, transition, hi, hj, ...]
  transition_diff := ...
  metric_transform := ...
```

Hmm, the `if i = 0` pattern makes `simp` work but the metric_transform case analysis will be verbose. Let me define helper functions to reduce case explosion:

`chartOf (c) (n) : Vec d → Vec d := if n = 0 then id else fun x => c • x`

Actually, since both charts are `id` and `c • ·` and both sources are univ, maybe I can simplify by defining the model with charts indexed by `Bool`-like functions? But the structure is ℕ-indexed.

Alternative idea to reduce the case work: define a general lemma for the model:
- `jacobianOf_id : jacobianOf id univ y = 1`
- `jacobianOf_const_smul : jacobianOf (fun z => c • z) univ y = c • 1`
- `smul_one_conj : (c • 1)ᵀ * M * (c • 1) = (c*c) • M`

And handle the metric_transform with `by_cases` on i,j and `simp` using these.

The metric for chart 1: I need a `ChartMetric d` for `c² • G(c·)`. Let me define:
```
def ChartMetric.dilation (G : ChartMetric d) (c : ℝ) : ChartMetric d where
  g x i j := c^2 * G.g (c • x) i j
  smooth i j := contDiff_const.mul ((G.smooth i j).comp (contDiff_const_smul c))
  posDef x := by
    have h : Matrix.of (fun i j => c^2 * G.g (c • x) i j) = (c^2) • G.matrix (c • x) := rfl?
    rw [h]; exact (G.posDef (c • x)).smul (sq_pos_of_ne_zero hc)
```
Need `Matrix.PosDef.smul` — check.

Hmm, is `Matrix.PosDef.smul` the name? Let me grep. If not, prove PosDef manually: Hermitian part and quadratic form. There might be `Matrix.PosDef.smul` in mathlib. Let me check.

Also `contDiff_const_smul` — check name: `contDiff_const_smul`? There's `ContDiff.const_smul` for a function, and for the map `x ↦ c • x` maybe `contDiff_const_smul` (I recall `contDiff_const_smul` exists: `ContDiff 𝕜 n fun x => c • x`). Let me grep.

Let me check these API names now.
dsh: reasoning:
- `contDiff_const_smul` exists (used in Norm.lean).
- `HasFDerivAt.const_smul`, `fderiv_const_smul` exist.
- `Matrix.PosDef.smul` not found by that grep. Let me search more broadly for PosDef smul lemmas.

For the derivative of `fun z => c • z`:
`(hasFDerivAt_id y).const_smul c` gives `HasFDerivAt (fun z => c • z) (c • 1) y` where `1 = ContinuousLinearMap.id`. Let me check `hasFDerivAt_id` name: `hasFDerivAt_id` exists in mathlib. So:
```
have hd : HasFDerivAt (fun z : Vec d => c • z) (c • ContinuousLinearMap.id ℝ (Vec d)) y :=
  (hasFDerivAt_id y).const_smul c
```
Hmm, `HasFDerivAt.const_smul` requires `[SMul R E]`-ish scalar tower; for ℝ it should be fine.

Then `fderivWithin ℝ (fun z => c • z) univ y = c • 1` via `hd.hasFDerivWithinAt.fderivWithin (uniqueDiffWithinAt_univ)` or `fderivWithin_univ ▸ hd.fderiv`.

For `jacobianOf`:
```
  rw [jacobianOf, hd.fderiv, fderivWithin_univ]
```
Hmm, `jacobianOf ψ s y = LinearMap.toMatrix b b (fderivWithin ℝ ψ s y).toLinearMap`. Rewriting `fderivWithin ℝ ψ univ y` to `c • 1` then computing the matrix. `LinearMap.toMatrix` of `(c • 1).toLinearMap` — is there a simp lemma `LinearMap.toMatrix_smul`? Let me check `LinearMap.toMatrix` API: `toMatrix_smul`? If not, ext + simp:
```
  ext i j
  simp [LinearMap.toMatrix_apply, Pi.basisFun_apply]
```
Let me check `LinearMap.toMatrix_apply`: `(toMatrix b₁ b₂ f) i j = b₂.repr (f (b₁ j)) i`. With `b = Pi.basisFun ℝ (Fin d)`: `b j = Pi.single j 1`, `b.repr v i = v i` via `Pi.basisFun_repr`. D12's `jacobianMatrix_det` proof used `simp [Pi.basisFun_apply]`. Let me write:
```
lemma jacobianOf_const_smul (c : ℝ) (y : Vec d) :
    jacobianOf (fun z : Vec d => c • z) univ y = c • (1 : Matrix (Fin d) (Fin d) ℝ) := by
  have hd : HasFDerivAt (fun z : Vec d => c • z) (c • ContinuousLinearMap.id ℝ (Vec d)) y :=
    (hasFDerivAt_id y).const_smul c
  rw [jacobianOf, hd.fderiv, fderivWithin_univ]
  ext i j
  simp [LinearMap.toMatrix_apply, Pi.basisFun_apply]
```
Hmm — `rw [jacobianOf, hd.fderiv, fderivWithin_univ]`: `hd.fderiv : fderiv ℝ (fun z => c•z) y = c • 1`, and `fderivWithin_univ : fderivWithin ℝ f univ x = fderiv ℝ f x`; order: rewrite fderivWithin → fderiv first, then hd.fderiv. Let me put `rw [jacobianOf, fderivWithin_univ, hd.fderiv]`.

Then the matrix computation: `LinearMap.toMatrix b b ((c • ContinuousLinearMap.id ℝ (Vec d)).toLinearMap) = c • 1`. Is `(c • CLM.id).toLinearMap = c • LinearMap.id` by rfl? Then `LinearMap.toMatrix b b (c • LinearMap.id) = c • LinearMap.toMatrix b b LinearMap.id` (via `map_smul`) = `c • 1` (`LinearMap.toMatrix_one`?). Maybe `simp [LinearMap.toMatrix_apply, Pi.basisFun_apply]` suffices after `ext`.

Also for chart 0 (id): `jacobianOf id univ y = 1`. Similar with `hasFDerivAt_id`.

Now `Matrix.PosDef` of `c² • M`: let me search for the right lemma. Maybe `Matrix.PosDef.smul` doesn't exist; alternatives: `Matrix.PosDef.conjTranspose_mul`? Let me grep the PosDef file for "smul".
dsh: reasoning:
`Matrix.PosDef.smul` exists (protected theorem smul at line 107 and 272 — the latter is `PosDef.smul` with `ha : 0 < a`). Let me check line 265-280 for its signature.

Also `hasFDerivAt_id (x : E) : HasFDerivAt id (.id 𝕜 E) x` — good.

Let me look at the PosDef.smul signature.
dsh: reasoning:
`Matrix.PosDef.smul hx ha : (a • x).PosDef` for `0 < a`. So `((c^2) • G.matrix (c • x)).PosDef` via `(G.posDef (c • x)).smul (sq_pos_of_ne_zero hc)`.

Now, the metric for the dilation chart: `g x i j = c^2 * G.g (c • x) i j`. As a matrix, `Matrix.of (fun i j => c^2 * G.g (c•x) i j) = c^2 • G.matrix (c • x)` — provable by `rfl`? `Matrix.smul_apply` says `(a • M) i j = a * M i j`. And `Matrix.of (fun i j => a * M i j) = a • M` should be rfl or by ext+simp. In the `posDef` field I need `(Matrix.of (fun i j => c^2 * G.g (c•x) i j)).PosDef`. I can write:
```
  posDef x := by
    have h : (Matrix.of fun i j => c^2 * G.g (c • x) i j : Matrix (Fin d) (Fin d) ℝ)
        = c^2 • G.matrix (c • x) := by
      ext i j; simp [Matrix.smul_apply, ChartMetric.matrix_apply]
    rw [h]
    exact (G.posDef (c • x)).smul (sq_pos_of_ne_zero hc)
```
Hmm, `sq_pos_of_ne_zero hc : 0 < c^2`? The lemma is `sq_pos_of_ne_zero` maybe named `pow_two_pos_of_ne_zero` or `sq_pos_of_ne_zero`. Let me check: mathlib has `sq_pos_of_ne_zero` (for linear ordered ring). Yes, `sq_pos_of_ne_zero`.

Now the metric_transform proofs. Let me define the model with explicit `chartOf` and `metricOf` abbreviations to help `simp`:

```
def dilationChart (c : ℝ) (n : ℕ) : Vec d → Vec d := if n = 0 then id else fun x => c • x
def dilationMetric (c : ℝ) (hc : c ≠ 0) (G : ChartMetric d) (n : ℕ) : ChartMetric d :=
  if n = 0 then G else G.dilate c
```
Note: the `if` in `metric` makes `simp [dilationMetric]` produce case splits but manageable.

Actually, maybe cleaner: use `Fin 2`-indexed? No, structure is ℕ.

Let me write the model and prove. I'll write a separate file `Poincare/D13/ManifoldIBP/OverlapModel.lean` importing GlobalMeasure.

Key statements:
1. `ChartMetric.dilate` (a ChartMetric from `c² • G(c·)`).
2. `jacobianOf_id`, `jacobianOf_const_smul`, `jacobianOf_inv_const_smul` (c⁻¹).
3. `smul_one_mul_smul_one` matrix lemma.
4. `dilationAtlas (c) (hc) (G) : OverlapAtlas (Vec d) d`.
5. Non-vacuity corollary: `dilationAtlas_chartMeasure_apply_eq` — the two chart measures agree on univ, i.e. `∫⁻_{univ} ρ_0 = ∫⁻_{univ} ρ_1`... Actually the general theorem gives it for any measurable s. A nice concrete corollary: 
   `(dilationAtlas c hc G).chartMeasure volume 0 univ = (dilationAtlas c hc G).chartMeasure volume 1 univ` — via `chartMeasure_apply_eq` with `s := univ` (measurable, subset of both images which are univ). This is a genuine identity: `∫⁻ √det G = ∫⁻ √det (c² G(c·))` — i.e., the total mass agrees between the identity chart and the dilation chart. And maybe compute: since chart 0 covers M, `globalMeasure volume = chartMeasure volume 0`.
6. `dilationAtlas_globalMeasure_eq`: the global measure of the dilation atlas is the Riemannian measure of `G` (i.e., `chartMeasure volume 0`) — using `globalMeasure_eq_chartMeasure_of_cover`.

That's a nice package.

Then a further consumption: connect to D12 `ChartMetric.riemannianMeasure`: `chartMeasure volume 0` vs `G.riemannianMeasure`. Are they equal? `chartMeasure volume 0 = Measure.map id ((volume.restrict univ).withDensity (fun y => ofReal (G.density y)))` = `volume.withDensity (fun y => ofReal (G.density y))`. And `G.riemannianMeasure = volume.withDensity (fun y => (G.density y).toNNReal)`. These agree since `(ofReal r) = (toNNReal r : ℝ≥0∞)` for `r ≥ 0`. There might be a lemma `ENNReal.ofReal_eq_coe_nnreal`. This would link the new global measure to the D12 Riemannian measure — nice. But let me not overreach; the `globalMeasure_eq_chartMeasure_of_cover` + `dilationAtlas` should be enough.

Let me now also think about `chartMeasure_apply_eq` for the dilation atlas: the theorem requires `s ⊆ chart i '' source i` for both i; with sources = univ and images = univ, fine.

Let me write the file. First, the `transition_chart` and `metric_transform` proofs need care with the `if` case splits. Let me write the transition as:
```
transition i j y := if i = 0 then (if j = 0 then y else c • y) else (if j = 0 then c⁻¹ • y else y)
```
and charts:
```
chart n := if n = 0 then id else fun x => c • x
```
Then:
- `chart i (transition i j y) = chart j y` for all i,j: case split on i=0, j=0:
  - i=0,j=0: chart 0 (transition ...) = id y = y = chart 0 y ✓
  - i=0,j≠0: chart 0 (c • y) = c • y = chart j y ✓ (chart j = c• for j≠0)
  - i≠0,j=0: chart i (c⁻¹ • y) = c • (c⁻¹ • y) = y = chart 0 y ✓ (needs `smul_inv_smul₀ hc y`)
  - i≠0,j≠0: chart i y = c•y = chart j y ✓
  `by_cases hi : i = 0 <;> by_cases hj : j = 0 <;> simp [chart, transition, hi, hj, smul_inv_smul₀ hc]`
  Hmm, `simp [smul_inv_smul₀ hc]` — `smul_inv_smul₀ hc y : c⁻¹ • (c • y) = y`? Actually `smul_inv_smul₀ (hc : c ≠ 0) (x) : c⁻¹ • (c • x) = x`? Let me check the name: `smul_inv_smul₀`, `inv_smul_smul₀`. There are `smul_inv_smul₀ : c ≠ 0 → c • (c⁻¹ • x) = x` and `inv_smul_smul₀ : c ≠ 0 → c⁻¹ • (c • x) = x`. I'll use both in simp.

- `transition_diff`: each transition is `id`, `c • ·`, `c⁻¹ • ·`, or a constant branch — differentiable. `by_cases ... <;> simp [transition, hi, hj] <;> exact (contDiff_const_smul _).differentiable _ |>.differentiableWithinAt`? Hmm. Since all the branches are linear scalings, maybe: `(hasFDerivAt_id y).const_smul c` gives `DifferentiableAt`. Let me use:
```
  transition_diff := by
    intro i j y hy
    by_cases hi : i = 0 <;> by_cases hj : j = 0 <;>
      simp only [transition, hi, hj, ↓reduceIte]
    · exact differentiableWithinAt_id
    · exact ((contDiff_const_smul c).differentiable (by simp)).differentiableWithinAt
    · exact ((contDiff_const_smul c⁻¹).differentiable (by simp)).differentiableWithinAt
    · exact differentiableWithinAt_id
```
Hmm, `contDiff_const_smul c : ContDiff ℝ ⊤ (fun x => c • x)`? Check its signature: in Norm.lean, `contDiff_const_smul t⁻¹` used as a ContDiff. `.differentiable (by simp : (⊤ : WithTop ℕ∞) ≠ 0)`.

Careful with the order of goals after `by_cases` and `simp only`. There will be 4 goals; the order is hi=true/hj=true, hi=true/hj=false, hi=false/hj=true, hi=false/hj=false (based on the by_cases nesting). I'll write them accordingly.

- `metric_transform`: for each (i,j) case. Since `metric n = if n = 0 then G else G.dilate c` and `jacobianOf (transition i j) univ y`:
  - i=0,j=0: transition = id; need `G.matrix y = 1ᵀ * G.matrix (id y) * 1` → `simp [jacobianOf_id, Matrix.transpose_one, Matrix.one_mul, Matrix.mul_one]`.
  - i=0,j≠0: transition = `c • ·`; need `(G.dilate c).matrix y = (c•1)ᵀ * G.matrix (c•y) * (c•1)`. `(G.dilate c).matrix y = c^2 • G.matrix (c•y)`; RHS = `(c*c) • G.matrix (c•y)` by `smul_one_conj`; then `c^2 = c*c` by ring — `simp [sq]`? `ring_nf`? Use `Matrix.ext` + `simp [ChartMetric.dilate, Matrix.smul_apply, ...]; ring`.
  - i≠0,j=0: transition = `c⁻¹ • ·`; need `G.matrix y = (c⁻¹•1)ᵀ * (G.dilate c).matrix (c⁻¹•y) * (c⁻¹•1)`. `(G.dilate c).matrix (c⁻¹•y) = c^2 • G.matrix (c • (c⁻¹ • y)) = c^2 • G.matrix y`. RHS = `(c⁻¹ * (c^2) * c⁻¹) • G.matrix y` = `1 • G.matrix y`. Need `c⁻¹ * c^2 * c⁻¹ = 1` from `hc`. 
  - i≠0,j≠0: transition = id; need `(G.dilate c).matrix y = 1ᵀ * (G.dilate c).matrix y * 1` ✓.

  These might be easiest via `ext i j; simp [...] ; ring` or via matrix algebra. Let me write matrix lemmas:
```
lemma transpose_smul_one (c : ℝ) : (c • (1 : Matrix (Fin d) (Fin d) ℝ))ᵀ = c • 1 := by
  rw [Matrix.transpose_smul, Matrix.transpose_one]

lemma smul_one_mul (c : ℝ) (M : Matrix (Fin d) (Fin d) ℝ) : (c • 1) * M = c • M := by
  rw [Matrix.smul_mul, Matrix.one_mul]

lemma mul_smul_one (c : ℝ) (M : Matrix (Fin d) (Fin d) ℝ) : M * (c • 1) = c • M := by
  rw [Matrix.mul_smul, Matrix.mul_one]
```
Check names: `Matrix.transpose_smul`, `Matrix.transpose_one`, `Matrix.smul_mul`, `Matrix.one_mul`, `Matrix.mul_smul`, `Matrix.mul_one`. Let me verify these exist in the release mathlib.

Then `smul_one_conj c M = (c*c) • M`:
```
  rw [transpose_smul_one, smul_one_mul, mul_smul_one, smul_smul]
```
`(c • (c • M)) = (c*c) • M` by `smul_smul`.

Also for the `dilate` matrix: define `ChartMetric.dilate` so that `.matrix x = c^2 • G.matrix (c • x)` — prove a simp lemma:
```
lemma dilate_matrix (x) : (G.dilate c).matrix x = c^2 • G.matrix (c • x) := by
  ext i j; simp [dilate, ChartMetric.matrix_apply]
```

And `dilate_density`: `(G.dilate c).density x = |c|^d * G.density (c • x)`? Might be useful but not needed.

Let me now check the needed matrix lemma names quickly, then write the file.

Also: the `chartPiece` and `globalMeasure` for the dilation atlas: chart 0 = id covers univ, so `globalMeasure_eq_chartMeasure_of_cover` applies with `hi : chart 0 '' univ = univ` by `simp [dilationAtlas]`.

One concern: `measurable_chart` for the `if n = 0 then id else (c • ·)` — `id` is measurable: `measurable_id`. For the else branch: `(continuous_const_smul c).measurable`. `continuous_const_smul` exists? There's `continuous_const_smul` (used in the earlier grep of Group/Defs: `(measurable_const_smul _x)`). Let me use `measurable_const_smul c`? The function is `fun x => c • x` which is `(c • ·)`; `measurable_const_smul c : Measurable fun x => c • x`? In mathlib, `measurable_const_smul (c : M) : Measurable fun x => c • x` exists for measurable spaces with SMul. Let me check. There's `measurable_const_smul` in `Mathlib/MeasureTheory/Group/Defs.lean`. Good.

- `injOn_chart`: for the else branch, `fun x => c • x` injective: `smul_left_injective` or `smul_right_injective`. `Function.Injective (fun x => c • x)` for `c ≠ 0`: `smul_left_injective ℝ hc`? Let me check name: `smul_left_injective` / `smul_right_injective`. Actually in mathlib: `Function.Injective fun x => c • x` is `smul_left_injective _ hc`? Hmm. There's `smul_left_injective (R) (h : c ≠ 0) : Function.Injective fun x : M => c • x`? Let me grep.

- `cover`: `⋃ n, chart n '' univ = univ` — `rw [eq_univ_iff_forall]; intro x; exact mem_iUnion.mpr ⟨0, ⟨x, trivial, rfl⟩⟩`? Since `chart 0 = id`, `chart 0 '' univ = univ`. Simplest: `rw [eq_univ_iff_forall]; intro x; exact mem_iUnion.mpr ⟨0, x, mem_univ x, by simp [dilationAtlas]⟩`. Hmm, `chart 0 x = x` requires simp with the if.

- `measurableSet_image n`: `chart n '' univ` is univ (both branches map univ onto univ; for c≠0, `(c•·) '' univ = univ` by surjectivity). `by_cases h : n = 0 <;> simp [chart, h, Set.image_univ]` — for the else branch need `Function.Surjective (fun x => c•x)`; `simp` might use `Set.image_univ` + `range_eq_univ`? Perhaps `rw [Set.image_univ, Set.range_eq_univ.mpr (smul_right_surjective ...)]`. Let me do:
```
  measurableSet_image n := by
    by_cases h : n = 0
    · simp [chart, h]
    · simp only [chart, h, ↓reduceIte, Set.image_univ]
      rw [Set.range_eq_univ.mpr (fun y => ⟨c⁻¹ • y, by rw [smul_inv_smul₀ hc]⟩)]
      exact MeasurableSet.univ
```
Hmm the exact formulation depends. Let me write: `rw [Set.image_univ, Set.range_eq_univ.mpr ?_]; exact MeasurableSet.univ; intro y; exact ⟨c⁻¹ • y, by rw [smul_inv_smul₀ hc]⟩`.

Actually maybe simpler to avoid all this: define `source` to be `univ` but require `chart n '' univ` measurable. Alternatively, I could give `source 0 = univ` and `source n = univ`. Same.

OK. Given the decent time budget (~3.5h), let me write the model file now. Actually — wait. Before the model, let me add the cheap and important `globalMeasure_restrict_eq_chartMeasure` to the core file, recompile, then write the model.

Let me add to GlobalMeasure.lean:
```
/-- **Restriction to a chart**: the global measure restricted to a chart image is the chart
measure restricted to it. This is the form used to transfer integrals of functions whose
support lies in a single chart. -/
theorem globalMeasure_restrict_eq_chartMeasure (μ : Measure (Vec d)) [μ.IsAddHaarMeasure]
    (i : ℕ) :
    (A.globalMeasure μ).restrict (A.chart i '' A.source i)
      = (A.chartMeasure μ i).restrict (A.chart i '' A.source i) := by
  apply Measure.ext
  intro s hs
  rw [Measure.restrict_apply hs, Measure.restrict_apply hs]
  exact A.globalMeasure_apply_chart μ i (hs.inter (A.measurableSet_image i))
    (fun _ hz => hz.2)
```
Hmm, careful: `A.globalMeasure_apply_chart μ i (hs.inter (A.measurableSet_image i)) (fun x hx => hx.2)` gives `globalMeasure μ (s ∩ S) = ∫⁻...`; and `chartMeasure_apply μ i (hs.inter ...)` gives the same RHS. But the goal after the two `restrict_apply` rewrites is `globalMeasure μ (s ∩ S) = chartMeasure μ i (s ∩ S)`. Then `rw [A.globalMeasure_apply_chart μ i ..., A.chartMeasure_apply μ i ...]`. Let me use `rw`.

Also `hsi : s ∩ S ⊆ S` is `fun _ hx => hx.2` ✓.

Then the lintegral consumption:
```
/-- **Chart formula for the global integral of a chart-supported function.** -/
theorem lintegral_globalMeasure_eq_of_support_subset_chart (μ : Measure (Vec d)) [μ.IsAddHaarMeasure]
    (i : ℕ) {g : M → ℝ≥0∞} (hsub : ∀ m, m ∉ A.chart i '' A.source i → g m = 0) :
    ∫⁻ m, g m ∂(A.globalMeasure μ) = ∫⁻ y, g (A.chart i y) * ENNReal.ofReal (A.density i y) ∂(μ.restrict (A.source i)) := ...
```
Proof sketch:
- `∫⁻ m, g m ∂μ_g = ∫⁻ m in S, g m ∂μ_g` — need lemma for lintegral with vanishing off a set. In current mathlib: `lintegral_eq_lintegral_of_forall_compl_eq_zero`? Hmm. Alternatively `∫⁻ m, g m ∂μ = ∫⁻ m in S, g m ∂μ` follows from `lintegral_congr` + `restrict`? Since set integral is `lintegral (restrict μ S) g`, and `g = 0` off S means `g =ᵐ[μ] g` and ... Actually the clean statement: `lintegral (μ.restrict S) g = lintegral μ g` if `g = 0` off S. There's `lintegral_restrict`? or `setLIntegral_eq_lintegral`? Let me search: `lintegral_eq_lintegral_of_forall_compl_eq_zero`? Hmm.

This is getting long. Maybe simpler: state the consumption directly at the level of `∫⁻ m in S, g m ∂μ_g`:

```
theorem lintegral_restrict_globalMeasure_eq (μ) [IsAddHaarMeasure μ] (i) (g : M → ℝ≥0∞) :
    ∫⁻ m in A.chart i '' A.source i, g m ∂(A.globalMeasure μ)
      = ∫⁻ y, g (A.chart i y) * ENNReal.ofReal (A.density i y) ∂(μ.restrict (A.source i))
```
Proof: 
- `rw [← Measure.restrict_apply?]`... set integral = `lintegral ((μ_g).restrict S) g`. Rewrite the measure with the restriction theorem: `rw [A.globalMeasure_restrict_eq_chartMeasure]`. Now `lintegral ((chartMeasure μ i).restrict S) g`. Since `chartMeasure μ i` is `Measure.map (chart i) ν`, `(chartMeasure μ i).restrict S`... Use `Measure.restrict_map`? Actually `∫⁻ m in S, g m ∂(Measure.map (chart i) ν)`. Since `chart i '' source = S`, and the map measure is supported on S: `(Measure.map (chart i) ν).restrict S = Measure.map (chart i) ν` (because `map f ν` is supported in `range f = S`). There's `Measure.restrict_map` or `map_restrict`... Simpler: `∫⁻ m, g m ∂(Measure.map (chart i) ν) = ∫⁻ y, g (chart i y) ∂ν` by `lintegral_map` (needs AEMeasurable (chart i) ν). Then `ν = (μ.restrict source).withDensity (ofReal ∘ density)` and `∫⁻ y, h y ∂(ν.withDensity w) = ∫⁻ y, h y * w y ∂ν` — lemma `lintegral_withDensity_eq_lintegral_mul₀`? or `lintegral_withDensity_eq_lintegral_mul_non_measurable₀`. Let me check names.

Steps:
```
  rw [← A.globalMeasure_restrict_eq_chartMeasure μ i]   -- the measure inside the set integral
  -- now: ∫⁻ m in S, g m ∂(chartMeasure μ i)
  unfold chartMeasure  -- hmm
```
Actually, since the set integral is `lintegral ((μ_g.restrict S)) g`, and the restriction theorem states `μ_g.restrict S = (chartMeasure μ i).restrict S`, `rw [A.globalMeasure_restrict_eq_chartMeasure μ i]` should work if the goal displays as `∫⁻ m in S, g m ∂μ_g` — which unfolds to `lintegral (Measure.restrict μ_g S) g`. rw should find `Measure.restrict (A.globalMeasure μ) S`.

Then `chartMeasure μ i = Measure.map (chart i) ν` where ν := `(μ.restrict source).withDensity w`. So `(chartMeasure μ i).restrict S = (Measure.map (chart i) ν).restrict S`. Since `S = chart i '' source = range (chart i)`, the map measure is supported on S: is there a simp lemma `Measure.restrict_map`? Let me just avoid the general lemma by proving:

`∫⁻ m in S, g m ∂(Measure.map f ν) = ∫⁻ y, g (f y) ∂ν`:
- `Measure.restrict_map` requires `AEMeasurable f ν`: `(Measure.map f ν).restrict (f '' s) = Measure.map f (ν.restrict s)`? There's `Measure.restrict_map (hf : AEMeasurable f μ) (s : Set β) : (μ.map f).restrict s = (μ.restrict (f ⁻¹' s)).map f`. That's a nice one! With `s := S`, `f ⁻¹' S ⊇ source`, and `ν` is supported on `source` (since it's `(μ.restrict source).withDensity w`), so `ν.restrict (f ⁻¹' S) = ν`. Hmm, needs an argument.

Simpler: skip the set-integral subtlety by stating the consumption in the exact form that arises naturally:
```
theorem lintegral_globalMeasure_eq_chart (i) (g : M → ℝ≥0∞) :
    ∫⁻ m, g m ∂(A.globalMeasure μ) = ... 
```
No.

Honestly, the cleanest "consumption" of the new measure is:
- `globalMeasure_restrict_eq_chartMeasure` (measure identity), and
- `globalMeasure_apply_chart` (density formula in any chart), and
- the model instance + `globalMeasure_eq_chartMeasure_of_cover`.

These are all checked uses of the chart-independence theorem. Plus maybe a Bochner-integral statement if cheap. Let me not over-engineer; the lintegral transfer can be a "next dependency request".

Actually, hold on. There IS a clean and valuable Bochner consumption: **the global Riemannian measure of a chart-supported set agrees with the D12 chart Riemannian measure**, i.e.:

`A.chartMeasure μ i = Measure.map (A.chart i) (G_i.riemannianMeasure.restrict (A.source i))` — relating the new construction to the D12 `ChartMetric.riemannianMeasure`. That's an equation between measures defined differently (`volume.withDensity (ofReal ∘ density)` vs `volume.withDensity (toNNReal ∘ density)`) requiring `ofReal r = (toNNReal r : ℝ≥0∞)` for `r ≥ 0`. Cheap and meaningful. But it's a definitional bridge, not really a "consumption".

Let me prioritize the model now (higher value: non-vacuity of the overlapping-atlas hypotheses with nontrivial Jacobian), and add `globalMeasure_restrict_eq_chartMeasure` (cheap) at the same time.

Let me write both now.
dsh: reasoning:
The edit failed because the file was modified by my python patch (the read-tracking). I need to re-read the file first. Let me read the relevant portion and then edit.

Matrix lemmas:
- `Matrix.transpose_one` exists.
- `Matrix.transpose_smul` exists.
- `Matrix.smul_mul` exists (theorem at 325).
- `Matrix.mul_smul` is `protected theorem mul_smul` (so `Matrix.mul_smul`).
- `Matrix.one_mul`, `Matrix.mul_one` (protected).

Let me re-read the file section then apply the edit.
dsh: reasoning:
All 10 declarations compile. Now the dilation model. Let me write `release/Poincare/D13/ManifoldIBP/OverlapModel.lean`.

Let me first check a few API names:
- `smul_left_injective` / `smul_right_injective` / injectivity of `c • ·`
- `smul_inv_smul₀` / `inv_smul_smul₀`
- `measurable_const_smul`
- `contDiff_const_smul`

Let me grep for these.
dsh: reasoning:
My greps are too narrow. Let me use ripgrep-like searches over the whole Mathlib for these names.
dsh: reasoning:
Good:
- `smul_left_injective ℝ hv0` and `smul_right_injective _ hc` exist.
- `smul_inv_smul₀` exists (as a simp lemma with `c ≠ 0` hypothesis).
- `measurable_const_smul` exists.
- `contDiff_const_smul c : ContDiff 𝕜 n fun p : F => c • p`.
- `HasFDerivAt.const_smul`.

Now let me write the model file. I'll write it as a separate module `Poincare/D13/ManifoldIBP/OverlapModel.lean`.

Key content:

```lean
import Poincare.D13.ManifoldIBP.GlobalMeasure

open scoped BigOperators ENNReal NNReal Topology Matrix Function
open MeasureTheory Set Filter
open Poincare.D12.VolumeIBP

noncomputable section
namespace Poincare.D13.ManifoldIBP
namespace OverlapAtlas

variable {d : ℕ}

/-! ## Jacobians of the model transitions -/

lemma jacobianOf_id (y : Vec d) : jacobianOf id univ y = 1 := by
  have hd : HasFDerivAt (id : Vec d → Vec d) (ContinuousLinearMap.id ℝ (Vec d)) y := hasFDerivAt_id y
  rw [jacobianOf, fderivWithin_univ, hd.fderiv]
  ext i j
  simp [LinearMap.toMatrix_apply, Pi.basisFun_apply]
```
Hmm, `hasFDerivAt_id (x : E) : HasFDerivAt id (.id 𝕜 E) x`. `hd.fderiv : fderiv ℝ id y = ContinuousLinearMap.id ℝ (Vec d)`. Then `LinearMap.toMatrix b b ((CLM.id).toLinearMap)` should be `1` by `simp [LinearMap.toMatrix_apply, Pi.basisFun_apply]`. Let me check: after `ext i j`, the goal is `(toMatrix b b (CLM.id.toLinearMap)) i j = (1 : Matrix ...) i j`. `simp [LinearMap.toMatrix_apply, Pi.basisFun_apply]` should reduce: `toMatrix_apply : (toMatrix b₁ b₂ f) i j = b₂.repr (f (b₁ j)) i`. With `b₁ = b₂ = Pi.basisFun ℝ (Fin d)`: `f (b j) = b j` (identity), and `b.repr (b j) i = if i = j then 1 else 0`. `Pi.basisFun_repr` might not be a simp lemma. D12's proof: 
```
  have hmat : jacobianMatrix ψ x = LinearMap.toMatrix (Pi.basisFun ℝ (Fin d)) (Pi.basisFun ℝ (Fin d)) (fderiv ℝ ψ x).toLinearMap := by
    ext i j
    rw [jacobianMatrix, Matrix.of_apply, LinearMap.toMatrix_apply]
    simp [Pi.basisFun_apply]
```
So `LinearMap.toMatrix_apply` + `simp [Pi.basisFun_apply]` works for the matrix-of-fderiv bridge in their case. For the identity case, similar.

Let me write a general lemma instead:
```
lemma jacobianOf_eq_jacobianMatrix (ψ : Vec d → Vec d) (y : Vec d) :
    jacobianOf ψ univ y = ChartMetric.jacobianMatrix ψ y := by
  have h : fderivWithin ℝ ψ univ y = fderiv ℝ ψ y := fderivWithin_univ
  rw [jacobianOf, h]
  ext i j
  rw [ChartMetric.jacobianMatrix, Matrix.of_apply, LinearMap.toMatrix_apply]
  simp [Pi.basisFun_apply]
```
Hmm, `ChartMetric.jacobianMatrix ψ x := Matrix.of fun i j => fderiv ℝ ψ x (Pi.single j 1) i`. With `Pi.basisFun_apply : Pi.basisFun ℝ (Fin d) j = Pi.single j 1`? Let me check the exact statement of `Pi.basisFun_apply`. D12 used `simp [Pi.basisFun_apply]` so it should reduce `(Pi.basisFun ℝ (Fin d)) j` to `Pi.single j 1`.

Then:
```
lemma jacobianOf_id (y : Vec d) : jacobianOf id univ y = 1 := by
  rw [jacobianOf_eq_jacobianMatrix]
  ext i j
  simp [ChartMetric.jacobianMatrix, Pi.basisFun_apply]
```
Hmm, `jacobianMatrix id y i j = fderiv ℝ id y (Pi.single j 1) i = (Pi.single j 1) i = if i=j then 1 else 0`. `simp` with `fderiv_id` and `Pi.single_eq_same`/`Pi.single_eq_of_ne`. Maybe `simp [ChartMetric.jacobianMatrix, Pi.basisFun_apply]` suffices.

Actually simpler and more robust: define the model's transition maps and prove the transform law by direct matrix computation using `jacobianMatrix` (D12's) rather than `jacobianOf`; but the structure's law uses `jacobianOf`. Having `jacobianOf_eq_jacobianMatrix` is the clean bridge. Then use D12's `pullbackMatrix` definition directly: `G.pullbackMatrix ψ y = (jacobianMatrix ψ y)ᵀ * G.matrix (ψ y) * jacobianMatrix ψ y`. So for the dilation chart with ψ = `c • ·`:

`metric_transform` for (0,1): LHS `(G.dilate c).matrix y`. Define `G.dilate c` such that `.matrix y = G.pullbackMatrix (fun z => c • z) y`. That's the cleanest! Define:
```
def ChartMetric.dilate (G : ChartMetric d) (c : ℝ) : ChartMetric d where
  g := fun x i j => G.pullbackMatrix (fun z => c • z) x i j
  smooth := ...
  posDef := ...
```
Then `(G.dilate c).matrix y = G.pullbackMatrix (fun z => c • z) y` by `rfl`/`Matrix.ext`. And the transform law becomes `G.pullbackMatrix (c • ·) y = (jacobianOf (c•·) univ y)ᵀ * G.matrix (c•y) * jacobianOf (c•·) univ y`, which after `rw [jacobianOf_eq_jacobianMatrix]` is exactly `rfl` (definition of pullbackMatrix)! 

For smoothness: `pullbackMatrix ψ x i j = ∑ k, ∑ l, ...` — need `ContDiff ℝ ⊤ (fun x => (jacobianMatrix (c•·) x) k l * G.g (c•x) l k ...)`. Since `jacobianMatrix (c•·) x` is constant in x (matrix of the derivative = c•1), smoothness should be easy. Hmm, but proving it via the D12 route requires `jentry_contDiff` for a `ChartDiffeomorphism`. Instead, I can define `G.dilate c` differently: directly as the smul of the pullback of G by `c`:
```
def ChartMetric.dilate (G : ChartMetric d) (c : ℝ) : ChartMetric d where
  g := fun x i j => c^2 * G.g (c • x) i j
  ...
```
and prove a lemma `dilate_matrix : (G.dilate c).matrix x = c^2 • G.matrix (c • x)`, plus `pullbackMatrix_const_smul : G.pullbackMatrix (fun z => c • z) x = c^2 • G.matrix (c • x)`. The latter needs `jacobianMatrix (c•·) x = c • 1`, which follows from `jacobianOf_eq_jacobianMatrix` + `jacobianOf_const_smul`... circular. Let me prove `jacobianMatrix_const_smul` directly:
```
lemma jacobianMatrix_const_smul (c : ℝ) (x : Vec d) :
    ChartMetric.jacobianMatrix (fun z : Vec d => c • z) x = c • 1 := by
  ext i j
  rw [ChartMetric.jacobianMatrix, Matrix.of_apply, Matrix.smul_apply, Matrix.one_apply]
  rw [show (fun z : Vec d => c • z) = (c • LinearMap.id) from rfl?, ...]
```
Hmm, `fderiv ℝ (fun z => c • z) x (Pi.single j 1)`. Use `(hasFDerivAt_id x).const_smul c` to get `fderiv ℝ (fun z => c•z) x = c • 1`:
```
lemma fderiv_const_smul' (c : ℝ) (x : Vec d) :
    fderiv ℝ (fun z : Vec d => c • z) x = c • ContinuousLinearMap.id ℝ (Vec d) :=
  ((hasFDerivAt_id x).const_smul c).fderiv
```
Wait, does `HasFDerivAt.const_smul` apply to `(fun z => c • z)`? `HasFDerivAt id 1 x` then `.const_smul c` gives `HasFDerivAt (c • id) (c • 1) x`, and `c • id = fun z => c • z` (up to unfolding `Pi.smul_apply`/`SMulHom`). The function `(c • f)` for `f : Vec d → Vec d` is `fun x => c • f x` (pointwise smul). So `c • id = fun z => c • z` definitionally. Good.

Then:
```
lemma jacobianMatrix_const_smul (c : ℝ) (x : Vec d) :
    ChartMetric.jacobianMatrix (fun z : Vec d => c • z) x = c • (1 : Matrix (Fin d) (Fin d) ℝ) := by
  ext i j
  rw [ChartMetric.jacobianMatrix, Matrix.of_apply, fderiv_const_smul']
  simp [Pi.basisFun_apply]  -- maybe: simp [ContinuousLinearMap.smul_apply, Pi.single_apply]
```
Let me think: after rw, goal: `((c • ContinuousLinearMap.id ℝ (Vec d)) (Pi.single j 1)) i = (c • 1) i j`. LHS = `(c • id) (Pi.single j 1) i` = `c * (Pi.single j 1 i)`; RHS = `c * (1 : Matrix) i j` = `c * if i = j then 1 else 0`. `Pi.single_eq_same`/`Pi.single_eq_of_ne`: `(Pi.single j (1:ℝ) : Vec d) i = if j = i then 1 else 0`. So `simp [ContinuousLinearMap.smul_apply, Matrix.one_apply, Pi.single_apply, eq_comm]` then maybe `mul_ite`. Let's let `simp` try: `simp [Matrix.one_apply, Pi.single_apply]` might produce `c * (if j = i then 1 else 0) = (if i = j then c else 0)` — needs `mul_boole` or `mul_ite` + `mul_one`/`mul_zero` and `eq_comm`. `simp [Matrix.one_apply, Pi.single_apply, mul_ite, eq_comm]` should do it, or `by_cases h : i = j <;> simp [h]`.

Then `pullbackMatrix_const_smul`:
```
lemma pullbackMatrix_const_smul (G : ChartMetric d) (c : ℝ) (x : Vec d) :
    G.pullbackMatrix (fun z : Vec d => c • z) x = (c*c) • G.matrix (c • x) := by
  unfold ChartMetric.pullbackMatrix
  rw [jacobianMatrix_const_smul]
  rw [Matrix.transpose_smul, Matrix.transpose_one, Matrix.smul_mul, Matrix.one_mul,
      Matrix.mul_smul, Matrix.mul_one, smul_smul]
```
Wait: `Jᵀ * M * J` with `J = c • 1`: `((c•1)ᵀ * M) * (c•1)`. `Matrix.smul_mul : (a • M) * N = a • (M * N)`, `Matrix.mul_smul : M * (a • N) = a • (M * N)`. So:
`(c•1)ᵀ * M * (c•1)` = `(c•1) * M * (c•1)` [transpose_smul, transpose_one] = `c • (1 * M) * (c•1)` [smul_mul] = `c • M * (c•1)` [one_mul] = `c • (M * (c•1))` [mul_smul] = `c • (c • (M * 1))` [mul_smul] = `c • (c • M)` [mul_one] = `(c*c) • M` [smul_smul].
So the rw chain: `[Matrix.transpose_smul, Matrix.transpose_one, Matrix.smul_mul, Matrix.one_mul, Matrix.mul_smul, Matrix.mul_smul, Matrix.mul_one, smul_smul]` — careful: `Matrix.mul_smul` applies to the inner `M * (c•1)`; but the term after `smul_mul` is `c • (1 * M) * (c • 1)`; hmm, the outer structure is `((c • (1*M)) * (c•1))`. `Matrix.mul_smul` matches `M * (a • N)` = `a • (M*N)`: here `M := c • (1*M)` and `a • N := c • 1`; it rewrites to `c • ((c • (1*M)) * 1)`. Then `Matrix.mul_one` gives `c • (c • (1*M))`, then `Matrix.one_mul` → `c • (c • M)`, then `smul_smul` → `(c*c) • M`. So chain: `transpose_smul, transpose_one, smul_mul, one_mul, mul_smul, mul_one, one_mul, smul_smul`. Messy but `simp only [...]` with a following `rw [smul_smul]` may handle it. Alternatively prove by `ext i j; simp [ChartMetric.pullbackMatrix, jacobianMatrix_const_smul, Matrix.mul_apply, Matrix.transpose_apply, ...]; ring`? Since J = c•1, the sum collapses; `simp [Matrix.mul_apply, Matrix.transpose_apply]` with `Finset.sum_eq_single` might work but is fiddly.

Cleanest: use the matrix algebra lemmas; let me write:
```
  unfold ChartMetric.pullbackMatrix
  rw [jacobianMatrix_const_smul, Matrix.transpose_smul, Matrix.transpose_one]
  rw [Matrix.smul_mul, Matrix.one_mul, Matrix.mul_smul, Matrix.mul_one]
  rw [smul_smul]
```
After the first rw line: goal `(c•1) * M * (c•1) = (c*c) • M` where M = G.matrix (c•x). Hmm, associativity: the original is `(Jᵀ * M) * J` = `((c•1) * M) * (c•1)`. `Matrix.smul_mul` rewrites `(c•1) * M` → `c • (1 * M)`. Then `Matrix.one_mul` → `c • M`. Then `Matrix.mul_smul` → `c • (M * 1)`. Then `Matrix.mul_one` → `c • M`. Then we need `c • M = (c*c) • M`, which is false! Wait: `(c•M) * (c•1)`: after `smul_mul` the goal is `((c • M)) * (c • 1) = (c*c) • M`. Then `Matrix.mul_smul : M * (a • N) = a • (M * N)` with `M := c • M`, `a := c`, `N := 1`: gives `c • ((c • M) * 1)`, then `mul_one` → `c • (c • M)`, then `smul_smul` → `(c*c) • M`. ✓ So the chain works if `Matrix.mul_smul` is not `protected`... it's `protected theorem mul_smul` in the Matrix namespace, so `Matrix.mul_smul`. Good.

Then `dilate`:
```
def ChartMetric.dilate (G : ChartMetric d) (c : ℝ) : ChartMetric d where
  g := fun x i j => G.pullbackMatrix (fun z : Vec d => c • z) x i j
  smooth := by
    intro i j
    -- pullbackMatrix entries are c^2 * G.g (c•x) i j, so smooth
    have h : (fun x : Vec d => G.pullbackMatrix (fun z : Vec d => c • z) x i j)
        = fun x => (c*c) * G.g (c • x) i j := by
      funext x
      rw [pullbackMatrix_const_smul, Matrix.smul_apply, ChartMetric.matrix_apply]
    rw [h]
    exact contDiff_const.mul ((G.smooth i j).comp (contDiff_const_smul c))
  posDef := by
    intro x
    rw [show (Matrix.of fun i j => G.pullbackMatrix (fun z : Vec d => c • z) x i j : Matrix (Fin d) (Fin d) ℝ)
        = (c*c) • G.matrix (c • x) by
      ext i j; simp [Matrix.smul_apply, ChartMetric.matrix_apply]
      -- uses pullbackMatrix_const_smul
      ]
    exact (G.posDef (c • x)).smul (by positivity)
```
Hmm, the `posDef` proof: `Matrix.of (fun i j => pullbackMatrix ... x i j) = (c*c) • G.matrix (c•x)` requires pullbackMatrix_const_smul pointwise. Let me write:
```
  posDef x := by
    have h : (Matrix.of fun i j => G.pullbackMatrix (fun z : Vec d => c • z) x i j
        : Matrix (Fin d) (Fin d) ℝ) = (c * c) • G.matrix (c • x) := by
      ext i j
      rw [Matrix.of_apply, Matrix.smul_apply, pullbackMatrix_const_smul]
    rw [h]
    exact (G.posDef (c • x)).smul (by positivity)
```
Hmm: `(G.posDef (c•x)).smul` needs `0 < c*c`; `by positivity` should prove `0 < c*c`? For a general `c : ℝ` without `hc`, `c*c > 0` is false! Right — I need `c ≠ 0` for PosDef. So `dilate` should take `hc : c ≠ 0` or be defined for arbitrary c with PosDef only when c ≠ 0. Options: pass `hc` as an argument to `dilate`: `def ChartMetric.dilate (G) (c : ℝ) (hc : c ≠ 0) : ChartMetric d`, with `posDef := ... .smul (by positivity)` — positivity can use `hc` if given as `sq_pos_of_ne_zero hc`. Let me just use `mul_self_pos.mpr hc` or `sq_pos_of_ne_zero hc`.

So `dilate (G) (c) (hc)`. Fine.

Also, the `smooth` proof via `h` rewriting: `(c*c) * G.g (c•x) i j` — is `ContDiff ℝ ⊤ (fun x => (c*c) * G.g (c • x) i j)`? `contDiff_const.mul ((G.smooth i j).comp (contDiff_const_smul c))` — the comp: `(G.smooth i j).comp (contDiff_const_smul c)` gives `ContDiff ℝ ⊤ (fun x => G.g (c • x) i j)` ✓.

Now `jacobianOf_eq_jacobianMatrix` and `jacobianOf_const_smul`:
```
lemma jacobianOf_eq_jacobianMatrix (ψ : Vec d → Vec d) (y : Vec d) :
    jacobianOf ψ univ y = ChartMetric.jacobianMatrix ψ y := by
  rw [jacobianOf, ChartMetric.jacobianMatrix, fderivWithin_univ]
  ext i j
  rw [Matrix.of_apply, LinearMap.toMatrix_apply]
  simp [Pi.basisFun_apply]
```
Note: `jacobianMatrix` is defined as `Matrix.of fun i j => fderiv ℝ ψ x (Pi.single j 1) i`. Good.

Wait, `Matrix.of_apply` might not be needed; `simp` might handle. Let me write as D12 did.

Then:
```
lemma jacobianOf_const_smul (c : ℝ) (y : Vec d) :
    jacobianOf (fun z : Vec d => c • z) univ y = c • (1 : Matrix (Fin d) (Fin d) ℝ) := by
  rw [jacobianOf_eq_jacobianMatrix, jacobianMatrix_const_smul]
```
And:
```
lemma jacobianOf_id (y : Vec d) : jacobianOf id univ y = 1 := by
  rw [jacobianOf_eq_jacobianMatrix]
  ext i j
  simp [ChartMetric.jacobianMatrix, Pi.basisFun_apply]
```
Hmm, need `fderiv ℝ id y = 1`. After `rw [ChartMetric.jacobianMatrix]`: goal `fderiv ℝ id y (Pi.single j 1) i = 1 i j`. `simp` with `fderiv_id` should handle: `fderiv ℝ id y = ContinuousLinearMap.id`, applied to `Pi.single j 1` gives `Pi.single j 1`, and `(Pi.single j 1) i = if i=j then 1 else 0`, and `(1 : Matrix) i j = if i = j then 1 else 0`. `simp [Pi.basisFun_apply]`? The `Pi.single` vs `1 i j`. Let me instead prove `jacobianOf_id` via `jacobianOf_const_smul` with `c = 1`:
```
lemma jacobianOf_id (y : Vec d) : jacobianOf id univ y = 1 := by
  have h := jacobianOf_const_smul (d := d) 1 y
  simpa using h
```
`(fun z => (1:ℝ) • z) = id` — `one_smul` simp. `1 • (1 : Matrix) = 1` — `one_smul`. Should work with `simpa`.

Now `jacobianMatrix_const_smul`:
```
lemma jacobianMatrix_const_smul (c : ℝ) (x : Vec d) :
    ChartMetric.jacobianMatrix (fun z : Vec d => c • z) x = c • (1 : Matrix (Fin d) (Fin d) ℝ) := by
  have hd : fderiv ℝ (fun z : Vec d => c • z) x = c • ContinuousLinearMap.id ℝ (Vec d) :=
    ((hasFDerivAt_id x).const_smul c).fderiv
  ext i j
  rw [ChartMetric.jacobianMatrix, Matrix.of_apply, hd, Matrix.smul_apply, Matrix.one_apply]
  simp [ContinuousLinearMap.smul_apply, Pi.single_apply]
```
Hmm, after `rw [hd]`: LHS = `((c • ContinuousLinearMap.id) (Pi.single j 1)) i`. RHS = `(c • 1) i j = c * (1 i j)`. Hmm, `Matrix.smul_apply : (c • M) i j = c • M i j` = `c * M i j` for ℝ. And `Matrix.one_apply : (1 : Matrix) i j = if i = j then 1 else 0`. LHS: `(c • CLM.id) (Pi.single j 1) i = c * (Pi.single j 1) i` (by `ContinuousLinearMap.smul_apply` and `ContinuousLinearMap.id_apply`). And `(Pi.single j 1 : Vec d) i = if i = j then 1 else 0` (Pi.single_eq_same / Pi.single_eq_of_ne). So `simp [Pi.single_apply, eq_comm]` might close it after `mul_ite`. Let me structure:
```
  rw [ChartMetric.jacobianMatrix, Matrix.of_apply, hd, Matrix.smul_apply, Matrix.one_apply,
      ContinuousLinearMap.smul_apply, ContinuousLinearMap.id_apply]
  by_cases hij : i = j <;> simp [hij, Pi.single_eq_same, Pi.single_eq_of_ne]
```
That's robust. Note `Pi.single_eq_same : Pi.single i a i = a` and `Pi.single_eq_of_ne : i ≠ j → Pi.single i a j = 0`. Let me check names: `Pi.single_eq_same`, `Pi.single_eq_of_ne`. Yes.

Now the atlas itself. Let me define with explicit helper defs to reduce `if` pain:

```
/-- The chart map of the dilation atlas: the identity for index `0`, the dilation by `c`
otherwise. -/
def dilationChart (c : ℝ) (n : ℕ) : Vec d → Vec d :=
  if n = 0 then id else fun x => c • x

/-- The transition map of the dilation atlas: from `j`-coordinates to `i`-coordinates. -/
def dilationTransition (c : ℝ) (i j : ℕ) (y : Vec d) : Vec d :=
  if i = 0 then (if j = 0 then y else c • y) else (if j = 0 then c⁻¹ • y else y)
```

Then the structure:
```
def dilationAtlas (c : ℝ) (hc : c ≠ 0) (G : ChartMetric d) : OverlapAtlas (Vec d) d where
  chart := dilationChart c
  source _ := univ
  isOpen_source _ := isOpen_univ
  measurable_chart n := by
    rw [dilationChart]
    by_cases h : n = 0 <;> simp [h, measurable_id, measurable_const_smul]
  injOn_chart n := by
    rw [dilationChart]
    by_cases h : n = 0
    · simp [h]
    · simp only [h, ↓reduceIte]
      exact fun x _ y _ hxy => smul_left_injective ℝ hc hxy
  cover := by
    rw [eq_univ_iff_forall]
    intro x
    refine mem_iUnion.mpr ⟨0, x, mem_univ x, ?_⟩
    simp [dilationChart]
  measurableSet_image n := by
    rw [dilationChart]
    by_cases h : n = 0
    · simp [h]
    · simp only [h, ↓reduceIte, Set.image_univ]
      rw [Set.range_eq_univ.mpr (smul_right_surjective c hc)]   -- name?
      exact MeasurableSet.univ
  ...
```
Hmm `smul_right_surjective` — let me check the name for surjectivity of `c • ·`: `smul_right_surjective c hc`? In `Mathlib/Algebra/Group/Action/...`: `smul_right_surjective (c) (hc : c ≠ 0) : Function.Surjective fun x => c • x`? Let me grep. Alternatively, just prove: `⟨c⁻¹ • x, by rw [smul_inv_smul₀ hc]⟩` — wait, direction: we need `c • (c⁻¹ • x) = x`, i.e., `smul_inv_smul₀ hc x : c • (c⁻¹ • x) = x`. From the grep, `smul_inv_smul₀` appears in simp contexts. Let me just write the surjectivity witness with `smul_inv_smul₀ hc`.

Actually, `Set.image_univ` gives `range`, then `Set.range_eq_univ.mpr (fun x => ⟨c⁻¹ • x, smul_inv_smul₀ hc x⟩)`. Hmm, `Set.range_eq_univ : range f = univ ↔ Surjective f`. Fine.

Actually, maybe simpler: `measurableSet_image` for `chart n '' univ`: since `chart n` is a measurable function and... no, images of measurable sets needn't be measurable. But here: image of univ under id is univ; under `c•·` is univ. Let me prove:
```
    · -- h : n ≠ 0 case
      have : dilationChart c n = fun x => c • x := by simp [dilationChart, h]
      rw [this, Set.image_univ]
      exact MeasurableSet.univ  -- after showing range = univ?
```
Hmm, `Set.image_univ : f '' univ = range f`. The goal is `MeasurableSet ((fun x => c • x) '' univ)`. `rw [Set.image_univ]` → `MeasurableSet (range (fun x => c•x))`. Then `rw [Set.range_eq_univ.mpr ?_]` → `MeasurableSet univ`. Or simply: `convert MeasurableSet.univ using 1; exact (Set.range_eq_univ.mpr ...)`. Let me write:
```
      rw [Set.image_univ, Set.range_eq_univ.mpr (fun y => ⟨c⁻¹ • y, smul_inv_smul₀ hc y⟩)]
```
Wait: need `c • (c⁻¹ • y) = y`; `smul_inv_smul₀ hc` — which direction? In mathlib, `smul_inv_smul₀ (h : c ≠ 0) (x : M) : c • (c⁻¹ • x) = x`? or `inv_smul_smul₀ : c⁻¹ • (c • x) = x`? From the grep usage `rw [smul_inv_smul₀]` in `Probability/Kernel/Condexp.lean:312` — inconclusive. Let me check the statement directly.

Then `transition_mem`: `transition i j y ∈ source i = univ` → `trivial`/`mem_univ _`. Since `source _ := univ`, `transition_mem := fun i j y hy => mem_univ _` — but wait, the structure's `source` field in the *definition* is `fun _ => univ`; the goal `dilationTransition c i j y ∈ univ` closes by `trivial`/`mem_univ`. But will Lean unfold `source`? In the `where` syntax, the field `transition_mem` needs to prove `dilationTransition c i j y ∈ (fun _ => univ) i` — reducible to `∈ univ`. `exact mem_univ _` should work after whnf.

`transition_chart`: as discussed with case splits.

`transition_diff`: as discussed.

`metric_transform`: 
```
  metric_transform := by
    intro i j y hy
    rw [jacobianOf_eq_jacobianMatrix]
    by_cases hi : i = 0 <;> by_cases hj : j = 0
    · -- i = 0, j = 0: chart j = id, transition = id, metric j = G
      simp [dilationMetric?, dilationTransition, dilationChart, hi, hj, ChartMetric.pullbackMatrix]
    ...
```
Hmm, `metric n := if n = 0 then G else G.dilate c hc`. I need to define the metric field with that if. Let me define a helper:
```
def dilationMetric (c : ℝ) (hc : c ≠ 0) (G : ChartMetric d) (n : ℕ) : ChartMetric d :=
  if n = 0 then G else G.dilate c hc
```
Then `metric := dilationMetric c hc G`.

The cases:
- (0,0): `(dilationMetric c hc G 0).matrix y = (jacobianMatrix id y)ᵀ * (dilationMetric ... 0).matrix (id y) * jacobianMatrix id y`. After simp: `G.matrix y = 1ᵀ * G.matrix y * 1`. `simp [Matrix.transpose_one, Matrix.one_mul, Matrix.mul_one]`.
- (0,1): `(dilationMetric ... 1).matrix y = (jacobianMatrix (c•·) y)ᵀ * (dilationMetric ... 0).matrix (c•y) * jacobianMatrix (c•·) y`. After simp: `(G.dilate c hc).matrix y = (jacobianMatrix (c•·) y)ᵀ * G.matrix (c•y) * jacobianMatrix (c•·) y`. `(G.dilate c hc).matrix y = G.pullbackMatrix (c•·) y` by definition; then `rw [ChartMetric.pullbackMatrix]` closes by rfl. But the transition for (0,1) is `c • y`? Let me check: `dilationTransition c 0 1 y = if 0=0 then (if 1=0 then y else c•y) else ...` = `c•y` ✓. And `chart 1 = c•·` ✓.
- (1,0): transition = `c⁻¹ • y`. Goal: `G.matrix y = (jacobianMatrix (c⁻¹•·) y)ᵀ * (G.dilate c hc).matrix (c⁻¹ • y) * jacobianMatrix (c⁻¹•·) y`. Now `(G.dilate c hc).matrix (c⁻¹•y) = G.pullbackMatrix (c•·) (c⁻¹•y) = (jacobianMatrix (c•·) (c⁻¹•y))ᵀ * G.matrix (c • (c⁻¹ • y)) * jacobianMatrix (c•·) (c⁻¹•y)` = `(c•1)ᵀ * G.matrix y * (c•1)` (using `smul_inv_smul₀`/`inv_smul_smul₀`). And the outer: `(c⁻¹•1)ᵀ * ((c•1)ᵀ * G.matrix y * (c•1)) * (c⁻¹•1)` = ... = `(c⁻¹ * c) * G.matrix y * (c * c⁻¹)` = `G.matrix y`. Rather than doing this with matrix algebra, I can shortcut: both `jacobianMatrix (c⁻¹•·) y = c⁻¹ • 1` and `jacobianMatrix (c•·) (c⁻¹•y) = c • 1`, then the whole expression is `(c⁻¹•1)ᵀ * ((c•1)ᵀ * G.matrix y * (c•1)) * (c⁻¹•1)`. Using the same chain lemmas repeatedly plus scalar arithmetic. Slightly tedious but doable with a helper lemma:

```
lemma conj_smul_one (a b : ℝ) (M : Matrix (Fin d) (Fin d) ℝ) :
    (a • 1)ᵀ * ((b • 1)ᵀ * M * (b • 1)) * (a • 1) = (a * b * (b * a)) • M := ...
```
Hmm. Let me instead prove a general lemma:
```
lemma smul_one_conj (a b : ℝ) (M : Matrix (Fin d) (Fin d) ℝ) :
    (a • 1)ᵀ * ((b • 1)ᵀ * M * (b • 1)) * (a • 1) = (a * b * b * a) • M := by
  rw [Matrix.transpose_smul, Matrix.transpose_smul, Matrix.transpose_one, Matrix.transpose_one]
  -- (a•1) * ((b•1) * M * (b•1)) * (a•1)
  simp only [Matrix.smul_mul, Matrix.one_mul, Matrix.mul_smul, Matrix.mul_one, smul_smul]
  ring_nf
```
Hmm, `simp only [Matrix.smul_mul, ...]` on the expression should normalize to `(a * (b * (b * a))) • M`, then `ring_nf` inside `smul`? `ring_nf` can normalize scalar expressions; but the `•` blocks it. Let me do `congr 1; ring`.

Actually, since `smul_smul` combines, the result may be `(a * (b * (b * a))) • M` and I need `(a*b*b*a) • M`. `congr 1; ring` should work.

Hmm, but `simp only [Matrix.smul_mul, Matrix.one_mul, Matrix.mul_smul, Matrix.mul_one]` might loop or not apply in the right order. Let me think again about the expression `(a • 1) * ((b • 1) * M * (b • 1)) * (a • 1)`. Associativity: `((a•1) * ((b•1)*M*(b•1))) * (a•1)`. Applying `Matrix.smul_mul` to `(a•1) * X`: → `a • (1 * X)`; `one_mul` → `a • X`. Then inside X = `((b•1)*M)*(b•1)`: `smul_mul` → `b • (1*M)` then `one_mul` → `b • M`; then `X = (b•M) * (b•1)`, `mul_smul` → `b • ((b•M)*1)`, `mul_one` → `b • (b • M)`, `smul_smul` → `(b*b) • M`. Then outer: `a • ((b*b)•M)` = `(a*(b*b))•M`, then `* (a•1)`: `mul_smul` → `a • (((a*(b*b))•M) * 1)`; wait the expression is `(a • X) * (a•1)` where `a • X = (a*(b*b)) • M`. Then `Matrix.mul_smul`: `((a*(b*b))•M) * (a•1) = a • (((a*(b*b))•M) * 1)` = `a • ((a*(b*b))•M)` = `(a*(a*(b*b)))•M`.

So the normalized scalar is `a*(a*(b*b))`, and for `a = c⁻¹`, `b = c`: `c⁻¹ * (c⁻¹ * (c*c)) = 1`. ✓ (`field_simp; ring` with hc).

`simp only [Matrix.smul_mul, Matrix.one_mul, Matrix.mul_smul, Matrix.mul_one, smul_smul]` — `one_mul`/`mul_one` are `protected` but in the `Matrix` namespace so `Matrix.one_mul` works as a simp lemma name. The simp set: it should reduce to `(a*(a*(b*b))) • M`. Then `congr 1; ring` or show the scalar equals 1.

Hmm, but `simp only` with these lemmas might not terminate or might not fire in the needed order. Let me instead prove a cleaner general lemma about conjugating by scalar matrices:

```
lemma smul_one_conj (a b : ℝ) (M : Matrix (Fin d) (Fin d) ℝ) :
    (a • 1)ᵀ * ((b • 1)ᵀ * M * (b • 1)) * (a • 1) = (a * b * (b * a)) • M := by
  rw [Matrix.transpose_smul, Matrix.transpose_one, Matrix.transpose_smul, Matrix.transpose_one]
  rw [Matrix.smul_mul, Matrix.smul_mul, Matrix.one_mul, Matrix.one_mul]
  rw [Matrix.mul_smul, Matrix.mul_smul, Matrix.mul_one, Matrix.mul_one]
  rw [smul_smul, smul_smul]
  congr 1
  ring
```
Hmm, the associativity of the expression matters for which lemmas fire where. Risky. Alternative: prove it by `ext i j; simp [Matrix.mul_apply, Matrix.transpose_apply, Matrix.one_apply, Matrix.smul_apply]; ring`? The sums over `Fin d` of terms with `if` conditions: `simp` with `Matrix.one_apply` and `Finset.sum_ite_eq'` can collapse. Actually, mathlib has `Matrix.smul_one_eq_diagonal`? Hmm.

Alternative approach for case (1,0): use `pullbackMatrix` twice and known composition lemmas? Since `(G.dilate c hc).matrix (c⁻¹•y) = G.pullbackMatrix (c•·) (c⁻¹•y)`, and D12's `pullbackMatrix` is `Jᵀ G(ψx) J`. We could show `G.pullbackMatrix (c•·) (c⁻¹•y) = (c*c) • G.matrix y` directly:
```
lemma pullbackMatrix_const_smul_inv (G) (c) (hc) (y) :
    G.pullbackMatrix (fun z => c • z) (c⁻¹ • y) = (c*c) • G.matrix y := by
  rw [pullbackMatrix_const_smul, smul_inv_smul₀ hc]  -- or inv_smul_smul₀
```
(`pullbackMatrix_const_smul : G.pullbackMatrix (c•·) x = (c*c) • G.matrix (c•x)`; with `x = c⁻¹•y`: `G.matrix (c • (c⁻¹ • y)) = G.matrix y` via `smul_inv_smul₀ hc`.) Wait, `smul_inv_smul₀ hc y : c • (c⁻¹ • y) = y`? Need to confirm which of `smul_inv_smul₀`/`inv_smul_smul₀` is which. Let me check the actual statement in the release mathlib.

Then the (1,0) case goal is:
`G.matrix y = (c⁻¹•1)ᵀ * ((c*c) • G.matrix y) * (c⁻¹•1)`.
Using the "conj" lemma with `a = c⁻¹`, `M = (c*c) • G.matrix y`... hmm, my `smul_one_conj` assumed the inner structure `(b•1)ᵀ * M * (b•1)`. Here the inner is just a scalar multiple of G.matrix y, not a conjugation. Let me define two lemmas:

```
lemma smul_one_conj_smul (a : ℝ) (M : Matrix ...) (s : ℝ) :
    (a • 1)ᵀ * (s • M) * (a • 1) = (a * s * a) • M
```
and for the (0,1) case use `pullbackMatrix` definition directly (no lemma needed).

Let me prove `smul_one_conj_smul` by the same matrix-algebra chain:
`(a•1)ᵀ * (s•M) * (a•1) = (a•1) * (s•M) * (a•1)` [transpose]
= `a • (1 * (s•M)) * (a•1)` [smul_mul] = `a • (s•M) * (a•1)` [one_mul]
= `(a*s) • M * (a•1)` [smul_smul]
= `a • (((a*s)•M) * 1)` [mul_smul] = `a • ((a*s)•M)` [mul_one] = `(a*(a*s))•M` [smul_smul].
So result `(a * (a * s)) • M`. For a = c⁻¹, s = c*c: `c⁻¹ * (c⁻¹ * (c*c)) = 1` ✓.

I'll state it as `= (a * a * s) • M`? `a*(a*s) = a*a*s` by assoc. Let me state `(a * a * s) • M` and prove with `rw [...]; congr 1; ring`.

OK. And for the `metric_transform` cases (0,0) and (1,1): transition = id, `jacobianMatrix id y = 1`, so `1ᵀ * M * 1 = M`. Helper: `one_conj M : (1:Matrix)ᵀ * M * 1 = M` by `simp [Matrix.transpose_one, Matrix.one_mul, Matrix.mul_one]`.

Let me now also handle the `dilationMetric` case analysis in metric_transform: after `by_cases hi : i = 0 <;> by_cases hj : j = 0`, `simp only [dilationMetric, hi, hj, ↓reduceIte]` should reduce the metric fields to either `G` or `G.dilate c hc`. But `dilationMetric` is a `def` with an `if`; `simp [dilationMetric, hi, hj]` should unfold it.

Also `dilationTransition` and `dilationChart` need unfolding with the case hypotheses.

Let me write the file now, and iterate on errors. Given the fast compile (~6 s), iteration is cheap.

Actually, hold on: is it worth the complexity? Yes — the time is available (3h+), and the model is the strongest evidence of non-vacuity.

Let me also add to the model file a non-vacuity corollary:
```
/-- **Non-vacuity / concrete overlapping chart independence**: for the two-chart dilation
atlas, the identity chart and the dilation chart assign the same mass to the whole space,
i.e. `∫⁻ √(det G) = ∫⁻ √(det (c² G(c·)))`. This is the change-of-variables identity for the
dilation, obtained from the general chart-independence theorem (not by direct computation). -/
theorem dilationAtlas_chartMeasure_univ_eq ... :
    (dilationAtlas c hc G).chartMeasure volume 0 univ = (dilationAtlas c hc G).chartMeasure volume 1 univ :=
  (dilationAtlas c hc G).chartMeasure_apply_eq volume 0 1 MeasurableSet.univ
    (fun _ _ => by simp [dilationAtlas]) (fun _ _ => by simp [dilationAtlas])
```
Hmm, `volume` needs `[IsAddHaarMeasure volume]` for `(Vec d)`. Does the instance exist? D12 used `MeasureTheory.volume` with the Jacobian CoV theorem, so yes (probably `[FiniteDimensional ℝ E]` gives it). For `Vec d = Fin d → ℝ`, `FiniteDimensional` holds. But I need to double check there's an `IsAddHaarMeasure volume` instance for `Vec d` at this pin. D12's `pullback_measure_naturality` calls `integral_image_eq_integral_abs_det_fderiv_smul ... (μ := MeasureTheory.volume)` which requires `[IsAddHaarMeasure volume]`. So yes.

And:
```
theorem dilationAtlas_globalMeasure_eq (…) :
    (dilationAtlas c hc G).globalMeasure volume = (dilationAtlas c hc G).chartMeasure volume 0 :=
  (dilationAtlas c hc G).globalMeasure_eq_chartMeasure_of_cover volume 0 (by simp [dilationAtlas, dilationChart])
```

Nice.

Let me now check `smul_inv_smul₀`'s statement and `Set.range_eq_univ`, `Pi.single_eq_same` names, then write.
dsh: reasoning:
- `inv_smul_smul₀ (ha : a ≠ 0) (x) : a⁻¹ • (a • x) = x` (simp)
- `smul_inv_smul₀ (ha : a ≠ 0) (x) : a • (a⁻¹ • x) = x`

Now let me write the model file.
dsh: reasoning:
Wait — I defined `ChartMetric.dilate` inside `namespace OverlapAtlas`, which puts it at `Poincare.D13.ManifoldIBP.OverlapAtlas.ChartMetric.dilate`. That's a weird namespace nesting but works. However, `ChartMetric.dilate` as a def name inside namespace OverlapAtlas — the `namespace ChartMetric` nested inside would be needed to make it `ChartMetric.dilate`. I wrote `def ChartMetric.dilate (G : ChartMetric d) ...` inside `namespace OverlapAtlas`, so the full name is `Poincare.D13.ManifoldIBP.OverlapAtlas.ChartMetric.dilate`. Field notation `G.dilate c hc` should still work (field notation searches for `ChartMetric.dilate` in any namespace? Actually field notation resolves `G.dilate` by looking for a declaration named `dilate` with the first explicit arg of type `ChartMetric d`, and it can find `OverlapAtlas.ChartMetric.dilate` since it's in scope? No — field notation requires the declaration to be findable by name `dilate` in the current namespace or via `open`. Hmm, actually Lean's field notation `G.dilate` resolves the name `dilate` using the current *namespace* resolution (like an identifier), then checks the type. Inside `namespace OverlapAtlas`, `dilate` resolves to `OverlapAtlas.ChartMetric.dilate` (since `ChartMetric.dilate` is `OverlapAtlas.ChartMetric.dilate`, and the name `dilate` might not resolve directly — the declaration is registered under the name `OverlapAtlas.ChartMetric.dilate`, and inside `OverlapAtlas` the identifier `dilate` won't find it because the namespace is `ChartMetric` nested).

Actually, `def ChartMetric.dilate` inside `namespace OverlapAtlas` declares the constant `Poincare.D13.ManifoldIBP.OverlapAtlas.ChartMetric.dilate`. And within `namespace OverlapAtlas`, writing `G.dilate` — field notation looks up the name `dilate` in the current namespace `OverlapAtlas` and in the root, and also tries `ChartMetric.dilate`? I believe field notation uses `Lean.Elab.structField` resolution which tries appending the type name as a namespace prefix: it tries `ChartMetric.dilate` — but the *current namespace* prefix interacts.

To avoid trouble, let me move the `ChartMetric.dilate` definition out of `namespace OverlapAtlas` and into the `ChartMetric` namespace directly at `Poincare.D13.ManifoldIBP` level: `namespace ChartMetric ... def dilate ...` — but then `ChartMetric.dilate` would be `Poincare.D13.ManifoldIBP.ChartMetric.dilate`, which is a *different* namespace from `Poincare.D12.VolumeIBP.ChartMetric` — that's fine for field notation since the type is `Poincare.D12.VolumeIBP.ChartMetric d` and Lean's field notation tries the namespace of the *type* (`Poincare.D12.VolumeIBP.ChartMetric.dilate`) plus the current namespace. Hmm, the field notation resolution: for `G.dilate`, Lean tries `dilate` in the current namespace, then `ChartMetric.dilate`? I recall it tries `TypeName.fieldName` using the *head* of the type's name (i.e., `ChartMetric.dilate`), and it searches in all open namespaces plus root. Since my def is `Poincare.D13.ManifoldIBP.ChartMetric.dilate`, and I'm inside `Poincare.D13.ManifoldIBP` (so `ChartMetric.dilate` resolves), it should work.

Simplest robust approach: name the function `dilateMetric` (not in the ChartMetric namespace) at the top level of `Poincare.D13.ManifoldIBP.OverlapAtlas` and call it explicitly `dilateMetric G c hc`. But field notation is nicer... Let me just define it inside `namespace Poincare.D13.ManifoldIBP.OverlapAtlas` as `def ChartMetric.dilate` and use it explicitly as `ChartMetric.dilate G c hc` in the code to be safe. Wait, but inside `namespace OverlapAtlas`, the name `ChartMetric.dilate` would resolve to `OverlapAtlas.ChartMetric.dilate` if that's the current namespace path... Identifier resolution for `ChartMetric.dilate` inside `OverlapAtlas` tries `OverlapAtlas.ChartMetric.dilate` first — which is exactly where I defined it. ✓ So explicit `ChartMetric.dilate G c hc` works, and field notation `G.dilate c hc` probably also works (Lean tries the type's namespace `Poincare.D12.VolumeIBP.ChartMetric` first... might fail, then falls back).

Hmm, the type `ChartMetric d` — which `ChartMetric`? In my file, `open Poincare.D12.VolumeIBP`, so `ChartMetric` = `Poincare.D12.VolumeIBP.ChartMetric`. The `dilate` def's first arg is `G : ChartMetric d`; its full name is `...OverlapAtlas.ChartMetric.dilate` — note the *namespace* `ChartMetric` inside `OverlapAtlas` is unrelated to D12's. Field notation tries: current namespace + `dilate`, then namespaces of the type's head constant + `dilate` = `Poincare.D12.VolumeIBP.ChartMetric.dilate` (doesn't exist), and also... I'm not 100% sure it tries `OverlapAtlas.ChartMetric.dilate`. It does try the current namespace's `ChartMetric.dilate`? Since I use `G.dilate` inside `namespace OverlapAtlas`, the current namespace is `...OverlapAtlas`, so `dilate` resolves to `...OverlapAtlas.dilate` (doesn't exist) — hmm, but Lean's field notation also tries "the namespace of the type": for `G : ChartMetric d`, the head is `ChartMetric`, so it tries `ChartMetric.dilate` relative to the current namespace: `...OverlapAtlas.ChartMetric.dilate` ✓ (I believe this is how it works: it uses `Lean.Elab.resolveStructField` which tries `TypeName.field` in the current namespace and open scopes).

The safest is to write the definitions/uses explicitly. Let me just try compiling and fix errors. But there's another problem: I wrote `def ChartMetric.dilate (G : ChartMetric d) (c : ℝ) (hc : c ≠ 0) : ChartMetric d` — inside `namespace OverlapAtlas`, so the name is `OverlapAtlas.ChartMetric.dilate`. Then `dilate_matrix` uses `(G.dilate c hc).matrix x` — field notation. Then in `dilationMetric` I wrote `G.dilate c hc` — inside `OverlapAtlas` ✓.

Also, `dilationMetric` is defined as `if n = 0 then G else G.dilate c hc` — since `dilationMetric` is a def in `OverlapAtlas`, fine.

There's a subtlety with the `transition_mem _ _ _ _ := mem_univ _` — the expected type is `∀ i j y, y ∈ overlapOf (dilationChart c) (fun _ => univ) i j → dilationTransition c i j y ∈ (fun _ => univ) i`. `mem_univ _` should work.

Another issue: in `metric_transform`, the goal after `rw [dilationMetric, dilationMetric, ...]` will have `if i = 0 then G else G.dilate c hc` etc. My `rw` rewrites both `metric i` and `metric j` occurrences. But `rw [dilationMetric]` rewrites occurrences of `dilationMetric c hc G` — fine.

Careful: in field `metric_transform`, the structure field name is `metric`, and I set `metric := dilationMetric c hc G`. In the generated goal for `metric_transform`, the occurring term is `dilationMetric c hc G i`, which `rw [dilationMetric]` unfolds (dilationMetric is a def; `rw` with a def name works if it's an equation lemma — `dilationMetric` is a function, `rw [dilationMetric]` might not work since it's not an iff/eq lemma. Use `simp only [dilationMetric]` (delta) or `unfold dilationMetric` or `simp [dilationMetric]`.

Actually for definitions, `rw [dilationMetric]` works in Lean 4 (definitions are unfoldable by `rw`? I think `rw` can unfold definitions using their equation lemmas if they are reducible/have `@[simp]`? `rw [foo]` where foo is a def: Lean's `rw` uses `foo` as a theorem; for a def, `foo` elaborates to the constant and `rw` can use `Eq` lemmas only. Actually `rw [dilationMetric]` might fail with "not an equation". Safer: `simp only [dilationMetric, ...]` which unfolds definitions via delta reduction, or `unfold dilationMetric`.

Let me restructure the `metric_transform` proof:
```
  metric_transform i j y _ := by
    rw [dilationTransition, dilationChart, dilationChart, dilationMetric, dilationMetric,
      jacobianOf_eq_jacobianMatrix, jacobianOf_eq_jacobianMatrix]
```
Hmm. `rw [dilationChart]` also unfolds the chart (a def), which appears inside `dilationTransition`? No — the goal's LHS is `(metric j).matrix y` and RHS has `(metric i).matrix (transition i j y)` and `jacobianOf (transition i j) ...`. `transition i j` = `dilationTransition c i j` (already the definition). After unfolding `dilationMetric` and `dilationTransition` and `jacobianOf_eq_jacobianMatrix`, the goal is about `jacobianMatrix (dilationTransition c i j) y` etc. Then case splits + `simp only [hi, hj, ↓reduceIte]` + `rw [jacobianMatrix_const_smul]`.

Wait, `jacobianMatrix_const_smul`'s LHS is `ChartMetric.jacobianMatrix (fun z => c • z) x`. After case splitting, `dilationTransition c 0 1` should reduce to `fun z => c • z` — but will `simp only [hi, hj, ↓reduceIte]` produce exactly `(fun z => c • z)` or `fun y => c • y`? The transition is `if i=0 then (if j=0 then y else c • y) else ...`; with i=0, j=1 it reduces to `c • y`. But `dilationTransition c 0 1` as a *function* is `fun y => dilationTransition c 0 1 y` = `fun y => c • y` after beta/ite reduction. `rw [jacobianMatrix_const_smul]` needs to match `ChartMetric.jacobianMatrix (fun z => c • z) x` — definiti